# Blender 4.5.7 LTS
# www.blender.org
mtllib Guitar Chair 2.mtl
o Chair_detail
v -0.105873 0.619767 -0.105873
v -0.104445 0.622788 -0.104445
v -0.102308 0.624808 -0.102309
v -0.099788 0.625517 -0.099788
v -0.097268 0.624808 -0.097268
v -0.095131 0.622788 -0.095131
v -0.093703 0.619767 -0.093704
v -0.093202 0.616202 -0.093202
v -0.093703 0.612638 -0.093704
v -0.095131 0.609616 -0.095131
v -0.097268 0.607597 -0.097268
v -0.099788 0.606888 -0.099788
v -0.102308 0.607597 -0.102309
v -0.104445 0.609616 -0.104445
v -0.105873 0.612638 -0.105873
v -0.106374 0.616202 -0.106374
v -0.083184 0.619767 -0.124493
v -0.082062 0.622788 -0.122815
v -0.080383 0.624808 -0.120302
v -0.078403 0.625517 -0.117338
v -0.076423 0.624808 -0.114375
v -0.074744 0.622788 -0.111862
v -0.073622 0.619767 -0.110184
v -0.073228 0.616202 -0.109594
v -0.073622 0.612638 -0.110184
v -0.074744 0.609616 -0.111862
v -0.076423 0.607597 -0.114375
v -0.078403 0.606888 -0.117338
v -0.080383 0.607597 -0.120302
v -0.082062 0.609616 -0.122815
v -0.083184 0.612638 -0.124493
v -0.083578 0.616202 -0.125083
v -0.057298 0.619767 -0.138330
v -0.056525 0.622788 -0.136464
v -0.055369 0.624808 -0.133673
v -0.054005 0.625517 -0.130380
v -0.052641 0.624808 -0.127087
v -0.051485 0.622788 -0.124295
v -0.050712 0.619767 -0.122430
v -0.050441 0.616202 -0.121774
v -0.050712 0.612638 -0.122430
v -0.051485 0.609616 -0.124295
v -0.052641 0.607597 -0.127087
v -0.054005 0.606888 -0.130380
v -0.055369 0.607597 -0.133673
v -0.056525 0.609616 -0.136464
v -0.057298 0.612638 -0.138330
v -0.057569 0.616202 -0.138985
v -0.029210 0.619767 -0.146850
v -0.028816 0.622788 -0.144870
v -0.028227 0.624808 -0.141906
v -0.027531 0.625517 -0.138410
v -0.026836 0.624808 -0.134914
v -0.026247 0.622788 -0.131951
v -0.025853 0.619767 -0.129970
v -0.025714 0.616202 -0.129275
v -0.025853 0.612638 -0.129970
v -0.026247 0.609616 -0.131951
v -0.026836 0.607597 -0.134914
v -0.027531 0.606888 -0.138410
v -0.028227 0.607597 -0.141906
v -0.028816 0.609616 -0.144870
v -0.029210 0.612638 -0.146850
v -0.029349 0.616202 -0.147545
v 0.000000 0.619767 -0.149727
v 0.000000 0.622788 -0.147708
v 0.000000 0.624808 -0.144686
v 0.000000 0.625517 -0.141122
v 0.000000 0.624808 -0.137557
v 0.000000 0.622788 -0.134536
v 0.000000 0.619767 -0.132517
v 0.000000 0.616202 -0.131808
v 0.000000 0.612638 -0.132517
v 0.000000 0.609616 -0.134536
v 0.000000 0.607597 -0.137557
v 0.000000 0.606888 -0.141122
v 0.000000 0.607597 -0.144686
v 0.000000 0.609616 -0.147708
v 0.000000 0.612638 -0.149727
v 0.000000 0.616202 -0.150436
v 0.029210 0.619767 -0.146850
v 0.028816 0.622788 -0.144870
v 0.028227 0.624808 -0.141906
v 0.027531 0.625517 -0.138410
v 0.026836 0.624808 -0.134914
v 0.026247 0.622788 -0.131951
v 0.025853 0.619767 -0.129970
v 0.025714 0.616202 -0.129275
v 0.025853 0.612638 -0.129970
v 0.026247 0.609616 -0.131951
v 0.026836 0.607597 -0.134914
v 0.027531 0.606888 -0.138410
v 0.028227 0.607597 -0.141906
v 0.028816 0.609616 -0.144870
v 0.029210 0.612638 -0.146850
v 0.029349 0.616202 -0.147545
v 0.057298 0.619767 -0.138330
v 0.056525 0.622788 -0.136464
v 0.055369 0.624808 -0.133673
v 0.054005 0.625517 -0.130380
v 0.052641 0.624808 -0.127087
v 0.051485 0.622788 -0.124295
v 0.050712 0.619767 -0.122430
v 0.050441 0.616202 -0.121774
v 0.050712 0.612638 -0.122429
v 0.051485 0.609616 -0.124295
v 0.052641 0.607597 -0.127087
v 0.054005 0.606888 -0.130380
v 0.055369 0.607597 -0.133673
v 0.056525 0.609616 -0.136464
v 0.057298 0.612638 -0.138330
v 0.057569 0.616202 -0.138985
v 0.083184 0.619767 -0.124493
v 0.082062 0.622788 -0.122815
v 0.080383 0.624808 -0.120302
v 0.078403 0.625517 -0.117338
v 0.076423 0.624808 -0.114375
v 0.074744 0.622788 -0.111862
v 0.073622 0.619767 -0.110184
v 0.073228 0.616202 -0.109594
v 0.073622 0.612638 -0.110184
v 0.074744 0.609616 -0.111862
v 0.076423 0.607597 -0.114375
v 0.078403 0.606888 -0.117338
v 0.080383 0.607597 -0.120302
v 0.082062 0.609616 -0.122815
v 0.083184 0.612638 -0.124493
v 0.083578 0.616202 -0.125083
v 0.105873 0.619767 -0.105873
v 0.104445 0.622788 -0.104445
v 0.102308 0.624808 -0.102309
v 0.099788 0.625517 -0.099788
v 0.097268 0.624808 -0.097268
v 0.095131 0.622788 -0.095131
v 0.093703 0.619767 -0.093704
v 0.093202 0.616202 -0.093202
v 0.093703 0.612638 -0.093703
v 0.095131 0.609616 -0.095131
v 0.097268 0.607597 -0.097268
v 0.099788 0.606888 -0.099788
v 0.102308 0.607597 -0.102309
v 0.104445 0.609616 -0.104445
v 0.105873 0.612638 -0.105873
v 0.106374 0.616202 -0.106374
v 0.124493 0.619767 -0.083184
v 0.122814 0.622788 -0.082062
v 0.120302 0.624808 -0.080383
v 0.117338 0.625517 -0.078403
v 0.114375 0.624808 -0.076423
v 0.111862 0.622788 -0.074744
v 0.110184 0.619767 -0.073622
v 0.109594 0.616202 -0.073228
v 0.110184 0.612638 -0.073622
v 0.111862 0.609616 -0.074744
v 0.114375 0.607597 -0.076423
v 0.117338 0.606888 -0.078403
v 0.120302 0.607597 -0.080383
v 0.122814 0.609616 -0.082062
v 0.124493 0.612638 -0.083184
v 0.125083 0.616202 -0.083578
v 0.138329 0.619767 -0.057298
v 0.136464 0.622788 -0.056525
v 0.133672 0.624808 -0.055369
v 0.130379 0.625517 -0.054005
v 0.127086 0.624808 -0.052641
v 0.124295 0.622788 -0.051485
v 0.122429 0.619767 -0.050712
v 0.121774 0.616202 -0.050441
v 0.122429 0.612638 -0.050712
v 0.124295 0.609616 -0.051485
v 0.127086 0.607597 -0.052641
v 0.130379 0.606888 -0.054005
v 0.133672 0.607597 -0.055369
v 0.136464 0.609616 -0.056525
v 0.138329 0.612638 -0.057298
v 0.138984 0.616202 -0.057569
v 0.146850 0.619767 -0.029210
v 0.144870 0.622788 -0.028816
v 0.141906 0.624808 -0.028227
v 0.138410 0.625517 -0.027532
v 0.134914 0.624808 -0.026836
v 0.131951 0.622788 -0.026247
v 0.129970 0.619767 -0.025853
v 0.129275 0.616202 -0.025714
v 0.129970 0.612638 -0.025853
v 0.131951 0.609616 -0.026247
v 0.134914 0.607597 -0.026836
v 0.138410 0.606888 -0.027532
v 0.141906 0.607597 -0.028227
v 0.144870 0.609616 -0.028816
v 0.146850 0.612638 -0.029210
v 0.147545 0.616202 -0.029349
v 0.149727 0.619767 -0.000000
v 0.147708 0.622788 -0.000000
v 0.144686 0.624808 -0.000000
v 0.141122 0.625517 -0.000000
v 0.137557 0.624808 -0.000000
v 0.134536 0.622788 -0.000000
v 0.132517 0.619767 -0.000000
v 0.131808 0.616202 -0.000000
v 0.132517 0.612638 -0.000000
v 0.134536 0.609616 -0.000000
v 0.137557 0.607597 -0.000000
v 0.141122 0.606888 -0.000000
v 0.144686 0.607597 -0.000000
v 0.147708 0.609616 -0.000000
v 0.149727 0.612638 -0.000000
v 0.150436 0.616202 -0.000000
v 0.146850 0.619767 0.029210
v 0.144870 0.622788 0.028816
v 0.141906 0.624808 0.028227
v 0.138410 0.625517 0.027531
v 0.134914 0.624808 0.026836
v 0.131951 0.622788 0.026247
v 0.129970 0.619767 0.025853
v 0.129275 0.616202 0.025714
v 0.129970 0.612638 0.025853
v 0.131951 0.609616 0.026247
v 0.134914 0.607597 0.026836
v 0.138410 0.606888 0.027531
v 0.141906 0.607597 0.028227
v 0.144870 0.609616 0.028816
v 0.146850 0.612638 0.029210
v 0.147545 0.616202 0.029348
v 0.138329 0.619767 0.057298
v 0.136464 0.622788 0.056525
v 0.133672 0.624808 0.055369
v 0.130379 0.625517 0.054005
v 0.127086 0.624808 0.052641
v 0.124295 0.622788 0.051484
v 0.122429 0.619767 0.050712
v 0.121774 0.616202 0.050440
v 0.122429 0.612638 0.050712
v 0.124295 0.609616 0.051484
v 0.127086 0.607597 0.052641
v 0.130379 0.606888 0.054005
v 0.133672 0.607597 0.055369
v 0.136464 0.609616 0.056525
v 0.138329 0.612638 0.057298
v 0.138984 0.616202 0.057569
v 0.124493 0.619767 0.083184
v 0.122814 0.622788 0.082062
v 0.120302 0.624808 0.080383
v 0.117338 0.625517 0.078403
v 0.114375 0.624808 0.076423
v 0.111862 0.622788 0.074744
v 0.110184 0.619767 0.073622
v 0.109594 0.616202 0.073228
v 0.110184 0.612638 0.073622
v 0.111862 0.609616 0.074744
v 0.114375 0.607597 0.076423
v 0.117338 0.606888 0.078403
v 0.120302 0.607597 0.080383
v 0.122814 0.609616 0.082062
v 0.124493 0.612638 0.083184
v 0.125083 0.616202 0.083578
v 0.105873 0.619767 0.105873
v 0.104445 0.622788 0.104445
v 0.102308 0.624808 0.102308
v 0.099788 0.625517 0.099788
v 0.097268 0.624808 0.097268
v 0.095131 0.622788 0.095131
v 0.093703 0.619767 0.093703
v 0.093202 0.616202 0.093202
v 0.093703 0.612638 0.093703
v 0.095131 0.609616 0.095131
v 0.097268 0.607597 0.097268
v 0.099788 0.606888 0.099788
v 0.102308 0.607597 0.102308
v 0.104445 0.609616 0.104445
v 0.105873 0.612638 0.105873
v 0.106374 0.616202 0.106374
v 0.083184 0.619767 0.124493
v 0.082062 0.622788 0.122814
v 0.080383 0.624808 0.120302
v 0.078403 0.625517 0.117338
v 0.076423 0.624808 0.114375
v 0.074744 0.622788 0.111862
v 0.073622 0.619767 0.110183
v 0.073228 0.616202 0.109594
v 0.073622 0.612638 0.110183
v 0.074744 0.609616 0.111862
v 0.076423 0.607597 0.114375
v 0.078403 0.606888 0.117338
v 0.080383 0.607597 0.120302
v 0.082062 0.609616 0.122814
v 0.083184 0.612638 0.124493
v 0.083578 0.616202 0.125083
v 0.057298 0.619767 0.138329
v 0.056525 0.622788 0.136464
v 0.055369 0.624808 0.133672
v 0.054005 0.625517 0.130379
v 0.052641 0.624808 0.127086
v 0.051485 0.622788 0.124295
v 0.050712 0.619767 0.122429
v 0.050441 0.616202 0.121774
v 0.050712 0.612638 0.122429
v 0.051485 0.609616 0.124295
v 0.052641 0.607597 0.127086
v 0.054005 0.606888 0.130379
v 0.055369 0.607597 0.133672
v 0.056525 0.609616 0.136464
v 0.057298 0.612638 0.138329
v 0.057569 0.616202 0.138984
v 0.029210 0.619767 0.146850
v 0.028816 0.622788 0.144869
v 0.028227 0.624808 0.141906
v 0.027531 0.625517 0.138410
v 0.026836 0.624808 0.134914
v 0.026247 0.622788 0.131950
v 0.025853 0.619767 0.129970
v 0.025714 0.616202 0.129275
v 0.025853 0.612638 0.129970
v 0.026247 0.609616 0.131950
v 0.026836 0.607597 0.134914
v 0.027531 0.606888 0.138410
v 0.028227 0.607597 0.141906
v 0.028816 0.609616 0.144869
v 0.029210 0.612638 0.146850
v 0.029349 0.616202 0.147545
v -0.000000 0.619767 0.149727
v -0.000000 0.622788 0.147708
v -0.000000 0.624808 0.144686
v -0.000000 0.625517 0.141122
v 0.000000 0.624808 0.137557
v -0.000000 0.622788 0.134536
v -0.000000 0.619767 0.132517
v -0.000000 0.616202 0.131808
v -0.000000 0.612638 0.132517
v -0.000000 0.609616 0.134536
v -0.000000 0.607597 0.137557
v -0.000000 0.606888 0.141122
v -0.000000 0.607597 0.144686
v -0.000000 0.609616 0.147708
v -0.000000 0.612638 0.149727
v -0.000000 0.616202 0.150436
v -0.029210 0.619767 0.146850
v -0.028816 0.622788 0.144869
v -0.028227 0.624808 0.141906
v -0.027531 0.625517 0.138410
v -0.026836 0.624808 0.134914
v -0.026247 0.622788 0.131950
v -0.025853 0.619767 0.129970
v -0.025714 0.616202 0.129275
v -0.025853 0.612638 0.129970
v -0.026247 0.609616 0.131950
v -0.026836 0.607597 0.134914
v -0.027531 0.606888 0.138410
v -0.028227 0.607597 0.141906
v -0.028816 0.609616 0.144869
v -0.029210 0.612638 0.146850
v -0.029349 0.616202 0.147545
v -0.057298 0.619767 0.138329
v -0.056525 0.622788 0.136464
v -0.055369 0.624808 0.133672
v -0.054005 0.625517 0.130379
v -0.052641 0.624808 0.127086
v -0.051485 0.622788 0.124295
v -0.050712 0.619767 0.122429
v -0.050441 0.616202 0.121774
v -0.050712 0.612638 0.122429
v -0.051485 0.609616 0.124295
v -0.052641 0.607597 0.127086
v -0.054005 0.606888 0.130379
v -0.055369 0.607597 0.133672
v -0.056525 0.609616 0.136464
v -0.057298 0.612638 0.138329
v -0.057569 0.616202 0.138984
v -0.083184 0.619767 0.124493
v -0.082062 0.622788 0.122814
v -0.080383 0.624808 0.120302
v -0.078403 0.625517 0.117338
v -0.076423 0.624808 0.114375
v -0.074744 0.622788 0.111862
v -0.073622 0.619767 0.110183
v -0.073228 0.616202 0.109594
v -0.073622 0.612638 0.110183
v -0.074744 0.609616 0.111862
v -0.076423 0.607597 0.114375
v -0.078403 0.606888 0.117338
v -0.080383 0.607597 0.120302
v -0.082062 0.609616 0.122814
v -0.083184 0.612638 0.124493
v -0.083578 0.616202 0.125083
v -0.105873 0.619767 0.105873
v -0.104445 0.622788 0.104445
v -0.102308 0.624808 0.102308
v -0.099788 0.625517 0.099788
v -0.097268 0.624808 0.097268
v -0.095131 0.622788 0.095131
v -0.093703 0.619767 0.093703
v -0.093202 0.616202 0.093202
v -0.093703 0.612638 0.093703
v -0.095131 0.609616 0.095131
v -0.097268 0.607597 0.097268
v -0.099788 0.606888 0.099788
v -0.102308 0.607597 0.102308
v -0.104445 0.609616 0.104445
v -0.105873 0.612638 0.105873
v -0.106374 0.616202 0.106374
v -0.124493 0.619767 0.083184
v -0.122814 0.622788 0.082062
v -0.120302 0.624808 0.080383
v -0.117338 0.625517 0.078403
v -0.114375 0.624808 0.076423
v -0.111862 0.622788 0.074744
v -0.110184 0.619767 0.073622
v -0.109594 0.616202 0.073228
v -0.110184 0.612638 0.073622
v -0.111862 0.609616 0.074744
v -0.114375 0.607597 0.076423
v -0.117338 0.606888 0.078403
v -0.120302 0.607597 0.080383
v -0.122814 0.609616 0.082062
v -0.124493 0.612638 0.083184
v -0.125083 0.616202 0.083577
v -0.138329 0.619767 0.057298
v -0.136464 0.622788 0.056525
v -0.133672 0.624808 0.055369
v -0.130379 0.625517 0.054005
v -0.127086 0.624808 0.052641
v -0.124295 0.622788 0.051484
v -0.122429 0.619767 0.050712
v -0.121774 0.616202 0.050440
v -0.122429 0.612638 0.050712
v -0.124295 0.609616 0.051484
v -0.127086 0.607597 0.052641
v -0.130379 0.606888 0.054005
v -0.133672 0.607597 0.055369
v -0.136464 0.609616 0.056525
v -0.138329 0.612638 0.057298
v -0.138984 0.616202 0.057569
v -0.146850 0.619767 0.029210
v -0.144870 0.622788 0.028816
v -0.141906 0.624808 0.028227
v -0.138410 0.625517 0.027531
v -0.134914 0.624808 0.026836
v -0.131951 0.622788 0.026246
v -0.129970 0.619767 0.025853
v -0.129275 0.616202 0.025714
v -0.129970 0.612638 0.025853
v -0.131951 0.609616 0.026246
v -0.134914 0.607597 0.026836
v -0.138410 0.606888 0.027531
v -0.141906 0.607597 0.028227
v -0.144870 0.609616 0.028816
v -0.146850 0.612638 0.029210
v -0.147545 0.616202 0.029348
v -0.149727 0.619767 -0.000000
v -0.147708 0.622788 -0.000000
v -0.144686 0.624808 -0.000000
v -0.141122 0.625517 -0.000000
v -0.137557 0.624808 -0.000000
v -0.134536 0.622788 -0.000000
v -0.132517 0.619767 -0.000000
v -0.131808 0.616202 -0.000000
v -0.132517 0.612638 -0.000000
v -0.134536 0.609616 -0.000000
v -0.137557 0.607597 -0.000000
v -0.141122 0.606888 -0.000000
v -0.144686 0.607597 -0.000000
v -0.147708 0.609616 -0.000000
v -0.149727 0.612638 -0.000000
v -0.150436 0.616202 -0.000000
v -0.146850 0.619767 -0.029210
v -0.144870 0.622788 -0.028816
v -0.141906 0.624808 -0.028227
v -0.138410 0.625517 -0.027532
v -0.134914 0.624808 -0.026836
v -0.131951 0.622788 -0.026247
v -0.129970 0.619767 -0.025853
v -0.129275 0.616202 -0.025715
v -0.129970 0.612638 -0.025853
v -0.131951 0.609616 -0.026247
v -0.134914 0.607597 -0.026836
v -0.138410 0.606888 -0.027532
v -0.141906 0.607597 -0.028227
v -0.144870 0.609616 -0.028816
v -0.146850 0.612638 -0.029210
v -0.147545 0.616202 -0.029349
v -0.138329 0.619767 -0.057298
v -0.136464 0.622788 -0.056525
v -0.133672 0.624808 -0.055369
v -0.130379 0.625517 -0.054005
v -0.127086 0.624808 -0.052641
v -0.124295 0.622788 -0.051485
v -0.122429 0.619767 -0.050712
v -0.121774 0.616202 -0.050441
v -0.122429 0.612638 -0.050712
v -0.124295 0.609616 -0.051485
v -0.127086 0.607597 -0.052641
v -0.130379 0.606888 -0.054005
v -0.133672 0.607597 -0.055369
v -0.136464 0.609616 -0.056525
v -0.138329 0.612638 -0.057298
v -0.138984 0.616202 -0.057569
v -0.124493 0.619767 -0.083184
v -0.122814 0.622788 -0.082062
v -0.120302 0.624808 -0.080383
v -0.117338 0.625517 -0.078403
v -0.114375 0.624808 -0.076423
v -0.111862 0.622788 -0.074744
v -0.110184 0.619767 -0.073622
v -0.109594 0.616202 -0.073229
v -0.110184 0.612638 -0.073622
v -0.111862 0.609616 -0.074744
v -0.114375 0.607597 -0.076423
v -0.117338 0.606888 -0.078403
v -0.120302 0.607597 -0.080383
v -0.122814 0.609616 -0.082062
v -0.124493 0.612638 -0.083184
v -0.125083 0.616202 -0.083578
v -0.149639 0.277166 -0.149639
v -0.147621 0.281436 -0.147621
v -0.144601 0.284290 -0.144601
v -0.141039 0.285292 -0.141039
v -0.137477 0.284290 -0.137477
v -0.134457 0.281436 -0.134457
v -0.132439 0.277166 -0.132439
v -0.131730 0.272128 -0.131731
v -0.132439 0.267090 -0.132439
v -0.134457 0.262819 -0.134457
v -0.137477 0.259966 -0.137477
v -0.141039 0.258964 -0.141039
v -0.144601 0.259966 -0.144601
v -0.147621 0.262819 -0.147621
v -0.149639 0.267090 -0.149639
v -0.150348 0.272128 -0.150348
v -0.117571 0.277166 -0.175957
v -0.115985 0.281436 -0.173584
v -0.113612 0.284290 -0.170033
v -0.110814 0.285292 -0.165844
v -0.108015 0.284290 -0.161656
v -0.105642 0.281436 -0.158105
v -0.104057 0.277166 -0.155732
v -0.103500 0.272128 -0.154899
v -0.104057 0.267090 -0.155732
v -0.105642 0.262819 -0.158105
v -0.108015 0.259966 -0.161656
v -0.110814 0.258964 -0.165844
v -0.113612 0.259966 -0.170033
v -0.115985 0.262819 -0.173584
v -0.117571 0.267090 -0.175957
v -0.118127 0.272128 -0.176790
v -0.080984 0.277166 -0.195513
v -0.079892 0.281436 -0.192876
v -0.078258 0.284290 -0.188931
v -0.076330 0.285292 -0.184276
v -0.074402 0.284290 -0.179622
v -0.072768 0.281436 -0.175676
v -0.071675 0.277166 -0.173040
v -0.071292 0.272128 -0.172114
v -0.071675 0.267090 -0.173040
v -0.072768 0.262819 -0.175676
v -0.074402 0.259966 -0.179622
v -0.076330 0.258964 -0.184276
v -0.078258 0.259966 -0.188931
v -0.079892 0.262819 -0.192876
v -0.080984 0.267090 -0.195513
v -0.081368 0.272128 -0.196439
v -0.041285 0.277166 -0.207555
v -0.040729 0.281436 -0.204757
v -0.039895 0.284290 -0.200568
v -0.038913 0.285292 -0.195627
v -0.037930 0.284290 -0.190686
v -0.037097 0.281436 -0.186497
v -0.036540 0.277166 -0.183698
v -0.036344 0.272128 -0.182715
v -0.036540 0.267090 -0.183698
v -0.037097 0.262819 -0.186497
v -0.037930 0.259966 -0.190686
v -0.038913 0.258964 -0.195627
v -0.039895 0.259966 -0.200568
v -0.040729 0.262819 -0.204757
v -0.041285 0.267090 -0.207555
v -0.041481 0.272128 -0.208538
v 0.000000 0.277166 -0.211622
v 0.000000 0.281436 -0.208768
v 0.000000 0.284290 -0.204497
v 0.000000 0.285292 -0.199459
v 0.000000 0.284290 -0.194422
v 0.000000 0.281436 -0.190151
v 0.000000 0.277166 -0.187297
v 0.000000 0.272128 -0.186295
v 0.000000 0.267090 -0.187297
v 0.000000 0.262819 -0.190151
v 0.000000 0.259966 -0.194422
v 0.000000 0.258964 -0.199459
v 0.000000 0.259966 -0.204497
v 0.000000 0.262819 -0.208768
v 0.000000 0.267090 -0.211622
v 0.000000 0.272128 -0.212624
v 0.041285 0.277166 -0.207555
v 0.040729 0.281436 -0.204757
v 0.039895 0.284290 -0.200568
v 0.038913 0.285292 -0.195627
v 0.037930 0.284290 -0.190686
v 0.037097 0.281436 -0.186497
v 0.036540 0.277166 -0.183698
v 0.036344 0.272128 -0.182715
v 0.036540 0.267090 -0.183698
v 0.037097 0.262819 -0.186497
v 0.037930 0.259966 -0.190686
v 0.038913 0.258964 -0.195627
v 0.039895 0.259966 -0.200568
v 0.040729 0.262819 -0.204757
v 0.041285 0.267090 -0.207555
v 0.041481 0.272128 -0.208538
v 0.080984 0.277166 -0.195513
v 0.079892 0.281436 -0.192876
v 0.078258 0.284290 -0.188931
v 0.076330 0.285292 -0.184276
v 0.074402 0.284290 -0.179622
v 0.072768 0.281436 -0.175676
v 0.071676 0.277166 -0.173040
v 0.071292 0.272128 -0.172114
v 0.071676 0.267090 -0.173040
v 0.072768 0.262819 -0.175676
v 0.074402 0.259966 -0.179622
v 0.076330 0.258964 -0.184276
v 0.078258 0.259966 -0.188931
v 0.079892 0.262819 -0.192876
v 0.080984 0.267090 -0.195513
v 0.081368 0.272128 -0.196439
v 0.117571 0.277166 -0.175957
v 0.115985 0.281436 -0.173584
v 0.113613 0.284290 -0.170033
v 0.110814 0.285292 -0.165844
v 0.108015 0.284290 -0.161656
v 0.105642 0.281436 -0.158105
v 0.104057 0.277166 -0.155732
v 0.103500 0.272128 -0.154899
v 0.104057 0.267090 -0.155732
v 0.105642 0.262819 -0.158105
v 0.108015 0.259966 -0.161656
v 0.110814 0.258964 -0.165844
v 0.113613 0.259966 -0.170033
v 0.115985 0.262819 -0.173584
v 0.117571 0.267090 -0.175957
v 0.118127 0.272128 -0.176790
v 0.149639 0.277166 -0.149639
v 0.147621 0.281436 -0.147621
v 0.144601 0.284290 -0.144601
v 0.141039 0.285292 -0.141039
v 0.137477 0.284290 -0.137477
v 0.134457 0.281436 -0.134457
v 0.132439 0.277166 -0.132439
v 0.131730 0.272128 -0.131731
v 0.132439 0.267090 -0.132439
v 0.134457 0.262819 -0.134457
v 0.137477 0.259966 -0.137477
v 0.141039 0.258964 -0.141039
v 0.144601 0.259966 -0.144601
v 0.147621 0.262819 -0.147621
v 0.149639 0.267090 -0.149639
v 0.150348 0.272128 -0.150348
v 0.175957 0.277166 -0.117571
v 0.173584 0.281436 -0.115985
v 0.170033 0.284290 -0.113613
v 0.165844 0.285292 -0.110814
v 0.161656 0.284290 -0.108015
v 0.158105 0.281436 -0.105642
v 0.155732 0.277166 -0.104057
v 0.154899 0.272128 -0.103500
v 0.155732 0.267090 -0.104057
v 0.158105 0.262819 -0.105642
v 0.161656 0.259966 -0.108015
v 0.165844 0.258964 -0.110814
v 0.170033 0.259966 -0.113613
v 0.173584 0.262819 -0.115985
v 0.175957 0.267090 -0.117571
v 0.176790 0.272128 -0.118127
v 0.195513 0.277166 -0.080984
v 0.192876 0.281436 -0.079892
v 0.188931 0.284290 -0.078258
v 0.184276 0.285292 -0.076330
v 0.179622 0.284290 -0.074402
v 0.175676 0.281436 -0.072768
v 0.173040 0.277166 -0.071676
v 0.172114 0.272128 -0.071292
v 0.173040 0.267090 -0.071676
v 0.175676 0.262819 -0.072768
v 0.179622 0.259966 -0.074402
v 0.184276 0.258964 -0.076330
v 0.188931 0.259966 -0.078258
v 0.192876 0.262819 -0.079892
v 0.195513 0.267090 -0.080984
v 0.196439 0.272128 -0.081368
v 0.207555 0.277166 -0.041285
v 0.204757 0.281436 -0.040729
v 0.200568 0.284290 -0.039895
v 0.195627 0.285292 -0.038913
v 0.190686 0.284290 -0.037930
v 0.186497 0.281436 -0.037097
v 0.183698 0.277166 -0.036540
v 0.182715 0.272128 -0.036344
v 0.183698 0.267090 -0.036540
v 0.186497 0.262819 -0.037097
v 0.190686 0.259966 -0.037930
v 0.195627 0.258964 -0.038913
v 0.200568 0.259966 -0.039895
v 0.204757 0.262819 -0.040729
v 0.207555 0.267090 -0.041285
v 0.208538 0.272128 -0.041481
v 0.211622 0.277166 -0.000000
v 0.208768 0.281436 -0.000000
v 0.204497 0.284290 -0.000000
v 0.199459 0.285292 -0.000000
v 0.194422 0.284290 -0.000000
v 0.190151 0.281436 -0.000000
v 0.187297 0.277166 -0.000000
v 0.186295 0.272128 -0.000000
v 0.187297 0.267090 -0.000000
v 0.190151 0.262819 -0.000000
v 0.194422 0.259966 -0.000000
v 0.199459 0.258964 -0.000000
v 0.204497 0.259966 -0.000000
v 0.208768 0.262819 -0.000000
v 0.211622 0.267090 -0.000000
v 0.212624 0.272128 -0.000000
v 0.207555 0.277166 0.041285
v 0.204757 0.281436 0.040729
v 0.200568 0.284290 0.039895
v 0.195627 0.285292 0.038913
v 0.190686 0.284290 0.037930
v 0.186497 0.281436 0.037097
v 0.183698 0.277166 0.036540
v 0.182715 0.272128 0.036344
v 0.183698 0.267090 0.036540
v 0.186497 0.262819 0.037097
v 0.190686 0.259966 0.037930
v 0.195627 0.258964 0.038913
v 0.200568 0.259966 0.039895
v 0.204757 0.262819 0.040729
v 0.207555 0.267090 0.041285
v 0.208538 0.272128 0.041481
v 0.195513 0.277166 0.080984
v 0.192876 0.281436 0.079892
v 0.188931 0.284290 0.078258
v 0.184276 0.285292 0.076330
v 0.179622 0.284290 0.074402
v 0.175676 0.281436 0.072768
v 0.173040 0.277166 0.071675
v 0.172114 0.272128 0.071292
v 0.173040 0.267090 0.071675
v 0.175676 0.262819 0.072768
v 0.179622 0.259966 0.074402
v 0.184276 0.258964 0.076330
v 0.188931 0.259966 0.078258
v 0.192876 0.262819 0.079892
v 0.195513 0.267090 0.080984
v 0.196439 0.272128 0.081368
v 0.175957 0.277166 0.117571
v 0.173584 0.281437 0.115985
v 0.170033 0.284290 0.113612
v 0.165844 0.285292 0.110814
v 0.161656 0.284290 0.108015
v 0.158105 0.281436 0.105642
v 0.155732 0.277166 0.104057
v 0.154899 0.272128 0.103500
v 0.155732 0.267090 0.104057
v 0.158105 0.262819 0.105642
v 0.161656 0.259966 0.108015
v 0.165844 0.258964 0.110814
v 0.170033 0.259966 0.113612
v 0.173584 0.262819 0.115985
v 0.175957 0.267090 0.117571
v 0.176790 0.272128 0.118127
v 0.149639 0.277166 0.149639
v 0.147621 0.281437 0.147621
v 0.144601 0.284290 0.144601
v 0.141039 0.285292 0.141039
v 0.137477 0.284290 0.137477
v 0.134457 0.281437 0.134457
v 0.132439 0.277166 0.132439
v 0.131730 0.272128 0.131730
v 0.132439 0.267090 0.132439
v 0.134457 0.262819 0.134457
v 0.137477 0.259966 0.137477
v 0.141039 0.258964 0.141039
v 0.144601 0.259966 0.144601
v 0.147621 0.262819 0.147621
v 0.149639 0.267090 0.149639
v 0.150348 0.272128 0.150348
v 0.117571 0.277166 0.175957
v 0.115985 0.281437 0.173584
v 0.113612 0.284290 0.170033
v 0.110814 0.285292 0.165844
v 0.108015 0.284290 0.161656
v 0.105642 0.281437 0.158105
v 0.104057 0.277166 0.155732
v 0.103500 0.272128 0.154899
v 0.104057 0.267090 0.155732
v 0.105642 0.262819 0.158105
v 0.108015 0.259966 0.161656
v 0.110814 0.258964 0.165844
v 0.113612 0.259966 0.170033
v 0.115985 0.262819 0.173584
v 0.117571 0.267090 0.175957
v 0.118127 0.272128 0.176790
v 0.080984 0.277166 0.195513
v 0.079892 0.281437 0.192876
v 0.078258 0.284290 0.188931
v 0.076330 0.285292 0.184276
v 0.074402 0.284290 0.179622
v 0.072768 0.281437 0.175676
v 0.071675 0.277166 0.173040
v 0.071292 0.272128 0.172114
v 0.071675 0.267090 0.173040
v 0.072768 0.262819 0.175676
v 0.074402 0.259966 0.179622
v 0.076330 0.258964 0.184276
v 0.078258 0.259966 0.188931
v 0.079892 0.262819 0.192876
v 0.080984 0.267090 0.195513
v 0.081368 0.272128 0.196439
v 0.041285 0.277166 0.207555
v 0.040729 0.281437 0.204756
v 0.039895 0.284290 0.200568
v 0.038913 0.285292 0.195627
v 0.037930 0.284290 0.190686
v 0.037097 0.281436 0.186497
v 0.036540 0.277166 0.183698
v 0.036344 0.272128 0.182715
v 0.036540 0.267090 0.183698
v 0.037097 0.262819 0.186497
v 0.037930 0.259966 0.190686
v 0.038913 0.258964 0.195627
v 0.039895 0.259966 0.200568
v 0.040729 0.262819 0.204756
v 0.041285 0.267090 0.207555
v 0.041481 0.272128 0.208538
v -0.000000 0.277166 0.211622
v -0.000000 0.281437 0.208768
v -0.000000 0.284290 0.204497
v -0.000000 0.285292 0.199459
v -0.000000 0.284290 0.194422
v -0.000000 0.281437 0.190151
v -0.000000 0.277166 0.187297
v -0.000000 0.272128 0.186295
v -0.000000 0.267090 0.187297
v -0.000000 0.262819 0.190151
v -0.000000 0.259966 0.194422
v -0.000000 0.258964 0.199459
v -0.000000 0.259966 0.204497
v -0.000000 0.262819 0.208768
v -0.000000 0.267090 0.211622
v -0.000000 0.272128 0.212624
v -0.041285 0.277166 0.207555
v -0.040729 0.281437 0.204756
v -0.039895 0.284290 0.200568
v -0.038913 0.285292 0.195627
v -0.037930 0.284290 0.190686
v -0.037097 0.281436 0.186497
v -0.036540 0.277166 0.183698
v -0.036344 0.272128 0.182715
v -0.036540 0.267090 0.183698
v -0.037097 0.262819 0.186497
v -0.037930 0.259966 0.190686
v -0.038913 0.258964 0.195627
v -0.039895 0.259966 0.200568
v -0.040729 0.262819 0.204756
v -0.041285 0.267090 0.207555
v -0.041481 0.272128 0.208538
v -0.080984 0.277166 0.195513
v -0.079892 0.281437 0.192876
v -0.078258 0.284290 0.188931
v -0.076330 0.285292 0.184276
v -0.074402 0.284290 0.179622
v -0.072768 0.281436 0.175676
v -0.071675 0.277166 0.173040
v -0.071292 0.272128 0.172114
v -0.071676 0.267090 0.173040
v -0.072768 0.262819 0.175676
v -0.074402 0.259966 0.179622
v -0.076330 0.258964 0.184276
v -0.078258 0.259966 0.188931
v -0.079892 0.262819 0.192876
v -0.080984 0.267090 0.195513
v -0.081368 0.272128 0.196439
v -0.117571 0.277166 0.175957
v -0.115985 0.281437 0.173584
v -0.113613 0.284290 0.170033
v -0.110814 0.285292 0.165844
v -0.108015 0.284290 0.161656
v -0.105642 0.281436 0.158105
v -0.104057 0.277166 0.155732
v -0.103500 0.272128 0.154899
v -0.104057 0.267090 0.155732
v -0.105642 0.262819 0.158105
v -0.108015 0.259966 0.161656
v -0.110814 0.258964 0.165844
v -0.113613 0.259966 0.170033
v -0.115985 0.262819 0.173584
v -0.117571 0.267090 0.175957
v -0.118127 0.272128 0.176790
v -0.149639 0.277166 0.149639
v -0.147621 0.281437 0.147621
v -0.144601 0.284290 0.144601
v -0.141039 0.285292 0.141039
v -0.137477 0.284290 0.137477
v -0.134457 0.281436 0.134457
v -0.132439 0.277166 0.132439
v -0.131730 0.272128 0.131730
v -0.132439 0.267090 0.132439
v -0.134457 0.262819 0.134457
v -0.137477 0.259966 0.137477
v -0.141039 0.258964 0.141039
v -0.144601 0.259966 0.144601
v -0.147621 0.262819 0.147621
v -0.149639 0.267090 0.149639
v -0.150348 0.272128 0.150348
v -0.175957 0.277166 0.117571
v -0.173584 0.281437 0.115985
v -0.170033 0.284290 0.113612
v -0.165844 0.285292 0.110814
v -0.161656 0.284290 0.108015
v -0.158105 0.281436 0.105642
v -0.155732 0.277166 0.104057
v -0.154899 0.272128 0.103500
v -0.155732 0.267090 0.104057
v -0.158105 0.262819 0.105642
v -0.161656 0.259966 0.108015
v -0.165844 0.258964 0.110814
v -0.170033 0.259966 0.113612
v -0.173584 0.262819 0.115985
v -0.175957 0.267090 0.117571
v -0.176790 0.272128 0.118127
v -0.195513 0.277166 0.080984
v -0.192876 0.281436 0.079892
v -0.188931 0.284290 0.078258
v -0.184276 0.285292 0.076330
v -0.179622 0.284290 0.074402
v -0.175676 0.281436 0.072767
v -0.173040 0.277166 0.071675
v -0.172114 0.272128 0.071292
v -0.173040 0.267090 0.071675
v -0.175676 0.262819 0.072767
v -0.179622 0.259966 0.074402
v -0.184276 0.258964 0.076330
v -0.188931 0.259966 0.078258
v -0.192876 0.262819 0.079892
v -0.195513 0.267090 0.080984
v -0.196439 0.272128 0.081367
v -0.207555 0.277166 0.041285
v -0.204757 0.281436 0.040729
v -0.200568 0.284290 0.039895
v -0.195627 0.285292 0.038913
v -0.190686 0.284290 0.037930
v -0.186497 0.281436 0.037096
v -0.183698 0.277166 0.036540
v -0.182715 0.272128 0.036344
v -0.183698 0.267090 0.036540
v -0.186497 0.262819 0.037097
v -0.190686 0.259966 0.037930
v -0.195627 0.258964 0.038913
v -0.200568 0.259966 0.039895
v -0.204757 0.262819 0.040729
v -0.207555 0.267090 0.041285
v -0.208538 0.272128 0.041481
v -0.211622 0.277166 -0.000000
v -0.208768 0.281436 -0.000000
v -0.204497 0.284290 -0.000000
v -0.199459 0.285292 -0.000000
v -0.194422 0.284290 -0.000000
v -0.190151 0.281436 -0.000000
v -0.187297 0.277166 -0.000000
v -0.186295 0.272128 -0.000000
v -0.187297 0.267090 -0.000000
v -0.190151 0.262819 -0.000000
v -0.194422 0.259966 -0.000000
v -0.199459 0.258964 -0.000000
v -0.204497 0.259966 -0.000000
v -0.208768 0.262819 -0.000000
v -0.211622 0.267090 -0.000000
v -0.212624 0.272128 -0.000000
v -0.207555 0.277166 -0.041285
v -0.204756 0.281436 -0.040729
v -0.200568 0.284290 -0.039895
v -0.195627 0.285292 -0.038913
v -0.190686 0.284290 -0.037930
v -0.186497 0.281436 -0.037097
v -0.183698 0.277166 -0.036540
v -0.182715 0.272128 -0.036344
v -0.183698 0.267090 -0.036540
v -0.186497 0.262819 -0.037097
v -0.190686 0.259966 -0.037930
v -0.195627 0.258964 -0.038913
v -0.200568 0.259966 -0.039895
v -0.204757 0.262819 -0.040729
v -0.207555 0.267090 -0.041285
v -0.208538 0.272128 -0.041481
v -0.195513 0.277166 -0.080984
v -0.192876 0.281436 -0.079892
v -0.188931 0.284290 -0.078258
v -0.184276 0.285292 -0.076330
v -0.179622 0.284290 -0.074402
v -0.175676 0.281436 -0.072768
v -0.173040 0.277166 -0.071676
v -0.172114 0.272128 -0.071292
v -0.173040 0.267090 -0.071676
v -0.175676 0.262819 -0.072768
v -0.179622 0.259966 -0.074402
v -0.184276 0.258964 -0.076330
v -0.188931 0.259966 -0.078258
v -0.192876 0.262819 -0.079892
v -0.195513 0.267090 -0.080984
v -0.196439 0.272128 -0.081368
v -0.175957 0.277166 -0.117571
v -0.173584 0.281436 -0.115985
v -0.170033 0.284290 -0.113613
v -0.165844 0.285292 -0.110814
v -0.161656 0.284290 -0.108015
v -0.158105 0.281436 -0.105642
v -0.155732 0.277166 -0.104057
v -0.154899 0.272128 -0.103500
v -0.155732 0.267090 -0.104057
v -0.158105 0.262819 -0.105642
v -0.161656 0.259966 -0.108015
v -0.165844 0.258964 -0.110814
v -0.170033 0.259966 -0.113613
v -0.173584 0.262819 -0.115985
v -0.175957 0.267090 -0.117571
v -0.176790 0.272128 -0.118127
v -0.148166 0.006770 -0.148166
v -0.148166 0.045212 -0.148166
v -0.150029 0.006770 -0.146636
v -0.150029 0.045212 -0.146636
v -0.152155 0.006770 -0.145500
v -0.152155 0.045212 -0.145500
v -0.154462 0.006770 -0.144800
v -0.154462 0.045212 -0.144800
v -0.156861 0.006770 -0.144564
v -0.156861 0.045212 -0.144564
v -0.159260 0.006770 -0.144800
v -0.159260 0.045212 -0.144800
v -0.161566 0.006770 -0.145500
v -0.161566 0.045212 -0.145500
v -0.163692 0.006770 -0.146636
v -0.163692 0.045212 -0.146636
v -0.165556 0.006770 -0.148166
v -0.165556 0.045212 -0.148166
v -0.167085 0.006770 -0.150029
v -0.167085 0.045212 -0.150029
v -0.168221 0.006770 -0.152155
v -0.168221 0.045212 -0.152155
v -0.168921 0.006770 -0.154462
v -0.168921 0.045212 -0.154462
v -0.169157 0.006770 -0.156861
v -0.169157 0.045212 -0.156861
v -0.168921 0.006770 -0.159259
v -0.168921 0.045212 -0.159259
v -0.168221 0.006770 -0.161566
v -0.168221 0.045212 -0.161566
v -0.167085 0.006770 -0.163692
v -0.167085 0.045212 -0.163692
v -0.165556 0.006770 -0.165556
v -0.165556 0.045212 -0.165556
v -0.163692 0.006770 -0.167085
v -0.163692 0.045212 -0.167085
v -0.161566 0.006770 -0.168221
v -0.161566 0.045212 -0.168221
v -0.159260 0.006770 -0.168921
v -0.159260 0.045212 -0.168921
v -0.156861 0.006770 -0.169157
v -0.156861 0.045212 -0.169157
v -0.154462 0.006770 -0.168921
v -0.154462 0.045212 -0.168921
v -0.152155 0.006770 -0.168221
v -0.152155 0.045212 -0.168221
v -0.150029 0.006770 -0.167085
v -0.150029 0.045212 -0.167085
v -0.148166 0.006770 -0.165556
v -0.148166 0.045212 -0.165556
v -0.146636 0.006770 -0.163692
v -0.146636 0.045212 -0.163692
v -0.145500 0.006770 -0.161566
v -0.145500 0.045212 -0.161566
v -0.144800 0.006770 -0.159259
v -0.144800 0.045212 -0.159259
v -0.144564 0.006770 -0.156861
v -0.144564 0.045212 -0.156861
v -0.144800 0.006770 -0.154462
v -0.144800 0.045212 -0.154462
v -0.145500 0.006770 -0.152155
v -0.145500 0.045212 -0.152155
v -0.146636 0.006770 -0.150029
v -0.146636 0.045212 -0.150029
v -0.143270 0.006770 -0.143269
v -0.146182 0.006770 -0.140879
v -0.146182 0.045212 -0.140879
v -0.143270 0.045212 -0.143269
v -0.149505 0.006770 -0.139103
v -0.149505 0.045212 -0.139103
v -0.153111 0.006770 -0.138009
v -0.153111 0.045212 -0.138009
v -0.156861 0.006770 -0.137640
v -0.156861 0.045212 -0.137640
v -0.160610 0.006770 -0.138009
v -0.160610 0.045212 -0.138009
v -0.164216 0.006770 -0.139103
v -0.164216 0.045212 -0.139103
v -0.167539 0.006770 -0.140879
v -0.167539 0.045212 -0.140879
v -0.170452 0.006770 -0.143269
v -0.170452 0.045212 -0.143269
v -0.172842 0.006770 -0.146182
v -0.172842 0.045212 -0.146182
v -0.174618 0.006770 -0.149505
v -0.174618 0.045212 -0.149505
v -0.175712 0.006770 -0.153111
v -0.175712 0.045212 -0.153111
v -0.176081 0.006770 -0.156861
v -0.176081 0.045212 -0.156861
v -0.175712 0.006770 -0.160610
v -0.175712 0.045212 -0.160610
v -0.174618 0.006770 -0.164216
v -0.174618 0.045212 -0.164216
v -0.172842 0.006770 -0.167539
v -0.172842 0.045212 -0.167539
v -0.170452 0.006770 -0.170452
v -0.170452 0.045212 -0.170452
v -0.167539 0.006770 -0.172842
v -0.167539 0.045212 -0.172842
v -0.164216 0.006770 -0.174618
v -0.164216 0.045212 -0.174618
v -0.160610 0.006770 -0.175712
v -0.160610 0.045212 -0.175712
v -0.156861 0.006770 -0.176081
v -0.156861 0.045212 -0.176081
v -0.153111 0.006770 -0.175712
v -0.153111 0.045212 -0.175712
v -0.149505 0.006770 -0.174618
v -0.149505 0.045212 -0.174618
v -0.146182 0.006770 -0.172842
v -0.146182 0.045212 -0.172842
v -0.143270 0.006770 -0.170452
v -0.143270 0.045212 -0.170452
v -0.140879 0.006770 -0.167539
v -0.140879 0.045212 -0.167539
v -0.139103 0.006770 -0.164216
v -0.139103 0.045212 -0.164216
v -0.138009 0.006770 -0.160610
v -0.138009 0.045212 -0.160610
v -0.137640 0.006770 -0.156861
v -0.137640 0.045212 -0.156861
v -0.138009 0.006770 -0.153111
v -0.138009 0.045212 -0.153111
v -0.139103 0.006770 -0.149505
v -0.139103 0.045212 -0.149505
v -0.140879 0.006770 -0.146182
v -0.140879 0.045212 -0.146182
v -0.145339 0.006770 -0.145339
v -0.147808 0.006770 -0.143312
v -0.147808 0.045212 -0.143312
v -0.145339 0.045212 -0.145339
v -0.150625 0.006770 -0.141807
v -0.150625 0.045212 -0.141807
v -0.153682 0.006770 -0.140879
v -0.153682 0.045212 -0.140879
v -0.156861 0.006770 -0.140566
v -0.156861 0.045212 -0.140566
v -0.160039 0.006770 -0.140879
v -0.160039 0.045212 -0.140879
v -0.163096 0.006770 -0.141807
v -0.163096 0.045212 -0.141807
v -0.165913 0.006770 -0.143312
v -0.165913 0.045212 -0.143312
v -0.168382 0.006770 -0.145339
v -0.168382 0.045212 -0.145339
v -0.170409 0.006770 -0.147808
v -0.170409 0.045212 -0.147808
v -0.171915 0.006770 -0.150625
v -0.171915 0.045212 -0.150625
v -0.172842 0.006770 -0.153682
v -0.172842 0.045212 -0.153682
v -0.173155 0.006770 -0.156861
v -0.173155 0.045212 -0.156861
v -0.172842 0.006770 -0.160039
v -0.172842 0.045212 -0.160039
v -0.171915 0.006770 -0.163096
v -0.171915 0.045212 -0.163096
v -0.170409 0.006770 -0.165913
v -0.170409 0.045212 -0.165913
v -0.168382 0.006770 -0.168382
v -0.168382 0.045212 -0.168382
v -0.165913 0.006770 -0.170409
v -0.165913 0.045212 -0.170409
v -0.163096 0.006770 -0.171914
v -0.163096 0.045212 -0.171914
v -0.160039 0.006770 -0.172842
v -0.160039 0.045212 -0.172842
v -0.156861 0.006770 -0.173155
v -0.156861 0.045212 -0.173155
v -0.153682 0.006770 -0.172842
v -0.153682 0.045212 -0.172842
v -0.150625 0.006770 -0.171914
v -0.150625 0.045212 -0.171914
v -0.147808 0.006770 -0.170409
v -0.147808 0.045212 -0.170409
v -0.145339 0.006770 -0.168382
v -0.145339 0.045212 -0.168382
v -0.143312 0.006770 -0.165913
v -0.143312 0.045212 -0.165913
v -0.141807 0.006770 -0.163096
v -0.141807 0.045212 -0.163096
v -0.140880 0.006770 -0.160039
v -0.140880 0.045212 -0.160039
v -0.140566 0.006770 -0.156861
v -0.140566 0.045212 -0.156861
v -0.140880 0.006770 -0.153682
v -0.140880 0.045212 -0.153682
v -0.141807 0.006770 -0.150625
v -0.141807 0.045212 -0.150625
v -0.143312 0.006770 -0.147808
v -0.143312 0.045212 -0.147808
v -0.143270 0.014458 -0.143269
v -0.143270 0.022147 -0.143269
v -0.143270 0.029835 -0.143269
v -0.143270 0.037523 -0.143269
v -0.146182 0.037523 -0.140879
v -0.146182 0.029835 -0.140879
v -0.146182 0.022147 -0.140879
v -0.146182 0.014458 -0.140879
v -0.149505 0.037523 -0.139103
v -0.149505 0.029835 -0.139103
v -0.149505 0.022147 -0.139103
v -0.149505 0.014458 -0.139103
v -0.153111 0.037523 -0.138009
v -0.153111 0.029835 -0.138009
v -0.153111 0.022147 -0.138009
v -0.153111 0.014458 -0.138009
v -0.156861 0.037523 -0.137640
v -0.156861 0.029835 -0.137640
v -0.156861 0.022147 -0.137640
v -0.156861 0.014458 -0.137640
v -0.160610 0.037523 -0.138009
v -0.160610 0.029835 -0.138009
v -0.160610 0.022147 -0.138009
v -0.160610 0.014458 -0.138009
v -0.164216 0.037523 -0.139103
v -0.164216 0.029835 -0.139103
v -0.164216 0.022147 -0.139103
v -0.164216 0.014458 -0.139103
v -0.167539 0.037523 -0.140879
v -0.167539 0.029835 -0.140879
v -0.167539 0.022147 -0.140879
v -0.167539 0.014458 -0.140879
v -0.170452 0.037523 -0.143269
v -0.170452 0.029835 -0.143269
v -0.170452 0.022147 -0.143269
v -0.170452 0.014458 -0.143269
v -0.172842 0.037523 -0.146182
v -0.172842 0.029835 -0.146182
v -0.172842 0.022147 -0.146182
v -0.172842 0.014458 -0.146182
v -0.174618 0.037523 -0.149505
v -0.174618 0.029835 -0.149505
v -0.174618 0.022147 -0.149505
v -0.174618 0.014458 -0.149505
v -0.175712 0.037523 -0.153111
v -0.175712 0.029835 -0.153111
v -0.175712 0.022147 -0.153111
v -0.175712 0.014458 -0.153111
v -0.176081 0.037523 -0.156861
v -0.176081 0.029835 -0.156861
v -0.176081 0.022147 -0.156861
v -0.176081 0.014458 -0.156861
v -0.175712 0.037523 -0.160610
v -0.175712 0.029835 -0.160610
v -0.175712 0.022147 -0.160610
v -0.175712 0.014458 -0.160610
v -0.174618 0.037523 -0.164216
v -0.174618 0.029835 -0.164216
v -0.174618 0.022147 -0.164216
v -0.174618 0.014458 -0.164216
v -0.172842 0.037523 -0.167539
v -0.172842 0.029835 -0.167539
v -0.172842 0.022147 -0.167539
v -0.172842 0.014458 -0.167539
v -0.170452 0.037523 -0.170452
v -0.170452 0.029835 -0.170452
v -0.170452 0.022147 -0.170452
v -0.170452 0.014458 -0.170452
v -0.167539 0.037523 -0.172842
v -0.167539 0.029835 -0.172842
v -0.167539 0.022147 -0.172842
v -0.167539 0.014458 -0.172842
v -0.164216 0.037523 -0.174618
v -0.164216 0.029835 -0.174618
v -0.164216 0.022147 -0.174618
v -0.164216 0.014458 -0.174618
v -0.160610 0.037523 -0.175712
v -0.160610 0.029835 -0.175712
v -0.160610 0.022147 -0.175712
v -0.160610 0.014458 -0.175712
v -0.156861 0.037523 -0.176081
v -0.156861 0.029835 -0.176081
v -0.156861 0.022147 -0.176081
v -0.156861 0.014458 -0.176081
v -0.153111 0.037523 -0.175712
v -0.153111 0.029835 -0.175712
v -0.153111 0.022147 -0.175712
v -0.153111 0.014458 -0.175712
v -0.149505 0.037523 -0.174618
v -0.149505 0.029835 -0.174618
v -0.149505 0.022147 -0.174618
v -0.149505 0.014458 -0.174618
v -0.146182 0.037523 -0.172842
v -0.146182 0.029835 -0.172842
v -0.146182 0.022147 -0.172842
v -0.146182 0.014458 -0.172842
v -0.143270 0.037523 -0.170452
v -0.143270 0.029835 -0.170452
v -0.143270 0.022147 -0.170452
v -0.143270 0.014458 -0.170452
v -0.140879 0.037523 -0.167539
v -0.140879 0.029835 -0.167539
v -0.140879 0.022147 -0.167539
v -0.140879 0.014458 -0.167539
v -0.139103 0.037523 -0.164216
v -0.139103 0.029835 -0.164216
v -0.139103 0.022147 -0.164216
v -0.139103 0.014458 -0.164216
v -0.138009 0.037523 -0.160610
v -0.138009 0.029835 -0.160610
v -0.138009 0.022147 -0.160610
v -0.138009 0.014458 -0.160610
v -0.137640 0.037523 -0.156861
v -0.137640 0.029835 -0.156861
v -0.137640 0.022147 -0.156861
v -0.137640 0.014458 -0.156861
v -0.138009 0.037523 -0.153111
v -0.138009 0.029835 -0.153111
v -0.138009 0.022147 -0.153111
v -0.138009 0.014458 -0.153111
v -0.139103 0.037523 -0.149505
v -0.139103 0.029835 -0.149505
v -0.139103 0.022147 -0.149505
v -0.139103 0.014458 -0.149505
v -0.140879 0.037523 -0.146182
v -0.140879 0.029835 -0.146182
v -0.140879 0.022147 -0.146182
v -0.140879 0.014458 -0.146182
v -0.148166 0.006770 0.148166
v -0.148166 0.045212 0.148166
v -0.146636 0.006770 0.150029
v -0.146636 0.045212 0.150029
v -0.145500 0.006770 0.152155
v -0.145500 0.045212 0.152155
v -0.144800 0.006770 0.154462
v -0.144800 0.045212 0.154462
v -0.144564 0.006770 0.156861
v -0.144564 0.045212 0.156861
v -0.144800 0.006770 0.159260
v -0.144800 0.045212 0.159260
v -0.145500 0.006770 0.161566
v -0.145500 0.045212 0.161566
v -0.146636 0.006770 0.163692
v -0.146636 0.045212 0.163692
v -0.148166 0.006770 0.165556
v -0.148166 0.045212 0.165556
v -0.150029 0.006770 0.167085
v -0.150029 0.045212 0.167085
v -0.152155 0.006770 0.168221
v -0.152155 0.045212 0.168221
v -0.154462 0.006770 0.168921
v -0.154462 0.045212 0.168921
v -0.156860 0.006770 0.169157
v -0.156860 0.045212 0.169157
v -0.159259 0.006770 0.168921
v -0.159259 0.045212 0.168921
v -0.161566 0.006770 0.168221
v -0.161566 0.045212 0.168221
v -0.163692 0.006770 0.167085
v -0.163692 0.045212 0.167085
v -0.165555 0.006770 0.165556
v -0.165555 0.045212 0.165556
v -0.167085 0.006770 0.163692
v -0.167085 0.045212 0.163692
v -0.168221 0.006770 0.161566
v -0.168221 0.045212 0.161566
v -0.168921 0.006770 0.159260
v -0.168921 0.045212 0.159260
v -0.169157 0.006770 0.156861
v -0.169157 0.045212 0.156861
v -0.168921 0.006770 0.154462
v -0.168921 0.045212 0.154462
v -0.168221 0.006770 0.152155
v -0.168221 0.045212 0.152155
v -0.167085 0.006770 0.150029
v -0.167085 0.045212 0.150029
v -0.165555 0.006770 0.148166
v -0.165555 0.045212 0.148166
v -0.163692 0.006770 0.146637
v -0.163692 0.045212 0.146637
v -0.161566 0.006770 0.145500
v -0.161566 0.045212 0.145500
v -0.159259 0.006770 0.144800
v -0.159259 0.045212 0.144800
v -0.156861 0.006770 0.144564
v -0.156861 0.045212 0.144564
v -0.154462 0.006770 0.144800
v -0.154462 0.045212 0.144800
v -0.152155 0.006770 0.145500
v -0.152155 0.045212 0.145500
v -0.150029 0.006770 0.146637
v -0.150029 0.045212 0.146637
v -0.143269 0.006770 0.143270
v -0.140879 0.006770 0.146182
v -0.140879 0.045212 0.146182
v -0.143269 0.045212 0.143270
v -0.139103 0.006770 0.149505
v -0.139103 0.045212 0.149505
v -0.138009 0.006770 0.153111
v -0.138009 0.045212 0.153111
v -0.137640 0.006770 0.156861
v -0.137640 0.045212 0.156861
v -0.138009 0.006770 0.160611
v -0.138009 0.045212 0.160611
v -0.139103 0.006770 0.164216
v -0.139103 0.045212 0.164216
v -0.140879 0.006770 0.167539
v -0.140879 0.045212 0.167539
v -0.143269 0.006770 0.170452
v -0.143269 0.045212 0.170452
v -0.146182 0.006770 0.172842
v -0.146182 0.045212 0.172842
v -0.149505 0.006770 0.174618
v -0.149505 0.045212 0.174618
v -0.153111 0.006770 0.175712
v -0.153111 0.045212 0.175712
v -0.156860 0.006770 0.176082
v -0.156860 0.045212 0.176082
v -0.160610 0.006770 0.175712
v -0.160610 0.045212 0.175712
v -0.164216 0.006770 0.174618
v -0.164216 0.045212 0.174618
v -0.167539 0.006770 0.172842
v -0.167539 0.045212 0.172842
v -0.170452 0.006770 0.170452
v -0.170452 0.045212 0.170452
v -0.172842 0.006770 0.167539
v -0.172842 0.045212 0.167539
v -0.174618 0.006770 0.164216
v -0.174618 0.045212 0.164216
v -0.175712 0.006770 0.160611
v -0.175712 0.045212 0.160611
v -0.176081 0.006770 0.156861
v -0.176081 0.045212 0.156861
v -0.175712 0.006770 0.153111
v -0.175712 0.045212 0.153111
v -0.174618 0.006770 0.149505
v -0.174618 0.045212 0.149505
v -0.172842 0.006770 0.146182
v -0.172842 0.045212 0.146182
v -0.170452 0.006770 0.143270
v -0.170452 0.045212 0.143270
v -0.167539 0.006770 0.140879
v -0.167539 0.045212 0.140879
v -0.164216 0.006770 0.139103
v -0.164216 0.045212 0.139103
v -0.160610 0.006770 0.138009
v -0.160610 0.045212 0.138009
v -0.156861 0.006770 0.137640
v -0.156861 0.045212 0.137640
v -0.153111 0.006770 0.138009
v -0.153111 0.045212 0.138009
v -0.149505 0.006770 0.139103
v -0.149505 0.045212 0.139103
v -0.146182 0.006770 0.140879
v -0.146182 0.045212 0.140879
v -0.145339 0.006770 0.145339
v -0.143312 0.006770 0.147808
v -0.143312 0.045212 0.147808
v -0.145339 0.045212 0.145339
v -0.141807 0.006770 0.150625
v -0.141807 0.045212 0.150625
v -0.140879 0.006770 0.153682
v -0.140879 0.045212 0.153682
v -0.140566 0.006770 0.156861
v -0.140566 0.045212 0.156861
v -0.140879 0.006770 0.160040
v -0.140879 0.045212 0.160040
v -0.141807 0.006770 0.163096
v -0.141807 0.045212 0.163096
v -0.143312 0.006770 0.165913
v -0.143312 0.045212 0.165913
v -0.145339 0.006770 0.168382
v -0.145339 0.045212 0.168382
v -0.147808 0.006770 0.170409
v -0.147808 0.045212 0.170409
v -0.150625 0.006770 0.171915
v -0.150625 0.045212 0.171915
v -0.153682 0.006770 0.172842
v -0.153682 0.045212 0.172842
v -0.156861 0.006770 0.173155
v -0.156861 0.045212 0.173155
v -0.160039 0.006770 0.172842
v -0.160039 0.045212 0.172842
v -0.163096 0.006770 0.171915
v -0.163096 0.045212 0.171915
v -0.165913 0.006770 0.170409
v -0.165913 0.045212 0.170409
v -0.168382 0.006770 0.168382
v -0.168382 0.045212 0.168382
v -0.170409 0.006770 0.165913
v -0.170409 0.045212 0.165913
v -0.171914 0.006770 0.163096
v -0.171914 0.045212 0.163096
v -0.172842 0.006770 0.160040
v -0.172842 0.045212 0.160040
v -0.173155 0.006770 0.156861
v -0.173155 0.045212 0.156861
v -0.172842 0.006770 0.153682
v -0.172842 0.045212 0.153682
v -0.171914 0.006770 0.150625
v -0.171914 0.045212 0.150625
v -0.170409 0.006770 0.147808
v -0.170409 0.045212 0.147808
v -0.168382 0.006770 0.145339
v -0.168382 0.045212 0.145339
v -0.165913 0.006770 0.143313
v -0.165913 0.045212 0.143313
v -0.163096 0.006770 0.141807
v -0.163096 0.045212 0.141807
v -0.160039 0.006770 0.140880
v -0.160039 0.045212 0.140880
v -0.156860 0.006770 0.140567
v -0.156860 0.045212 0.140567
v -0.153682 0.006770 0.140880
v -0.153682 0.045212 0.140880
v -0.150625 0.006770 0.141807
v -0.150625 0.045212 0.141807
v -0.147808 0.006770 0.143313
v -0.147808 0.045212 0.143313
v -0.143269 0.014458 0.143270
v -0.143269 0.022147 0.143270
v -0.143269 0.029835 0.143270
v -0.143269 0.037523 0.143270
v -0.140879 0.037523 0.146182
v -0.140879 0.029835 0.146182
v -0.140879 0.022147 0.146182
v -0.140879 0.014458 0.146182
v -0.139103 0.037523 0.149505
v -0.139103 0.029835 0.149505
v -0.139103 0.022147 0.149505
v -0.139103 0.014458 0.149505
v -0.138009 0.037523 0.153111
v -0.138009 0.029835 0.153111
v -0.138009 0.022147 0.153111
v -0.138009 0.014458 0.153111
v -0.137640 0.037523 0.156861
v -0.137640 0.029835 0.156861
v -0.137640 0.022147 0.156861
v -0.137640 0.014458 0.156861
v -0.138009 0.037523 0.160611
v -0.138009 0.029835 0.160611
v -0.138009 0.022147 0.160611
v -0.138009 0.014458 0.160611
v -0.139103 0.037523 0.164216
v -0.139103 0.029835 0.164216
v -0.139103 0.022147 0.164216
v -0.139103 0.014458 0.164216
v -0.140879 0.037523 0.167539
v -0.140879 0.029835 0.167539
v -0.140879 0.022147 0.167539
v -0.140879 0.014458 0.167539
v -0.143269 0.037523 0.170452
v -0.143269 0.029835 0.170452
v -0.143269 0.022147 0.170452
v -0.143269 0.014458 0.170452
v -0.146182 0.037523 0.172842
v -0.146182 0.029835 0.172842
v -0.146182 0.022147 0.172842
v -0.146182 0.014458 0.172842
v -0.149505 0.037523 0.174618
v -0.149505 0.029835 0.174618
v -0.149505 0.022147 0.174618
v -0.149505 0.014458 0.174618
v -0.153111 0.037523 0.175712
v -0.153111 0.029835 0.175712
v -0.153111 0.022147 0.175712
v -0.153111 0.014458 0.175712
v -0.156860 0.037523 0.176082
v -0.156860 0.029835 0.176082
v -0.156860 0.022147 0.176082
v -0.156860 0.014458 0.176082
v -0.160610 0.037523 0.175712
v -0.160610 0.029835 0.175712
v -0.160610 0.022147 0.175712
v -0.160610 0.014458 0.175712
v -0.164216 0.037523 0.174618
v -0.164216 0.029835 0.174618
v -0.164216 0.022147 0.174618
v -0.164216 0.014458 0.174618
v -0.167539 0.037523 0.172842
v -0.167539 0.029835 0.172842
v -0.167539 0.022147 0.172842
v -0.167539 0.014458 0.172842
v -0.170452 0.037523 0.170452
v -0.170452 0.029835 0.170452
v -0.170452 0.022147 0.170452
v -0.170452 0.014458 0.170452
v -0.172842 0.037523 0.167539
v -0.172842 0.029835 0.167539
v -0.172842 0.022147 0.167539
v -0.172842 0.014458 0.167539
v -0.174618 0.037523 0.164216
v -0.174618 0.029835 0.164216
v -0.174618 0.022147 0.164216
v -0.174618 0.014458 0.164216
v -0.175712 0.037523 0.160611
v -0.175712 0.029835 0.160611
v -0.175712 0.022147 0.160611
v -0.175712 0.014458 0.160611
v -0.176081 0.037523 0.156861
v -0.176081 0.029835 0.156861
v -0.176081 0.022147 0.156861
v -0.176081 0.014458 0.156861
v -0.175712 0.037523 0.153111
v -0.175712 0.029835 0.153111
v -0.175712 0.022147 0.153111
v -0.175712 0.014458 0.153111
v -0.174618 0.037523 0.149505
v -0.174618 0.029835 0.149505
v -0.174618 0.022147 0.149505
v -0.174618 0.014458 0.149505
v -0.172842 0.037523 0.146182
v -0.172842 0.029835 0.146182
v -0.172842 0.022147 0.146182
v -0.172842 0.014458 0.146182
v -0.170452 0.037523 0.143270
v -0.170452 0.029835 0.143270
v -0.170452 0.022147 0.143270
v -0.170452 0.014458 0.143270
v -0.167539 0.037523 0.140879
v -0.167539 0.029835 0.140879
v -0.167539 0.022147 0.140879
v -0.167539 0.014458 0.140879
v -0.164216 0.037523 0.139103
v -0.164216 0.029835 0.139103
v -0.164216 0.022147 0.139103
v -0.164216 0.014458 0.139103
v -0.160610 0.037523 0.138009
v -0.160610 0.029835 0.138009
v -0.160610 0.022147 0.138009
v -0.160610 0.014458 0.138009
v -0.156861 0.037523 0.137640
v -0.156861 0.029835 0.137640
v -0.156861 0.022147 0.137640
v -0.156861 0.014458 0.137640
v -0.153111 0.037523 0.138009
v -0.153111 0.029835 0.138009
v -0.153111 0.022147 0.138009
v -0.153111 0.014458 0.138009
v -0.149505 0.037523 0.139103
v -0.149505 0.029835 0.139103
v -0.149505 0.022147 0.139103
v -0.149505 0.014458 0.139103
v -0.146182 0.037523 0.140879
v -0.146182 0.029835 0.140879
v -0.146182 0.022147 0.140879
v -0.146182 0.014458 0.140879
v 0.148166 0.006770 -0.148166
v 0.148166 0.045212 -0.148166
v 0.146636 0.006770 -0.150029
v 0.146636 0.045212 -0.150029
v 0.145500 0.006770 -0.152155
v 0.145500 0.045212 -0.152155
v 0.144800 0.006770 -0.154462
v 0.144800 0.045212 -0.154462
v 0.144564 0.006770 -0.156861
v 0.144564 0.045212 -0.156861
v 0.144800 0.006770 -0.159260
v 0.144800 0.045212 -0.159260
v 0.145500 0.006770 -0.161566
v 0.145500 0.045212 -0.161566
v 0.146636 0.006770 -0.163692
v 0.146636 0.045212 -0.163692
v 0.148166 0.006770 -0.165556
v 0.148166 0.045212 -0.165556
v 0.150029 0.006770 -0.167085
v 0.150029 0.045212 -0.167085
v 0.152155 0.006770 -0.168221
v 0.152155 0.045212 -0.168221
v 0.154462 0.006770 -0.168921
v 0.154462 0.045212 -0.168921
v 0.156861 0.006770 -0.169157
v 0.156861 0.045212 -0.169157
v 0.159260 0.006770 -0.168921
v 0.159260 0.045212 -0.168921
v 0.161566 0.006770 -0.168221
v 0.161566 0.045212 -0.168221
v 0.163692 0.006770 -0.167085
v 0.163692 0.045212 -0.167085
v 0.165556 0.006770 -0.165556
v 0.165556 0.045212 -0.165556
v 0.167085 0.006770 -0.163692
v 0.167085 0.045212 -0.163692
v 0.168221 0.006770 -0.161566
v 0.168221 0.045212 -0.161566
v 0.168921 0.006770 -0.159260
v 0.168921 0.045212 -0.159260
v 0.169157 0.006770 -0.156861
v 0.169157 0.045212 -0.156861
v 0.168921 0.006770 -0.154462
v 0.168921 0.045212 -0.154462
v 0.168221 0.006770 -0.152155
v 0.168221 0.045212 -0.152155
v 0.167085 0.006770 -0.150029
v 0.167085 0.045212 -0.150029
v 0.165556 0.006770 -0.148166
v 0.165556 0.045212 -0.148166
v 0.163692 0.006770 -0.146636
v 0.163692 0.045212 -0.146636
v 0.161566 0.006770 -0.145500
v 0.161566 0.045212 -0.145500
v 0.159260 0.006770 -0.144800
v 0.159260 0.045212 -0.144800
v 0.156861 0.006770 -0.144564
v 0.156861 0.045212 -0.144564
v 0.154462 0.006770 -0.144800
v 0.154462 0.045212 -0.144800
v 0.152155 0.006770 -0.145500
v 0.152155 0.045212 -0.145500
v 0.150029 0.006770 -0.146636
v 0.150029 0.045212 -0.146636
v 0.143269 0.006770 -0.143269
v 0.140879 0.006770 -0.146182
v 0.140879 0.045212 -0.146182
v 0.143269 0.045212 -0.143269
v 0.139103 0.006770 -0.149505
v 0.139103 0.045212 -0.149505
v 0.138009 0.006770 -0.153111
v 0.138009 0.045212 -0.153111
v 0.137640 0.006770 -0.156861
v 0.137640 0.045212 -0.156861
v 0.138009 0.006770 -0.160610
v 0.138009 0.045212 -0.160610
v 0.139103 0.006770 -0.164216
v 0.139103 0.045212 -0.164216
v 0.140879 0.006770 -0.167539
v 0.140879 0.045212 -0.167539
v 0.143269 0.006770 -0.170452
v 0.143269 0.045212 -0.170452
v 0.146182 0.006770 -0.172842
v 0.146182 0.045212 -0.172842
v 0.149505 0.006770 -0.174618
v 0.149505 0.045212 -0.174618
v 0.153111 0.006770 -0.175712
v 0.153111 0.045212 -0.175712
v 0.156861 0.006770 -0.176081
v 0.156861 0.045212 -0.176081
v 0.160610 0.006770 -0.175712
v 0.160610 0.045212 -0.175712
v 0.164216 0.006770 -0.174618
v 0.164216 0.045212 -0.174618
v 0.167539 0.006770 -0.172842
v 0.167539 0.045212 -0.172842
v 0.170452 0.006770 -0.170452
v 0.170452 0.045212 -0.170452
v 0.172842 0.006770 -0.167539
v 0.172842 0.045212 -0.167539
v 0.174618 0.006770 -0.164216
v 0.174618 0.045212 -0.164216
v 0.175712 0.006770 -0.160610
v 0.175712 0.045212 -0.160610
v 0.176081 0.006770 -0.156861
v 0.176081 0.045212 -0.156861
v 0.175712 0.006770 -0.153111
v 0.175712 0.045212 -0.153111
v 0.174618 0.006770 -0.149505
v 0.174618 0.045212 -0.149505
v 0.172842 0.006770 -0.146182
v 0.172842 0.045212 -0.146182
v 0.170452 0.006770 -0.143269
v 0.170452 0.045212 -0.143269
v 0.167539 0.006770 -0.140879
v 0.167539 0.045212 -0.140879
v 0.164216 0.006770 -0.139103
v 0.164216 0.045212 -0.139103
v 0.160610 0.006770 -0.138009
v 0.160610 0.045212 -0.138009
v 0.156861 0.006770 -0.137640
v 0.156861 0.045212 -0.137640
v 0.153111 0.006770 -0.138009
v 0.153111 0.045212 -0.138009
v 0.149505 0.006770 -0.139103
v 0.149505 0.045212 -0.139103
v 0.146182 0.006770 -0.140879
v 0.146182 0.045212 -0.140879
v 0.145339 0.006770 -0.145339
v 0.143312 0.006770 -0.147808
v 0.143312 0.045212 -0.147808
v 0.145339 0.045212 -0.145339
v 0.141807 0.006770 -0.150625
v 0.141807 0.045212 -0.150625
v 0.140879 0.006770 -0.153682
v 0.140879 0.045212 -0.153682
v 0.140566 0.006770 -0.156861
v 0.140566 0.045212 -0.156861
v 0.140879 0.006770 -0.160039
v 0.140879 0.045212 -0.160039
v 0.141807 0.006770 -0.163096
v 0.141807 0.045212 -0.163096
v 0.143312 0.006770 -0.165913
v 0.143312 0.045212 -0.165913
v 0.145339 0.006770 -0.168382
v 0.145339 0.045212 -0.168382
v 0.147808 0.006770 -0.170409
v 0.147808 0.045212 -0.170409
v 0.150625 0.006770 -0.171915
v 0.150625 0.045212 -0.171915
v 0.153682 0.006770 -0.172842
v 0.153682 0.045212 -0.172842
v 0.156861 0.006770 -0.173155
v 0.156861 0.045212 -0.173155
v 0.160039 0.006770 -0.172842
v 0.160039 0.045212 -0.172842
v 0.163096 0.006770 -0.171915
v 0.163096 0.045212 -0.171915
v 0.165913 0.006770 -0.170409
v 0.165913 0.045212 -0.170409
v 0.168382 0.006770 -0.168382
v 0.168382 0.045212 -0.168382
v 0.170409 0.006770 -0.165913
v 0.170409 0.045212 -0.165913
v 0.171915 0.006770 -0.163096
v 0.171915 0.045212 -0.163096
v 0.172842 0.006770 -0.160039
v 0.172842 0.045212 -0.160039
v 0.173155 0.006770 -0.156861
v 0.173155 0.045212 -0.156861
v 0.172842 0.006770 -0.153682
v 0.172842 0.045212 -0.153682
v 0.171915 0.006770 -0.150625
v 0.171915 0.045212 -0.150625
v 0.170409 0.006770 -0.147808
v 0.170409 0.045212 -0.147808
v 0.168382 0.006770 -0.145339
v 0.168382 0.045212 -0.145339
v 0.165913 0.006770 -0.143312
v 0.165913 0.045212 -0.143312
v 0.163096 0.006770 -0.141807
v 0.163096 0.045212 -0.141807
v 0.160039 0.006770 -0.140879
v 0.160039 0.045212 -0.140879
v 0.156861 0.006770 -0.140566
v 0.156861 0.045212 -0.140566
v 0.153682 0.006770 -0.140880
v 0.153682 0.045212 -0.140880
v 0.150625 0.006770 -0.141807
v 0.150625 0.045212 -0.141807
v 0.147808 0.006770 -0.143312
v 0.147808 0.045212 -0.143312
v 0.143269 0.014458 -0.143269
v 0.143269 0.022147 -0.143269
v 0.143269 0.029835 -0.143269
v 0.143269 0.037523 -0.143269
v 0.140879 0.037523 -0.146182
v 0.140879 0.029835 -0.146182
v 0.140879 0.022147 -0.146182
v 0.140879 0.014458 -0.146182
v 0.139103 0.037523 -0.149505
v 0.139103 0.029835 -0.149505
v 0.139103 0.022147 -0.149505
v 0.139103 0.014458 -0.149505
v 0.138009 0.037523 -0.153111
v 0.138009 0.029835 -0.153111
v 0.138009 0.022147 -0.153111
v 0.138009 0.014458 -0.153111
v 0.137640 0.037523 -0.156861
v 0.137640 0.029835 -0.156861
v 0.137640 0.022147 -0.156861
v 0.137640 0.014458 -0.156861
v 0.138009 0.037523 -0.160610
v 0.138009 0.029835 -0.160610
v 0.138009 0.022147 -0.160610
v 0.138009 0.014458 -0.160610
v 0.139103 0.037523 -0.164216
v 0.139103 0.029835 -0.164216
v 0.139103 0.022147 -0.164216
v 0.139103 0.014458 -0.164216
v 0.140879 0.037523 -0.167539
v 0.140879 0.029835 -0.167539
v 0.140879 0.022147 -0.167539
v 0.140879 0.014458 -0.167539
v 0.143269 0.037523 -0.170452
v 0.143269 0.029835 -0.170452
v 0.143269 0.022147 -0.170452
v 0.143269 0.014458 -0.170452
v 0.146182 0.037523 -0.172842
v 0.146182 0.029835 -0.172842
v 0.146182 0.022147 -0.172842
v 0.146182 0.014458 -0.172842
v 0.149505 0.037523 -0.174618
v 0.149505 0.029835 -0.174618
v 0.149505 0.022147 -0.174618
v 0.149505 0.014458 -0.174618
v 0.153111 0.037523 -0.175712
v 0.153111 0.029835 -0.175712
v 0.153111 0.022147 -0.175712
v 0.153111 0.014458 -0.175712
v 0.156861 0.037523 -0.176081
v 0.156861 0.029835 -0.176081
v 0.156861 0.022147 -0.176081
v 0.156861 0.014458 -0.176081
v 0.160610 0.037523 -0.175712
v 0.160610 0.029835 -0.175712
v 0.160610 0.022147 -0.175712
v 0.160610 0.014458 -0.175712
v 0.164216 0.037523 -0.174618
v 0.164216 0.029835 -0.174618
v 0.164216 0.022147 -0.174618
v 0.164216 0.014458 -0.174618
v 0.167539 0.037523 -0.172842
v 0.167539 0.029835 -0.172842
v 0.167539 0.022147 -0.172842
v 0.167539 0.014458 -0.172842
v 0.170452 0.037523 -0.170452
v 0.170452 0.029835 -0.170452
v 0.170452 0.022147 -0.170452
v 0.170452 0.014458 -0.170452
v 0.172842 0.037523 -0.167539
v 0.172842 0.029835 -0.167539
v 0.172842 0.022147 -0.167539
v 0.172842 0.014458 -0.167539
v 0.174618 0.037523 -0.164216
v 0.174618 0.029835 -0.164216
v 0.174618 0.022147 -0.164216
v 0.174618 0.014458 -0.164216
v 0.175712 0.037523 -0.160610
v 0.175712 0.029835 -0.160610
v 0.175712 0.022147 -0.160610
v 0.175712 0.014458 -0.160610
v 0.176081 0.037523 -0.156861
v 0.176081 0.029835 -0.156861
v 0.176081 0.022147 -0.156861
v 0.176081 0.014458 -0.156861
v 0.175712 0.037523 -0.153111
v 0.175712 0.029835 -0.153111
v 0.175712 0.022147 -0.153111
v 0.175712 0.014458 -0.153111
v 0.174618 0.037523 -0.149505
v 0.174618 0.029835 -0.149505
v 0.174618 0.022147 -0.149505
v 0.174618 0.014458 -0.149505
v 0.172842 0.037523 -0.146182
v 0.172842 0.029835 -0.146182
v 0.172842 0.022147 -0.146182
v 0.172842 0.014458 -0.146182
v 0.170452 0.037523 -0.143269
v 0.170452 0.029835 -0.143269
v 0.170452 0.022147 -0.143269
v 0.170452 0.014458 -0.143269
v 0.167539 0.037523 -0.140879
v 0.167539 0.029835 -0.140879
v 0.167539 0.022147 -0.140879
v 0.167539 0.014458 -0.140879
v 0.164216 0.037523 -0.139103
v 0.164216 0.029835 -0.139103
v 0.164216 0.022147 -0.139103
v 0.164216 0.014458 -0.139103
v 0.160610 0.037523 -0.138009
v 0.160610 0.029835 -0.138009
v 0.160610 0.022147 -0.138009
v 0.160610 0.014458 -0.138009
v 0.156861 0.037523 -0.137640
v 0.156861 0.029835 -0.137640
v 0.156861 0.022147 -0.137640
v 0.156861 0.014458 -0.137640
v 0.153111 0.037523 -0.138009
v 0.153111 0.029835 -0.138009
v 0.153111 0.022147 -0.138009
v 0.153111 0.014458 -0.138009
v 0.149505 0.037523 -0.139103
v 0.149505 0.029835 -0.139103
v 0.149505 0.022147 -0.139103
v 0.149505 0.014458 -0.139103
v 0.146182 0.037523 -0.140879
v 0.146182 0.029835 -0.140879
v 0.146182 0.022147 -0.140879
v 0.146182 0.014458 -0.140879
v 0.148166 0.006770 0.148166
v 0.148166 0.045212 0.148166
v 0.150029 0.006770 0.146636
v 0.150029 0.045212 0.146636
v 0.152155 0.006770 0.145500
v 0.152155 0.045212 0.145500
v 0.154462 0.006770 0.144800
v 0.154462 0.045212 0.144800
v 0.156861 0.006770 0.144564
v 0.156861 0.045212 0.144564
v 0.159260 0.006770 0.144800
v 0.159260 0.045212 0.144800
v 0.161566 0.006770 0.145500
v 0.161566 0.045212 0.145500
v 0.163692 0.006770 0.146636
v 0.163692 0.045212 0.146636
v 0.165556 0.006770 0.148166
v 0.165556 0.045212 0.148166
v 0.167085 0.006770 0.150029
v 0.167085 0.045212 0.150029
v 0.168221 0.006770 0.152155
v 0.168221 0.045212 0.152155
v 0.168921 0.006770 0.154462
v 0.168921 0.045212 0.154462
v 0.169157 0.006770 0.156861
v 0.169157 0.045212 0.156861
v 0.168921 0.006770 0.159260
v 0.168921 0.045212 0.159260
v 0.168221 0.006770 0.161566
v 0.168221 0.045212 0.161566
v 0.167085 0.006770 0.163692
v 0.167085 0.045212 0.163692
v 0.165556 0.006770 0.165556
v 0.165556 0.045212 0.165556
v 0.163692 0.006770 0.167085
v 0.163692 0.045212 0.167085
v 0.161566 0.006770 0.168221
v 0.161566 0.045212 0.168221
v 0.159260 0.006770 0.168921
v 0.159260 0.045212 0.168921
v 0.156861 0.006770 0.169157
v 0.156861 0.045212 0.169157
v 0.154462 0.006770 0.168921
v 0.154462 0.045212 0.168921
v 0.152155 0.006770 0.168221
v 0.152155 0.045212 0.168221
v 0.150029 0.006770 0.167085
v 0.150029 0.045212 0.167085
v 0.148166 0.006770 0.165556
v 0.148166 0.045212 0.165556
v 0.146636 0.006770 0.163692
v 0.146636 0.045212 0.163692
v 0.145500 0.006770 0.161566
v 0.145500 0.045212 0.161566
v 0.144800 0.006770 0.159260
v 0.144800 0.045212 0.159260
v 0.144564 0.006770 0.156861
v 0.144564 0.045212 0.156861
v 0.144800 0.006770 0.154462
v 0.144800 0.045212 0.154462
v 0.145500 0.006770 0.152155
v 0.145500 0.045212 0.152155
v 0.146636 0.006770 0.150029
v 0.146636 0.045212 0.150029
v 0.143270 0.006770 0.143269
v 0.146182 0.006770 0.140879
v 0.146182 0.045212 0.140879
v 0.143270 0.045212 0.143269
v 0.149505 0.006770 0.139103
v 0.149505 0.045212 0.139103
v 0.153111 0.006770 0.138009
v 0.153111 0.045212 0.138009
v 0.156861 0.006770 0.137640
v 0.156861 0.045212 0.137640
v 0.160610 0.006770 0.138009
v 0.160610 0.045212 0.138009
v 0.164216 0.006770 0.139103
v 0.164216 0.045212 0.139103
v 0.167539 0.006770 0.140879
v 0.167539 0.045212 0.140879
v 0.170452 0.006770 0.143269
v 0.170452 0.045212 0.143269
v 0.172842 0.006770 0.146182
v 0.172842 0.045212 0.146182
v 0.174618 0.006770 0.149505
v 0.174618 0.045212 0.149505
v 0.175712 0.006770 0.153111
v 0.175712 0.045212 0.153111
v 0.176081 0.006770 0.156861
v 0.176081 0.045212 0.156861
v 0.175712 0.006770 0.160610
v 0.175712 0.045212 0.160610
v 0.174618 0.006770 0.164216
v 0.174618 0.045212 0.164216
v 0.172842 0.006770 0.167539
v 0.172842 0.045212 0.167539
v 0.170452 0.006770 0.170452
v 0.170452 0.045212 0.170452
v 0.167539 0.006770 0.172842
v 0.167539 0.045212 0.172842
v 0.164216 0.006770 0.174618
v 0.164216 0.045212 0.174618
v 0.160610 0.006770 0.175712
v 0.160610 0.045212 0.175712
v 0.156861 0.006770 0.176081
v 0.156861 0.045212 0.176081
v 0.153111 0.006770 0.175712
v 0.153111 0.045212 0.175712
v 0.149505 0.006770 0.174618
v 0.149505 0.045212 0.174618
v 0.146182 0.006770 0.172842
v 0.146182 0.045212 0.172842
v 0.143270 0.006770 0.170452
v 0.143270 0.045212 0.170452
v 0.140879 0.006770 0.167539
v 0.140879 0.045212 0.167539
v 0.139103 0.006770 0.164216
v 0.139103 0.045212 0.164216
v 0.138009 0.006770 0.160610
v 0.138009 0.045212 0.160610
v 0.137640 0.006770 0.156861
v 0.137640 0.045212 0.156861
v 0.138009 0.006770 0.153111
v 0.138009 0.045212 0.153111
v 0.139103 0.006770 0.149505
v 0.139103 0.045212 0.149505
v 0.140879 0.006770 0.146182
v 0.140879 0.045212 0.146182
v 0.145339 0.006770 0.145339
v 0.147808 0.006770 0.143312
v 0.147808 0.045212 0.143312
v 0.145339 0.045212 0.145339
v 0.150625 0.006770 0.141807
v 0.150625 0.045212 0.141807
v 0.153682 0.006770 0.140879
v 0.153682 0.045212 0.140879
v 0.156861 0.006770 0.140566
v 0.156861 0.045212 0.140566
v 0.160039 0.006770 0.140879
v 0.160039 0.045212 0.140879
v 0.163096 0.006770 0.141807
v 0.163096 0.045212 0.141807
v 0.165913 0.006770 0.143312
v 0.165913 0.045212 0.143312
v 0.168382 0.006770 0.145339
v 0.168382 0.045212 0.145339
v 0.170409 0.006770 0.147808
v 0.170409 0.045212 0.147808
v 0.171915 0.006770 0.150625
v 0.171915 0.045212 0.150625
v 0.172842 0.006770 0.153682
v 0.172842 0.045212 0.153682
v 0.173155 0.006770 0.156861
v 0.173155 0.045212 0.156861
v 0.172842 0.006770 0.160039
v 0.172842 0.045212 0.160039
v 0.171915 0.006770 0.163096
v 0.171915 0.045212 0.163096
v 0.170409 0.006770 0.165913
v 0.170409 0.045212 0.165913
v 0.168382 0.006770 0.168382
v 0.168382 0.045212 0.168382
v 0.165913 0.006770 0.170409
v 0.165913 0.045212 0.170409
v 0.163096 0.006770 0.171914
v 0.163096 0.045212 0.171914
v 0.160039 0.006770 0.172842
v 0.160039 0.045212 0.172842
v 0.156861 0.006770 0.173155
v 0.156861 0.045212 0.173155
v 0.153682 0.006770 0.172842
v 0.153682 0.045212 0.172842
v 0.150625 0.006770 0.171914
v 0.150625 0.045212 0.171914
v 0.147808 0.006770 0.170409
v 0.147808 0.045212 0.170409
v 0.145339 0.006770 0.168382
v 0.145339 0.045212 0.168382
v 0.143312 0.006770 0.165913
v 0.143312 0.045212 0.165913
v 0.141807 0.006770 0.163096
v 0.141807 0.045212 0.163096
v 0.140880 0.006770 0.160039
v 0.140880 0.045212 0.160039
v 0.140566 0.006770 0.156861
v 0.140566 0.045212 0.156861
v 0.140880 0.006770 0.153682
v 0.140880 0.045212 0.153682
v 0.141807 0.006770 0.150625
v 0.141807 0.045212 0.150625
v 0.143312 0.006770 0.147808
v 0.143312 0.045212 0.147808
v 0.143270 0.014458 0.143269
v 0.143270 0.022147 0.143269
v 0.143270 0.029835 0.143269
v 0.143270 0.037523 0.143269
v 0.146182 0.037523 0.140879
v 0.146182 0.029835 0.140879
v 0.146182 0.022147 0.140879
v 0.146182 0.014458 0.140879
v 0.149505 0.037523 0.139103
v 0.149505 0.029835 0.139103
v 0.149505 0.022147 0.139103
v 0.149505 0.014458 0.139103
v 0.153111 0.037523 0.138009
v 0.153111 0.029835 0.138009
v 0.153111 0.022147 0.138009
v 0.153111 0.014458 0.138009
v 0.156861 0.037523 0.137640
v 0.156861 0.029835 0.137640
v 0.156861 0.022147 0.137640
v 0.156861 0.014458 0.137640
v 0.160610 0.037523 0.138009
v 0.160610 0.029835 0.138009
v 0.160610 0.022147 0.138009
v 0.160610 0.014458 0.138009
v 0.164216 0.037523 0.139103
v 0.164216 0.029835 0.139103
v 0.164216 0.022147 0.139103
v 0.164216 0.014458 0.139103
v 0.167539 0.037523 0.140879
v 0.167539 0.029835 0.140879
v 0.167539 0.022147 0.140879
v 0.167539 0.014458 0.140879
v 0.170452 0.037523 0.143269
v 0.170452 0.029835 0.143269
v 0.170452 0.022147 0.143269
v 0.170452 0.014458 0.143269
v 0.172842 0.037523 0.146182
v 0.172842 0.029835 0.146182
v 0.172842 0.022147 0.146182
v 0.172842 0.014458 0.146182
v 0.174618 0.037523 0.149505
v 0.174618 0.029835 0.149505
v 0.174618 0.022147 0.149505
v 0.174618 0.014458 0.149505
v 0.175712 0.037523 0.153111
v 0.175712 0.029835 0.153111
v 0.175712 0.022147 0.153111
v 0.175712 0.014458 0.153111
v 0.176081 0.037523 0.156861
v 0.176081 0.029835 0.156861
v 0.176081 0.022147 0.156861
v 0.176081 0.014458 0.156861
v 0.175712 0.037523 0.160610
v 0.175712 0.029835 0.160610
v 0.175712 0.022147 0.160610
v 0.175712 0.014458 0.160610
v 0.174618 0.037523 0.164216
v 0.174618 0.029835 0.164216
v 0.174618 0.022147 0.164216
v 0.174618 0.014458 0.164216
v 0.172842 0.037523 0.167539
v 0.172842 0.029835 0.167539
v 0.172842 0.022147 0.167539
v 0.172842 0.014458 0.167539
v 0.170452 0.037523 0.170452
v 0.170452 0.029835 0.170452
v 0.170452 0.022147 0.170452
v 0.170452 0.014458 0.170452
v 0.167539 0.037523 0.172842
v 0.167539 0.029835 0.172842
v 0.167539 0.022147 0.172842
v 0.167539 0.014458 0.172842
v 0.164216 0.037523 0.174618
v 0.164216 0.029835 0.174618
v 0.164216 0.022147 0.174618
v 0.164216 0.014458 0.174618
v 0.160610 0.037523 0.175712
v 0.160610 0.029835 0.175712
v 0.160610 0.022147 0.175712
v 0.160610 0.014458 0.175712
v 0.156861 0.037523 0.176081
v 0.156861 0.029835 0.176081
v 0.156861 0.022147 0.176081
v 0.156861 0.014458 0.176081
v 0.153111 0.037523 0.175712
v 0.153111 0.029835 0.175712
v 0.153111 0.022147 0.175712
v 0.153111 0.014458 0.175712
v 0.149505 0.037523 0.174618
v 0.149505 0.029835 0.174618
v 0.149505 0.022147 0.174618
v 0.149505 0.014458 0.174618
v 0.146182 0.037523 0.172842
v 0.146182 0.029835 0.172842
v 0.146182 0.022147 0.172842
v 0.146182 0.014458 0.172842
v 0.143270 0.037523 0.170452
v 0.143270 0.029835 0.170452
v 0.143270 0.022147 0.170452
v 0.143270 0.014458 0.170452
v 0.140879 0.037523 0.167539
v 0.140879 0.029835 0.167539
v 0.140879 0.022147 0.167539
v 0.140879 0.014458 0.167539
v 0.139103 0.037523 0.164216
v 0.139103 0.029835 0.164216
v 0.139103 0.022147 0.164216
v 0.139103 0.014458 0.164216
v 0.138009 0.037523 0.160610
v 0.138009 0.029835 0.160610
v 0.138009 0.022147 0.160610
v 0.138009 0.014458 0.160610
v 0.137640 0.037523 0.156861
v 0.137640 0.029835 0.156861
v 0.137640 0.022147 0.156861
v 0.137640 0.014458 0.156861
v 0.138009 0.037523 0.153111
v 0.138009 0.029835 0.153111
v 0.138009 0.022147 0.153111
v 0.138009 0.014458 0.153111
v 0.139103 0.037523 0.149505
v 0.139103 0.029835 0.149505
v 0.139103 0.022147 0.149505
v 0.139103 0.014458 0.149505
v 0.140879 0.037523 0.146182
v 0.140879 0.029835 0.146182
v 0.140879 0.022147 0.146182
v 0.140879 0.014458 0.146182
v 0.021188 0.773362 0.021187
v 0.021188 0.760071 0.021187
v 0.016647 0.773362 0.024914
v 0.016647 0.760071 0.024914
v 0.011467 0.773362 0.027683
v 0.011467 0.760071 0.027683
v 0.005846 0.773362 0.029388
v 0.005846 0.760071 0.029388
v 0.000000 0.773362 0.029964
v 0.000000 0.760071 0.029964
v -0.005846 0.773362 0.029388
v -0.005846 0.760071 0.029388
v -0.011467 0.773362 0.027683
v -0.011467 0.760071 0.027683
v -0.016647 0.773362 0.024914
v -0.016647 0.760071 0.024914
v -0.021188 0.773362 0.021187
v -0.021188 0.760071 0.021187
v -0.024914 0.773362 0.016647
v -0.024914 0.760071 0.016647
v -0.027683 0.773362 0.011467
v -0.027683 0.760071 0.011467
v -0.029388 0.773362 0.005846
v -0.029388 0.760071 0.005846
v -0.029964 0.773362 -0.000000
v -0.029964 0.760071 -0.000000
v -0.029388 0.773362 -0.005846
v -0.029388 0.760071 -0.005846
v -0.027683 0.773362 -0.011467
v -0.027683 0.760071 -0.011467
v -0.024914 0.773362 -0.016647
v -0.024914 0.760071 -0.016647
v -0.021188 0.773362 -0.021188
v -0.021188 0.760071 -0.021188
v -0.016647 0.773362 -0.024914
v -0.016647 0.760071 -0.024914
v -0.011467 0.773362 -0.027683
v -0.011467 0.760071 -0.027683
v -0.005846 0.773362 -0.029388
v -0.005846 0.760071 -0.029388
v 0.000000 0.773362 -0.029964
v 0.000000 0.760071 -0.029964
v 0.005846 0.773362 -0.029388
v 0.005846 0.760071 -0.029388
v 0.011467 0.773362 -0.027683
v 0.011467 0.760071 -0.027683
v 0.016647 0.773362 -0.024914
v 0.016647 0.760071 -0.024914
v 0.021188 0.773362 -0.021188
v 0.021188 0.760071 -0.021188
v 0.024914 0.773362 -0.016647
v 0.024914 0.760071 -0.016647
v 0.027683 0.773362 -0.011467
v 0.027683 0.760071 -0.011467
v 0.029388 0.773362 -0.005846
v 0.029388 0.760071 -0.005846
v 0.029964 0.773362 -0.000000
v 0.029964 0.760071 -0.000000
v 0.029388 0.773362 0.005846
v 0.029388 0.760071 0.005846
v 0.027683 0.773362 0.011467
v 0.027683 0.760071 0.011467
v 0.024914 0.773362 0.016647
v 0.024914 0.760071 0.016647
v 0.036818 0.768932 0.024601
v 0.036818 0.764502 0.024601
v 0.040910 0.768932 0.016945
v 0.040910 0.764502 0.016945
v 0.043430 0.768932 0.008639
v 0.043430 0.764502 0.008639
v 0.044281 0.768932 -0.000000
v 0.044281 0.764502 -0.000000
v 0.043430 0.768932 -0.008639
v 0.043430 0.764502 -0.008639
v 0.040910 0.768932 -0.016946
v 0.040910 0.764502 -0.016946
v 0.036818 0.768932 -0.024601
v 0.036818 0.764502 -0.024601
v 0.031311 0.768932 -0.031311
v 0.031311 0.764502 -0.031311
v 0.024601 0.768932 -0.036818
v 0.024601 0.764502 -0.036818
v 0.016946 0.768932 -0.040910
v 0.016946 0.764502 -0.040910
v 0.008639 0.768932 -0.043430
v 0.008639 0.764502 -0.043430
v 0.000000 0.768932 -0.044281
v 0.000000 0.764502 -0.044281
v -0.008639 0.768932 -0.043430
v -0.008639 0.764502 -0.043430
v -0.016946 0.768932 -0.040910
v -0.016946 0.764502 -0.040910
v -0.024601 0.768932 -0.036818
v -0.024601 0.764502 -0.036818
v -0.031311 0.768932 -0.031311
v -0.031311 0.764502 -0.031311
v -0.036818 0.768932 -0.024601
v -0.036818 0.764502 -0.024601
v -0.040910 0.768932 -0.016946
v -0.040910 0.764502 -0.016946
v -0.043430 0.768932 -0.008639
v -0.043430 0.764502 -0.008639
v -0.044281 0.768932 -0.000000
v -0.044281 0.764502 -0.000000
v -0.043430 0.768932 0.008639
v -0.043430 0.764502 0.008639
v -0.040910 0.768932 0.016945
v -0.040910 0.764502 0.016945
v -0.036818 0.768932 0.024601
v -0.036818 0.764502 0.024601
v -0.031311 0.768932 0.031311
v -0.031311 0.764502 0.031311
v -0.024601 0.768932 0.036818
v -0.024601 0.764502 0.036818
v -0.016946 0.768932 0.040910
v -0.016946 0.764502 0.040910
v -0.008639 0.768932 0.043430
v -0.008639 0.764502 0.043430
v 0.000000 0.768932 0.044281
v 0.000000 0.764502 0.044281
v 0.008639 0.768932 0.043430
v 0.008639 0.764502 0.043430
v 0.016946 0.768932 0.040910
v 0.016946 0.764502 0.040910
v 0.024601 0.768932 0.036818
v 0.024601 0.764502 0.036818
v 0.031311 0.764502 0.031311
v 0.031311 0.768932 0.031311
v 0.031311 0.773362 0.031311
v 0.024601 0.773362 0.036818
v 0.024601 0.760071 0.036818
v 0.031311 0.760071 0.031311
v 0.016946 0.773362 0.040910
v 0.016946 0.760071 0.040910
v 0.008639 0.773362 0.043430
v 0.008639 0.760071 0.043430
v 0.000000 0.773362 0.044281
v 0.000000 0.760071 0.044281
v -0.008639 0.773362 0.043430
v -0.008639 0.760071 0.043430
v -0.016946 0.773362 0.040910
v -0.016946 0.760071 0.040910
v -0.024601 0.773362 0.036818
v -0.024601 0.760071 0.036818
v -0.031311 0.773362 0.031311
v -0.031311 0.760071 0.031311
v -0.036818 0.773362 0.024601
v -0.036818 0.760071 0.024601
v -0.040910 0.773362 0.016945
v -0.040910 0.760071 0.016945
v -0.043430 0.773362 0.008639
v -0.043430 0.760071 0.008639
v -0.044281 0.773362 -0.000000
v -0.044281 0.760071 -0.000000
v -0.043430 0.773362 -0.008639
v -0.043430 0.760071 -0.008639
v -0.040910 0.773362 -0.016946
v -0.040910 0.760071 -0.016946
v -0.036818 0.773362 -0.024601
v -0.036818 0.760071 -0.024601
v -0.031311 0.773362 -0.031311
v -0.031311 0.760071 -0.031311
v -0.024601 0.773362 -0.036818
v -0.024601 0.760071 -0.036818
v -0.016946 0.773362 -0.040910
v -0.016946 0.760071 -0.040910
v -0.008639 0.773362 -0.043430
v -0.008639 0.760071 -0.043430
v 0.000000 0.773362 -0.044281
v 0.000000 0.760071 -0.044281
v 0.008639 0.773362 -0.043430
v 0.008639 0.760071 -0.043430
v 0.016946 0.773362 -0.040910
v 0.016946 0.760071 -0.040910
v 0.024601 0.773362 -0.036818
v 0.024601 0.760071 -0.036818
v 0.031311 0.773362 -0.031311
v 0.031311 0.760071 -0.031311
v 0.036818 0.773362 -0.024601
v 0.036818 0.760071 -0.024601
v 0.040910 0.773362 -0.016946
v 0.040910 0.760071 -0.016946
v 0.043430 0.773362 -0.008639
v 0.043430 0.760071 -0.008639
v 0.044281 0.773362 -0.000000
v 0.044281 0.760071 -0.000000
v 0.043430 0.773362 0.008639
v 0.043430 0.760071 0.008639
v 0.040910 0.773362 0.016945
v 0.040910 0.760071 0.016945
v 0.036818 0.773362 0.024601
v 0.036818 0.760071 0.024601
v 0.027708 0.773362 0.027708
v 0.021770 0.773362 0.032581
v 0.021770 0.760071 0.032581
v 0.027708 0.760071 0.027708
v 0.014996 0.773362 0.036202
v 0.014996 0.760071 0.036202
v 0.007645 0.773362 0.038432
v 0.007645 0.760071 0.038432
v 0.000000 0.773362 0.039185
v 0.000000 0.760071 0.039185
v -0.007645 0.773362 0.038432
v -0.007645 0.760071 0.038432
v -0.014996 0.773362 0.036202
v -0.014996 0.760071 0.036202
v -0.021770 0.773362 0.032581
v -0.021770 0.760071 0.032581
v -0.027708 0.773362 0.027708
v -0.027708 0.760071 0.027708
v -0.032581 0.773362 0.021770
v -0.032581 0.760071 0.021770
v -0.036203 0.773362 0.014995
v -0.036203 0.760071 0.014995
v -0.038432 0.773362 0.007645
v -0.038432 0.760071 0.007645
v -0.039185 0.773362 -0.000000
v -0.039185 0.760071 -0.000000
v -0.038432 0.773362 -0.007645
v -0.038432 0.760071 -0.007645
v -0.036203 0.773362 -0.014996
v -0.036203 0.760071 -0.014996
v -0.032581 0.773362 -0.021770
v -0.032581 0.760071 -0.021770
v -0.027708 0.773362 -0.027708
v -0.027708 0.760071 -0.027708
v -0.021770 0.773362 -0.032582
v -0.021770 0.760071 -0.032582
v -0.014996 0.773362 -0.036203
v -0.014996 0.760071 -0.036203
v -0.007645 0.773362 -0.038433
v -0.007645 0.760071 -0.038433
v 0.000000 0.773362 -0.039186
v 0.000000 0.760071 -0.039185
v 0.007645 0.773362 -0.038433
v 0.007645 0.760071 -0.038433
v 0.014996 0.773362 -0.036203
v 0.014996 0.760071 -0.036203
v 0.021770 0.773362 -0.032582
v 0.021770 0.760071 -0.032582
v 0.027708 0.773362 -0.027708
v 0.027708 0.760071 -0.027708
v 0.032581 0.773362 -0.021770
v 0.032581 0.760071 -0.021770
v 0.036203 0.773362 -0.014996
v 0.036203 0.760071 -0.014996
v 0.038432 0.773362 -0.007645
v 0.038432 0.760071 -0.007645
v 0.039185 0.773362 -0.000000
v 0.039185 0.760071 -0.000000
v 0.038432 0.773362 0.007645
v 0.038432 0.760071 0.007645
v 0.036203 0.773362 0.014995
v 0.036203 0.760071 0.014995
v 0.032581 0.773362 0.021770
v 0.032581 0.760071 0.021770
vn -0.6545 0.3784 -0.6545
vn -0.5142 0.3784 -0.7696
vn -0.5556 -0.0000 -0.8315
vn -0.7071 -0.0000 -0.7071
vn -0.5042 0.7011 -0.5042
vn -0.3962 0.7011 -0.5929
vn -0.2779 0.9195 -0.2779
vn -0.2183 0.9195 -0.3268
vn -0.0086 0.9999 -0.0086
vn -0.0068 0.9999 -0.0101
vn 0.2632 0.9282 0.2632
vn 0.2068 0.9282 0.3095
vn 0.4956 0.7132 0.4956
vn 0.3894 0.7132 0.5828
vn 0.6520 0.3871 0.6520
vn 0.5123 0.3871 0.7667
vn 0.7071 -0.0000 0.7071
vn 0.5556 -0.0000 0.8315
vn 0.6520 -0.3871 0.6520
vn 0.5123 -0.3871 0.7667
vn 0.4956 -0.7132 0.4956
vn 0.3894 -0.7132 0.5828
vn 0.2632 -0.9282 0.2632
vn 0.2068 -0.9282 0.3095
vn -0.0086 -0.9999 -0.0086
vn -0.0068 -0.9999 -0.0101
vn -0.2779 -0.9195 -0.2779
vn -0.2183 -0.9195 -0.3268
vn -0.5042 -0.7011 -0.5042
vn -0.3962 -0.7011 -0.5929
vn -0.6545 -0.3784 -0.6545
vn -0.5142 -0.3784 -0.7696
vn -0.3542 0.3784 -0.8552
vn -0.3827 -0.0000 -0.9239
vn -0.2729 0.7011 -0.6588
vn -0.1504 0.9195 -0.3631
vn -0.0047 0.9999 -0.0113
vn 0.1424 0.9282 0.3439
vn 0.2682 0.7132 0.6476
vn 0.3529 0.3871 0.8519
vn 0.3827 -0.0000 0.9239
vn 0.3529 -0.3871 0.8519
vn 0.2682 -0.7132 0.6476
vn 0.1424 -0.9282 0.3439
vn -0.0047 -0.9999 -0.0113
vn -0.1504 -0.9195 -0.3631
vn -0.2729 -0.7011 -0.6588
vn -0.3542 -0.3784 -0.8552
vn -0.1806 0.3784 -0.9078
vn -0.1951 -0.0000 -0.9808
vn -0.1391 0.7011 -0.6994
vn -0.0767 0.9195 -0.3854
vn -0.0024 0.9999 -0.0120
vn 0.0726 0.9282 0.3650
vn 0.1367 0.7132 0.6874
vn 0.1799 0.3871 0.9043
vn 0.1951 -0.0000 0.9808
vn 0.1799 -0.3871 0.9043
vn 0.1367 -0.7132 0.6874
vn 0.0726 -0.9282 0.3650
vn -0.0024 -0.9999 -0.0120
vn -0.0767 -0.9195 -0.3854
vn -0.1391 -0.7011 -0.6994
vn -0.1806 -0.3784 -0.9078
vn -0.0000 0.3785 -0.9256
vn -0.0000 -0.0000 -1.0000
vn -0.0000 0.7011 -0.7131
vn -0.0000 0.9195 -0.3930
vn -0.0000 0.9999 -0.0122
vn -0.0000 0.9282 0.3722
vn -0.0000 0.7132 0.7009
vn -0.0000 0.3871 0.9221
vn -0.0000 -0.0000 1.0000
vn -0.0000 -0.3871 0.9221
vn -0.0000 -0.7132 0.7009
vn -0.0000 -0.9282 0.3722
vn -0.0000 -0.9999 -0.0122
vn -0.0000 -0.9195 -0.3930
vn -0.0000 -0.7011 -0.7131
vn -0.0000 -0.3784 -0.9256
vn 0.1806 0.3785 -0.9078
vn 0.1951 -0.0000 -0.9808
vn 0.1391 0.7011 -0.6994
vn 0.0767 0.9195 -0.3854
vn 0.0024 0.9999 -0.0120
vn -0.0726 0.9282 0.3650
vn -0.1367 0.7132 0.6874
vn -0.1799 0.3871 0.9043
vn -0.1951 -0.0000 0.9808
vn -0.1799 -0.3871 0.9043
vn -0.1367 -0.7132 0.6874
vn -0.0726 -0.9282 0.3650
vn 0.0024 -0.9999 -0.0120
vn 0.0767 -0.9195 -0.3854
vn 0.1391 -0.7011 -0.6994
vn 0.1806 -0.3784 -0.9078
vn 0.3542 0.3785 -0.8552
vn 0.3827 -0.0000 -0.9239
vn 0.2729 0.7011 -0.6588
vn 0.1504 0.9195 -0.3631
vn 0.0047 0.9999 -0.0113
vn -0.1424 0.9282 0.3439
vn -0.2682 0.7132 0.6476
vn -0.3529 0.3871 0.8519
vn -0.3827 -0.0000 0.9239
vn -0.3529 -0.3871 0.8519
vn -0.2682 -0.7132 0.6476
vn -0.1424 -0.9282 0.3439
vn 0.0047 -0.9999 -0.0113
vn 0.1504 -0.9195 -0.3631
vn 0.2729 -0.7011 -0.6588
vn 0.3542 -0.3784 -0.8552
vn 0.5142 0.3784 -0.7696
vn 0.5556 -0.0000 -0.8315
vn 0.3962 0.7011 -0.5929
vn 0.2183 0.9195 -0.3268
vn 0.0068 0.9999 -0.0101
vn -0.2068 0.9282 0.3095
vn -0.3894 0.7132 0.5828
vn -0.5123 0.3871 0.7667
vn -0.5556 -0.0000 0.8315
vn -0.5123 -0.3871 0.7667
vn -0.3894 -0.7132 0.5828
vn -0.2068 -0.9282 0.3095
vn 0.0068 -0.9999 -0.0101
vn 0.2183 -0.9195 -0.3268
vn 0.3962 -0.7011 -0.5929
vn 0.5142 -0.3784 -0.7696
vn 0.6545 0.3784 -0.6545
vn 0.7071 -0.0000 -0.7071
vn 0.5042 0.7011 -0.5042
vn 0.2779 0.9195 -0.2779
vn 0.0086 0.9999 -0.0086
vn -0.2632 0.9282 0.2632
vn -0.4956 0.7132 0.4956
vn -0.6520 0.3871 0.6520
vn -0.7071 -0.0000 0.7071
vn -0.6520 -0.3871 0.6520
vn -0.4956 -0.7132 0.4956
vn -0.2632 -0.9282 0.2632
vn 0.0086 -0.9999 -0.0086
vn 0.2779 -0.9195 -0.2779
vn 0.5042 -0.7011 -0.5042
vn 0.6545 -0.3784 -0.6545
vn 0.7696 0.3785 -0.5142
vn 0.8315 -0.0000 -0.5556
vn 0.5929 0.7011 -0.3962
vn 0.3268 0.9195 -0.2183
vn 0.0101 0.9999 -0.0068
vn -0.3095 0.9282 0.2068
vn -0.5828 0.7132 0.3894
vn -0.7667 0.3871 0.5123
vn -0.8315 -0.0000 0.5556
vn -0.7667 -0.3871 0.5123
vn -0.5828 -0.7132 0.3894
vn -0.3095 -0.9282 0.2068
vn 0.0101 -0.9999 -0.0068
vn 0.3268 -0.9195 -0.2183
vn 0.5929 -0.7011 -0.3962
vn 0.7696 -0.3784 -0.5142
vn 0.8552 0.3784 -0.3542
vn 0.9239 -0.0000 -0.3827
vn 0.6588 0.7011 -0.2729
vn 0.3631 0.9195 -0.1504
vn 0.0113 0.9999 -0.0047
vn -0.3439 0.9282 0.1424
vn -0.6476 0.7132 0.2682
vn -0.8519 0.3871 0.3529
vn -0.9239 -0.0000 0.3827
vn -0.8519 -0.3871 0.3529
vn -0.6476 -0.7132 0.2682
vn -0.3439 -0.9282 0.1424
vn 0.0113 -0.9999 -0.0047
vn 0.3631 -0.9195 -0.1504
vn 0.6588 -0.7011 -0.2729
vn 0.8552 -0.3784 -0.3542
vn 0.9078 0.3784 -0.1806
vn 0.9808 -0.0000 -0.1951
vn 0.6994 0.7011 -0.1391
vn 0.3854 0.9195 -0.0767
vn 0.0120 0.9999 -0.0024
vn -0.3650 0.9282 0.0726
vn -0.6874 0.7132 0.1367
vn -0.9043 0.3871 0.1799
vn -0.9808 -0.0000 0.1951
vn -0.9043 -0.3871 0.1799
vn -0.6874 -0.7132 0.1367
vn -0.3650 -0.9282 0.0726
vn 0.0120 -0.9999 -0.0024
vn 0.3854 -0.9195 -0.0767
vn 0.6994 -0.7011 -0.1391
vn 0.9078 -0.3784 -0.1806
vn 0.9256 0.3784 -0.0000
vn 1.0000 -0.0000 -0.0000
vn 0.7131 0.7011 -0.0000
vn 0.3930 0.9195 -0.0000
vn 0.0122 0.9999 -0.0000
vn -0.3722 0.9282 -0.0000
vn -0.7009 0.7132 -0.0000
vn -0.9221 0.3871 -0.0000
vn -1.0000 -0.0000 -0.0000
vn -0.9221 -0.3871 -0.0000
vn -0.7009 -0.7132 -0.0000
vn -0.3722 -0.9282 -0.0000
vn 0.0122 -0.9999 -0.0000
vn 0.3930 -0.9195 -0.0000
vn 0.7131 -0.7011 -0.0000
vn 0.9256 -0.3784 -0.0000
vn 0.9078 0.3785 0.1806
vn 0.9808 -0.0000 0.1951
vn 0.6994 0.7011 0.1391
vn 0.3854 0.9195 0.0767
vn 0.0120 0.9999 0.0024
vn -0.3650 0.9282 -0.0726
vn -0.6874 0.7132 -0.1367
vn -0.9043 0.3871 -0.1799
vn -0.9808 -0.0000 -0.1951
vn -0.9043 -0.3871 -0.1799
vn -0.6874 -0.7132 -0.1367
vn -0.3650 -0.9282 -0.0726
vn 0.0120 -0.9999 0.0024
vn 0.3854 -0.9195 0.0767
vn 0.6994 -0.7011 0.1391
vn 0.9078 -0.3784 0.1806
vn 0.8552 0.3784 0.3542
vn 0.9239 -0.0000 0.3827
vn 0.6588 0.7011 0.2729
vn 0.3631 0.9195 0.1504
vn 0.0113 0.9999 0.0047
vn -0.3439 0.9282 -0.1424
vn -0.6476 0.7132 -0.2682
vn -0.8519 0.3871 -0.3529
vn -0.9239 -0.0000 -0.3827
vn -0.8519 -0.3871 -0.3529
vn -0.6476 -0.7132 -0.2682
vn -0.3438 -0.9282 -0.1424
vn 0.0113 -0.9999 0.0047
vn 0.3631 -0.9195 0.1504
vn 0.6588 -0.7011 0.2729
vn 0.8552 -0.3784 0.3542
vn 0.7696 0.3784 0.5142
vn 0.8315 -0.0000 0.5556
vn 0.5929 0.7011 0.3962
vn 0.3268 0.9195 0.2183
vn 0.0101 0.9999 0.0068
vn -0.3095 0.9282 -0.2068
vn -0.5828 0.7132 -0.3894
vn -0.7667 0.3871 -0.5123
vn -0.8315 -0.0000 -0.5556
vn -0.7667 -0.3871 -0.5123
vn -0.5828 -0.7132 -0.3894
vn -0.3095 -0.9282 -0.2068
vn 0.0101 -0.9999 0.0068
vn 0.3268 -0.9195 0.2183
vn 0.5929 -0.7011 0.3962
vn 0.7696 -0.3784 0.5143
vn 0.6545 0.3784 0.6545
vn 0.5042 0.7011 0.5042
vn 0.2779 0.9195 0.2779
vn 0.0086 0.9999 0.0086
vn -0.2632 0.9282 -0.2632
vn -0.4956 0.7132 -0.4956
vn -0.6520 0.3871 -0.6520
vn -0.6520 -0.3871 -0.6520
vn -0.4956 -0.7132 -0.4956
vn -0.2632 -0.9282 -0.2632
vn 0.0086 -0.9999 0.0086
vn 0.2779 -0.9195 0.2779
vn 0.5042 -0.7011 0.5042
vn 0.6545 -0.3784 0.6545
vn 0.5142 0.3784 0.7696
vn 0.3962 0.7011 0.5929
vn 0.2183 0.9195 0.3268
vn 0.0068 0.9999 0.0101
vn -0.2068 0.9282 -0.3095
vn -0.3894 0.7132 -0.5828
vn -0.5123 0.3871 -0.7667
vn -0.5123 -0.3871 -0.7667
vn -0.3894 -0.7132 -0.5828
vn -0.2068 -0.9282 -0.3095
vn 0.0068 -0.9999 0.0101
vn 0.2183 -0.9195 0.3268
vn 0.3962 -0.7011 0.5929
vn 0.5142 -0.3784 0.7696
vn 0.3542 0.3784 0.8552
vn 0.2729 0.7011 0.6588
vn 0.1504 0.9195 0.3631
vn 0.0047 0.9999 0.0113
vn -0.1424 0.9282 -0.3439
vn -0.2682 0.7132 -0.6476
vn -0.3529 0.3871 -0.8519
vn -0.3529 -0.3871 -0.8519
vn -0.2682 -0.7132 -0.6476
vn -0.1424 -0.9282 -0.3439
vn 0.0047 -0.9999 0.0113
vn 0.1504 -0.9195 0.3631
vn 0.2729 -0.7011 0.6588
vn 0.3542 -0.3784 0.8552
vn 0.1806 0.3785 0.9078
vn 0.1391 0.7011 0.6994
vn 0.0767 0.9195 0.3854
vn 0.0024 0.9999 0.0120
vn -0.0726 0.9282 -0.3650
vn -0.1367 0.7132 -0.6874
vn -0.1799 0.3871 -0.9043
vn -0.1799 -0.3871 -0.9043
vn -0.1367 -0.7132 -0.6874
vn -0.0726 -0.9282 -0.3650
vn 0.0024 -0.9999 0.0120
vn 0.0767 -0.9195 0.3854
vn 0.1391 -0.7011 0.6994
vn 0.1806 -0.3784 0.9078
vn -0.0000 0.3785 0.9256
vn -0.0000 0.7011 0.7131
vn -0.0000 0.9195 0.3930
vn -0.0000 0.9999 0.0122
vn -0.0000 0.9282 -0.3722
vn -0.0000 0.7132 -0.7009
vn -0.0000 0.3871 -0.9221
vn -0.0000 -0.3871 -0.9221
vn -0.0000 -0.7132 -0.7009
vn -0.0000 -0.9282 -0.3722
vn -0.0000 -0.9999 0.0122
vn -0.0000 -0.9195 0.3930
vn -0.0000 -0.7011 0.7131
vn -0.0000 -0.3784 0.9256
vn -0.1806 0.3784 0.9078
vn -0.1391 0.7011 0.6994
vn -0.0767 0.9195 0.3854
vn -0.0024 0.9999 0.0120
vn 0.0726 0.9282 -0.3650
vn 0.1367 0.7132 -0.6874
vn 0.1799 0.3871 -0.9043
vn 0.1799 -0.3871 -0.9043
vn 0.1367 -0.7132 -0.6874
vn 0.0726 -0.9282 -0.3650
vn -0.0024 -0.9999 0.0120
vn -0.0767 -0.9195 0.3854
vn -0.1391 -0.7011 0.6994
vn -0.1806 -0.3784 0.9078
vn -0.3542 0.3784 0.8552
vn -0.2729 0.7011 0.6588
vn -0.1504 0.9195 0.3631
vn -0.0047 0.9999 0.0113
vn 0.1424 0.9282 -0.3439
vn 0.2682 0.7132 -0.6476
vn 0.3529 0.3871 -0.8519
vn 0.3529 -0.3871 -0.8519
vn 0.2682 -0.7132 -0.6476
vn 0.1424 -0.9282 -0.3439
vn -0.0047 -0.9999 0.0113
vn -0.1504 -0.9195 0.3631
vn -0.2729 -0.7011 0.6588
vn -0.3542 -0.3784 0.8552
vn -0.5142 0.3784 0.7696
vn -0.3962 0.7011 0.5929
vn -0.2183 0.9195 0.3268
vn -0.0068 0.9999 0.0101
vn 0.2068 0.9282 -0.3095
vn 0.3894 0.7132 -0.5828
vn 0.5123 0.3871 -0.7667
vn 0.5123 -0.3871 -0.7667
vn 0.3894 -0.7132 -0.5828
vn 0.2068 -0.9282 -0.3095
vn -0.0068 -0.9999 0.0101
vn -0.2183 -0.9195 0.3268
vn -0.3962 -0.7011 0.5929
vn -0.5142 -0.3784 0.7696
vn -0.6545 0.3784 0.6545
vn -0.5042 0.7011 0.5042
vn -0.2779 0.9195 0.2779
vn -0.0086 0.9999 0.0086
vn 0.2632 0.9282 -0.2632
vn 0.4956 0.7132 -0.4956
vn 0.6520 0.3871 -0.6520
vn 0.6520 -0.3871 -0.6520
vn 0.4956 -0.7132 -0.4956
vn 0.2632 -0.9282 -0.2632
vn -0.0086 -0.9999 0.0086
vn -0.2779 -0.9195 0.2779
vn -0.5042 -0.7011 0.5042
vn -0.6545 -0.3784 0.6545
vn -0.7696 0.3784 0.5142
vn -0.5929 0.7011 0.3962
vn -0.3268 0.9195 0.2183
vn -0.0101 0.9999 0.0068
vn 0.3095 0.9282 -0.2068
vn 0.5828 0.7132 -0.3894
vn 0.7667 0.3871 -0.5123
vn 0.7667 -0.3871 -0.5123
vn 0.5828 -0.7132 -0.3894
vn 0.3095 -0.9282 -0.2068
vn -0.0101 -0.9999 0.0068
vn -0.3268 -0.9195 0.2183
vn -0.5929 -0.7011 0.3962
vn -0.7696 -0.3784 0.5143
vn -0.8552 0.3784 0.3542
vn -0.6588 0.7011 0.2729
vn -0.3631 0.9195 0.1504
vn -0.0113 0.9999 0.0047
vn 0.3439 0.9282 -0.1424
vn 0.6476 0.7132 -0.2682
vn 0.8519 0.3871 -0.3529
vn 0.8519 -0.3871 -0.3529
vn 0.6476 -0.7132 -0.2682
vn 0.3439 -0.9282 -0.1424
vn -0.0113 -0.9999 0.0047
vn -0.3631 -0.9195 0.1504
vn -0.6588 -0.7011 0.2729
vn -0.8552 -0.3784 0.3542
vn -0.9078 0.3785 0.1806
vn -0.6994 0.7011 0.1391
vn -0.3854 0.9195 0.0767
vn -0.0120 0.9999 0.0024
vn 0.3650 0.9282 -0.0726
vn 0.6874 0.7132 -0.1367
vn 0.9043 0.3871 -0.1799
vn 0.9043 -0.3871 -0.1799
vn 0.6874 -0.7132 -0.1367
vn 0.3650 -0.9282 -0.0726
vn -0.0120 -0.9999 0.0024
vn -0.3854 -0.9195 0.0767
vn -0.6994 -0.7011 0.1391
vn -0.9078 -0.3784 0.1806
vn -0.9256 0.3785 -0.0000
vn -0.7131 0.7011 -0.0000
vn -0.3930 0.9195 -0.0000
vn -0.0122 0.9999 -0.0000
vn 0.3722 0.9282 -0.0000
vn 0.7009 0.7132 -0.0000
vn 0.9221 0.3871 -0.0000
vn 0.9221 -0.3871 -0.0000
vn 0.7009 -0.7132 -0.0000
vn 0.3722 -0.9282 -0.0000
vn -0.0122 -0.9999 -0.0000
vn -0.3930 -0.9195 -0.0000
vn -0.7131 -0.7011 -0.0000
vn -0.9256 -0.3784 -0.0000
vn -0.9078 0.3785 -0.1806
vn -0.6994 0.7011 -0.1391
vn -0.3854 0.9195 -0.0767
vn -0.0120 0.9999 -0.0024
vn 0.3650 0.9282 0.0726
vn 0.6874 0.7132 0.1367
vn 0.9043 0.3871 0.1799
vn 0.9043 -0.3871 0.1799
vn 0.6874 -0.7132 0.1367
vn 0.3650 -0.9282 0.0726
vn -0.0120 -0.9999 -0.0024
vn -0.3854 -0.9195 -0.0767
vn -0.6994 -0.7011 -0.1391
vn -0.9078 -0.3784 -0.1806
vn -0.8552 0.3785 -0.3542
vn -0.6588 0.7011 -0.2729
vn -0.3631 0.9195 -0.1504
vn -0.0113 0.9999 -0.0047
vn 0.3439 0.9282 0.1424
vn 0.6476 0.7132 0.2682
vn 0.8519 0.3871 0.3529
vn 0.8519 -0.3871 0.3529
vn 0.6476 -0.7132 0.2682
vn 0.3439 -0.9282 0.1424
vn -0.0113 -0.9999 -0.0047
vn -0.3631 -0.9195 -0.1504
vn -0.6588 -0.7011 -0.2729
vn -0.8552 -0.3784 -0.3542
vn -0.7696 0.3784 -0.5142
vn -0.5929 0.7011 -0.3962
vn -0.3268 0.9195 -0.2183
vn -0.0101 0.9999 -0.0068
vn 0.3095 0.9282 0.2068
vn 0.5828 0.7132 0.3894
vn 0.7667 0.3871 0.5123
vn 0.7667 -0.3871 0.5123
vn 0.5828 -0.7132 0.3894
vn 0.3095 -0.9282 0.2068
vn -0.0101 -0.9999 -0.0068
vn -0.3268 -0.9195 -0.2183
vn -0.5929 -0.7011 -0.3962
vn -0.7696 -0.3784 -0.5143
vn -0.0000 0.3784 -0.9256
vn 0.1806 0.3784 -0.9078
vn 0.3542 0.3784 -0.8552
vn 0.7696 0.3784 -0.5142
vn 0.8552 -0.3785 -0.3542
vn 0.9078 0.3784 0.1806
vn -0.3439 -0.9282 -0.1424
vn 0.7696 -0.3784 0.5142
vn 0.1806 0.3784 0.9078
vn -0.0000 0.3784 0.9256
vn -0.7696 -0.3784 0.5142
vn -0.9078 0.3784 0.1806
vn -0.9256 0.3784 -0.0000
vn -0.9078 0.3784 -0.1806
vn -0.8552 0.3784 -0.3542
vn -0.7696 -0.3784 -0.5142
vn 0.5147 0.6857 0.5147
vn 0.4044 0.6857 0.6052
vn 0.2785 0.6857 0.6725
vn 0.1420 0.6857 0.7139
vn -0.0000 0.6857 0.7279
vn -0.1420 0.6857 0.7139
vn -0.2785 0.6857 0.6725
vn -0.4044 0.6857 0.6052
vn -0.5147 0.6857 0.5147
vn -0.6052 0.6857 0.4044
vn -0.6725 0.6857 0.2785
vn -0.7139 0.6857 0.1420
vn -0.7279 0.6857 -0.0000
vn -0.7139 0.6857 -0.1420
vn -0.6725 0.6857 -0.2785
vn -0.6052 0.6857 -0.4044
vn -0.5147 0.6857 -0.5147
vn -0.4044 0.6857 -0.6052
vn -0.2785 0.6857 -0.6725
vn -0.1420 0.6857 -0.7139
vn -0.0000 0.6857 -0.7279
vn 0.1420 0.6857 -0.7139
vn 0.2785 0.6857 -0.6725
vn 0.4044 0.6857 -0.6052
vn 0.5147 0.6857 -0.5147
vn 0.6052 0.6857 -0.4044
vn 0.6725 0.6857 -0.2785
vn 0.7139 0.6857 -0.1420
vn 0.7279 0.6857 -0.0000
vn 0.7139 0.6857 0.1420
vn 0.6725 0.6857 0.2785
vn -0.0000 1.0000 -0.0000
vn 0.6052 0.6857 0.4044
vn -0.0000 -1.0000 -0.0000
vn 0.5147 -0.6857 0.5147
vn 0.4044 -0.6857 0.6052
vn 0.2785 -0.6857 0.6725
vn 0.1420 -0.6857 0.7139
vn -0.0000 -0.6857 0.7279
vn -0.1420 -0.6857 0.7139
vn -0.2785 -0.6857 0.6725
vn -0.4044 -0.6857 0.6052
vn -0.5147 -0.6857 0.5147
vn -0.6052 -0.6857 0.4044
vn -0.6725 -0.6857 0.2785
vn -0.7139 -0.6857 0.1420
vn -0.7279 -0.6857 -0.0000
vn -0.7139 -0.6857 -0.1420
vn -0.6725 -0.6857 -0.2785
vn -0.6052 -0.6857 -0.4044
vn -0.5147 -0.6857 -0.5147
vn -0.4044 -0.6857 -0.6052
vn -0.2785 -0.6857 -0.6725
vn -0.1420 -0.6857 -0.7139
vn -0.0000 -0.6857 -0.7279
vn 0.1420 -0.6857 -0.7139
vn 0.2785 -0.6857 -0.6725
vn 0.4044 -0.6857 -0.6052
vn 0.5147 -0.6857 -0.5147
vn 0.6052 -0.6857 -0.4044
vn 0.6725 -0.6857 -0.2785
vn 0.7139 -0.6857 -0.1420
vn 0.7279 -0.6857 -0.0000
vn 0.7139 -0.6857 0.1420
vn 0.6725 -0.6857 0.2785
vn 0.6052 -0.6857 0.4044
vt 0.486652 0.302389
vt 0.464600 0.302389
vt 0.464600 0.299498
vt 0.486652 0.299498
vt 0.486652 0.305281
vt 0.464600 0.305281
vt 0.486652 0.308172
vt 0.464600 0.308172
vt 0.486652 0.311063
vt 0.464600 0.311063
vt 0.486652 0.313954
vt 0.464600 0.313954
vt 0.486652 0.316846
vt 0.464600 0.316846
vt 0.486652 0.319737
vt 0.464600 0.319737
vt 0.486652 0.322628
vt 0.464600 0.322628
vt 0.486652 0.325519
vt 0.464600 0.325519
vt 0.486652 0.328411
vt 0.464600 0.328411
vt 0.486652 0.331302
vt 0.464600 0.331302
vt 0.486652 0.334193
vt 0.464600 0.334193
vt 0.486652 0.337085
vt 0.464600 0.337085
vt 0.486652 0.339976
vt 0.464600 0.339976
vt 0.486652 0.342867
vt 0.464600 0.342867
vt 0.486652 0.345758
vt 0.464600 0.345758
vt 0.442548 0.302389
vt 0.442548 0.299498
vt 0.442548 0.305281
vt 0.442548 0.308172
vt 0.442548 0.311063
vt 0.442548 0.313954
vt 0.442548 0.316846
vt 0.442548 0.319737
vt 0.442548 0.322628
vt 0.442548 0.325519
vt 0.442548 0.328411
vt 0.442548 0.331302
vt 0.442548 0.334193
vt 0.442548 0.337085
vt 0.442548 0.339976
vt 0.442548 0.342867
vt 0.442548 0.345758
vt 0.420496 0.302389
vt 0.420496 0.299498
vt 0.420496 0.305281
vt 0.420496 0.308172
vt 0.420496 0.311063
vt 0.420496 0.313954
vt 0.420496 0.316846
vt 0.420496 0.319737
vt 0.420496 0.322628
vt 0.420496 0.325519
vt 0.420496 0.328411
vt 0.420496 0.331302
vt 0.420496 0.334193
vt 0.420496 0.337085
vt 0.420496 0.339976
vt 0.420496 0.342867
vt 0.420496 0.345758
vt 0.398443 0.302389
vt 0.398443 0.299498
vt 0.398443 0.305281
vt 0.398443 0.308172
vt 0.398443 0.311063
vt 0.398443 0.313954
vt 0.398443 0.316846
vt 0.398443 0.319737
vt 0.398443 0.322628
vt 0.398443 0.325519
vt 0.398443 0.328411
vt 0.398443 0.331302
vt 0.398443 0.334193
vt 0.398443 0.337085
vt 0.398443 0.339976
vt 0.398443 0.342867
vt 0.398443 0.345758
vt 0.376391 0.302389
vt 0.376391 0.299498
vt 0.376391 0.305281
vt 0.376391 0.308172
vt 0.376391 0.311063
vt 0.376391 0.313954
vt 0.376391 0.316846
vt 0.376391 0.319737
vt 0.376391 0.322628
vt 0.376391 0.325519
vt 0.376391 0.328411
vt 0.376391 0.331302
vt 0.376391 0.334193
vt 0.376391 0.337085
vt 0.376391 0.339976
vt 0.376391 0.342867
vt 0.376391 0.345758
vt 0.354339 0.302389
vt 0.354339 0.299498
vt 0.354339 0.305281
vt 0.354339 0.308172
vt 0.354339 0.311063
vt 0.354339 0.313954
vt 0.354339 0.316846
vt 0.354339 0.319737
vt 0.354339 0.322628
vt 0.354339 0.325519
vt 0.354339 0.328411
vt 0.354339 0.331302
vt 0.354339 0.334193
vt 0.354339 0.337085
vt 0.354339 0.339976
vt 0.354339 0.342867
vt 0.354339 0.345758
vt 0.332287 0.302389
vt 0.332287 0.299498
vt 0.332287 0.305281
vt 0.332287 0.308172
vt 0.332287 0.311063
vt 0.332287 0.313954
vt 0.332287 0.316846
vt 0.332287 0.319737
vt 0.332287 0.322628
vt 0.332287 0.325519
vt 0.332287 0.328411
vt 0.332287 0.331302
vt 0.332287 0.334193
vt 0.332287 0.337085
vt 0.332287 0.339976
vt 0.332287 0.342867
vt 0.332287 0.345758
vt 0.310235 0.302389
vt 0.310235 0.299498
vt 0.310235 0.305281
vt 0.310235 0.308172
vt 0.310235 0.311063
vt 0.310235 0.313954
vt 0.310235 0.316846
vt 0.310235 0.319737
vt 0.310235 0.322628
vt 0.310235 0.325519
vt 0.310235 0.328411
vt 0.310235 0.331302
vt 0.310235 0.334193
vt 0.310235 0.337085
vt 0.310235 0.339976
vt 0.310235 0.342867
vt 0.310235 0.345758
vt 0.288183 0.302389
vt 0.288183 0.299498
vt 0.288183 0.305281
vt 0.288183 0.308172
vt 0.288183 0.311063
vt 0.288183 0.313954
vt 0.288183 0.316846
vt 0.288183 0.319737
vt 0.288183 0.322628
vt 0.288183 0.325519
vt 0.288183 0.328411
vt 0.288183 0.331302
vt 0.288183 0.334193
vt 0.288183 0.337085
vt 0.288183 0.339976
vt 0.288183 0.342867
vt 0.288183 0.345758
vt 0.266131 0.302389
vt 0.266131 0.299498
vt 0.266131 0.305281
vt 0.266131 0.308172
vt 0.266131 0.311063
vt 0.266131 0.313954
vt 0.266131 0.316846
vt 0.266131 0.319737
vt 0.266131 0.322628
vt 0.266131 0.325519
vt 0.266131 0.328411
vt 0.266131 0.331302
vt 0.266131 0.334193
vt 0.266131 0.337085
vt 0.266131 0.339976
vt 0.266131 0.342867
vt 0.266131 0.345758
vt 0.244078 0.302389
vt 0.244078 0.299498
vt 0.244078 0.305281
vt 0.244078 0.308172
vt 0.244078 0.311063
vt 0.244078 0.313954
vt 0.244078 0.316846
vt 0.244078 0.319737
vt 0.244078 0.322628
vt 0.244078 0.325519
vt 0.244078 0.328411
vt 0.244078 0.331302
vt 0.244078 0.334193
vt 0.244078 0.337085
vt 0.244078 0.339976
vt 0.244078 0.342867
vt 0.244078 0.345758
vt 0.222026 0.302389
vt 0.222026 0.299498
vt 0.222026 0.305281
vt 0.222026 0.308172
vt 0.222026 0.311063
vt 0.222026 0.313954
vt 0.222026 0.316846
vt 0.222026 0.319737
vt 0.222026 0.322628
vt 0.222026 0.325519
vt 0.222026 0.328411
vt 0.222026 0.331302
vt 0.222026 0.334193
vt 0.222026 0.337085
vt 0.222026 0.339976
vt 0.222026 0.342867
vt 0.222026 0.345758
vt 0.199974 0.302389
vt 0.199974 0.299498
vt 0.199974 0.305281
vt 0.199974 0.308172
vt 0.199974 0.311063
vt 0.199974 0.313954
vt 0.199974 0.316846
vt 0.199974 0.319737
vt 0.199974 0.322628
vt 0.199974 0.325519
vt 0.199974 0.328411
vt 0.199974 0.331302
vt 0.199974 0.334193
vt 0.199974 0.337085
vt 0.199974 0.339976
vt 0.199974 0.342867
vt 0.199974 0.345758
vt 0.177922 0.302389
vt 0.177922 0.299498
vt 0.177922 0.305281
vt 0.177922 0.308172
vt 0.177922 0.311063
vt 0.177922 0.313954
vt 0.177922 0.316846
vt 0.177922 0.319737
vt 0.177922 0.322628
vt 0.177922 0.325519
vt 0.177922 0.328411
vt 0.177922 0.331302
vt 0.177922 0.334193
vt 0.177922 0.337084
vt 0.177922 0.339976
vt 0.177922 0.342867
vt 0.177922 0.345758
vt 0.155870 0.302389
vt 0.155870 0.299498
vt 0.155870 0.305281
vt 0.155870 0.308172
vt 0.155870 0.311063
vt 0.155870 0.313954
vt 0.155870 0.316846
vt 0.155870 0.319737
vt 0.155870 0.322628
vt 0.155870 0.325519
vt 0.155870 0.328411
vt 0.155870 0.331302
vt 0.155870 0.334193
vt 0.155870 0.337084
vt 0.155870 0.339976
vt 0.155870 0.342867
vt 0.155870 0.345758
vt 0.133818 0.302389
vt 0.133818 0.299498
vt 0.133818 0.305281
vt 0.133818 0.308172
vt 0.133818 0.311063
vt 0.133818 0.313954
vt 0.133818 0.316846
vt 0.133818 0.319737
vt 0.133818 0.322628
vt 0.133818 0.325519
vt 0.133818 0.328411
vt 0.133818 0.331302
vt 0.133818 0.334193
vt 0.133818 0.337084
vt 0.133818 0.339976
vt 0.133818 0.342867
vt 0.133818 0.345758
vt 0.111765 0.302389
vt 0.111765 0.299498
vt 0.111765 0.305281
vt 0.111765 0.308172
vt 0.111765 0.311063
vt 0.111765 0.313954
vt 0.111765 0.316846
vt 0.111765 0.319737
vt 0.111765 0.322628
vt 0.111765 0.325519
vt 0.111765 0.328411
vt 0.111765 0.331302
vt 0.111765 0.334193
vt 0.111765 0.337084
vt 0.111765 0.339976
vt 0.111765 0.342867
vt 0.111765 0.345758
vt 0.089713 0.302389
vt 0.089713 0.299498
vt 0.089713 0.305281
vt 0.089713 0.308172
vt 0.089713 0.311063
vt 0.089713 0.313954
vt 0.089713 0.316846
vt 0.089713 0.319737
vt 0.089713 0.322628
vt 0.089713 0.325519
vt 0.089713 0.328411
vt 0.089713 0.331302
vt 0.089713 0.334193
vt 0.089713 0.337084
vt 0.089713 0.339976
vt 0.089713 0.342867
vt 0.089713 0.345758
vt 0.067661 0.302389
vt 0.067661 0.299498
vt 0.067661 0.305281
vt 0.067661 0.308172
vt 0.067661 0.311063
vt 0.067661 0.313954
vt 0.067661 0.316846
vt 0.067661 0.319737
vt 0.067661 0.322628
vt 0.067661 0.325519
vt 0.067661 0.328411
vt 0.067661 0.331302
vt 0.067661 0.334193
vt 0.067661 0.337084
vt 0.067661 0.339976
vt 0.067661 0.342867
vt 0.067661 0.345758
vt 0.045609 0.302389
vt 0.045609 0.299498
vt 0.045609 0.305281
vt 0.045609 0.308172
vt 0.045609 0.311063
vt 0.045609 0.313954
vt 0.045609 0.316846
vt 0.045609 0.319737
vt 0.045609 0.322628
vt 0.045609 0.325519
vt 0.045609 0.328411
vt 0.045609 0.331302
vt 0.045609 0.334193
vt 0.045609 0.337084
vt 0.045609 0.339976
vt 0.045609 0.342867
vt 0.045609 0.345758
vt 0.023557 0.302389
vt 0.023557 0.299498
vt 0.023557 0.305281
vt 0.023557 0.308172
vt 0.023557 0.311063
vt 0.023557 0.313954
vt 0.023557 0.316846
vt 0.023557 0.319737
vt 0.023557 0.322628
vt 0.023557 0.325519
vt 0.023557 0.328411
vt 0.023557 0.331302
vt 0.023557 0.334193
vt 0.023557 0.337084
vt 0.023557 0.339976
vt 0.023557 0.342867
vt 0.023557 0.345758
vt 0.001505 0.302389
vt 0.001505 0.299498
vt 0.001505 0.305281
vt 0.001505 0.308172
vt 0.001505 0.311063
vt 0.001505 0.313954
vt 0.001505 0.316846
vt 0.001505 0.319737
vt 0.001505 0.322628
vt 0.001505 0.325519
vt 0.001505 0.328411
vt 0.001505 0.331302
vt 0.001505 0.334193
vt 0.001505 0.337084
vt 0.001505 0.339976
vt 0.001505 0.342867
vt 0.001505 0.345758
vt 0.707173 0.302389
vt 0.685121 0.302389
vt 0.685121 0.299498
vt 0.707173 0.299498
vt 0.707173 0.305281
vt 0.685121 0.305281
vt 0.707173 0.308172
vt 0.685121 0.308172
vt 0.707173 0.311063
vt 0.685121 0.311063
vt 0.707173 0.313954
vt 0.685121 0.313954
vt 0.707173 0.316846
vt 0.685121 0.316846
vt 0.707173 0.319737
vt 0.685121 0.319737
vt 0.707173 0.322628
vt 0.685121 0.322628
vt 0.707173 0.325520
vt 0.685121 0.325520
vt 0.707173 0.328411
vt 0.685121 0.328411
vt 0.707173 0.331302
vt 0.685121 0.331302
vt 0.707173 0.334193
vt 0.685121 0.334193
vt 0.707173 0.337085
vt 0.685121 0.337085
vt 0.707173 0.339976
vt 0.685121 0.339976
vt 0.707173 0.342867
vt 0.685121 0.342867
vt 0.707173 0.345758
vt 0.685121 0.345758
vt 0.663069 0.302389
vt 0.663069 0.299498
vt 0.663069 0.305281
vt 0.663069 0.308172
vt 0.663069 0.311063
vt 0.663069 0.313954
vt 0.663069 0.316846
vt 0.663069 0.319737
vt 0.663069 0.322628
vt 0.663069 0.325520
vt 0.663069 0.328411
vt 0.663069 0.331302
vt 0.663069 0.334193
vt 0.663069 0.337085
vt 0.663069 0.339976
vt 0.663069 0.342867
vt 0.663069 0.345758
vt 0.641017 0.302389
vt 0.641017 0.299498
vt 0.641017 0.305281
vt 0.641017 0.308172
vt 0.641017 0.311063
vt 0.641017 0.313954
vt 0.641017 0.316846
vt 0.641017 0.319737
vt 0.641017 0.322628
vt 0.641017 0.325520
vt 0.641017 0.328411
vt 0.641017 0.331302
vt 0.641017 0.334193
vt 0.641017 0.337085
vt 0.641017 0.339976
vt 0.641017 0.342867
vt 0.641017 0.345758
vt 0.618965 0.302389
vt 0.618965 0.299498
vt 0.618965 0.305281
vt 0.618965 0.308172
vt 0.618965 0.311063
vt 0.618965 0.313954
vt 0.618965 0.316846
vt 0.618965 0.319737
vt 0.618965 0.322628
vt 0.618965 0.325520
vt 0.618965 0.328411
vt 0.618965 0.331302
vt 0.618965 0.334193
vt 0.618965 0.337085
vt 0.618965 0.339976
vt 0.618965 0.342867
vt 0.618965 0.345758
vt 0.596913 0.302389
vt 0.596913 0.299498
vt 0.596913 0.305281
vt 0.596913 0.308172
vt 0.596913 0.311063
vt 0.596913 0.313954
vt 0.596913 0.316846
vt 0.596913 0.319737
vt 0.596913 0.322628
vt 0.596913 0.325520
vt 0.596913 0.328411
vt 0.596913 0.331302
vt 0.596913 0.334193
vt 0.596913 0.337085
vt 0.596913 0.339976
vt 0.596913 0.342867
vt 0.596913 0.345758
vt 0.574861 0.302389
vt 0.574861 0.299498
vt 0.574861 0.305281
vt 0.574861 0.308172
vt 0.574861 0.311063
vt 0.574861 0.313954
vt 0.574861 0.316846
vt 0.574861 0.319737
vt 0.574861 0.322628
vt 0.574861 0.325520
vt 0.574861 0.328411
vt 0.574861 0.331302
vt 0.574861 0.334193
vt 0.574861 0.337085
vt 0.574861 0.339976
vt 0.574861 0.342867
vt 0.574861 0.345758
vt 0.552808 0.302389
vt 0.552808 0.299498
vt 0.552808 0.305281
vt 0.552808 0.308172
vt 0.552808 0.311063
vt 0.552808 0.313954
vt 0.552808 0.316846
vt 0.552808 0.319737
vt 0.552808 0.322628
vt 0.552808 0.325520
vt 0.552808 0.328411
vt 0.552808 0.331302
vt 0.552808 0.334193
vt 0.552808 0.337085
vt 0.552808 0.339976
vt 0.552808 0.342867
vt 0.552808 0.345758
vt 0.530756 0.302389
vt 0.530756 0.299498
vt 0.530756 0.305281
vt 0.530756 0.308172
vt 0.530756 0.311063
vt 0.530756 0.313954
vt 0.530756 0.316846
vt 0.530756 0.319737
vt 0.530756 0.322628
vt 0.530756 0.325519
vt 0.530756 0.328411
vt 0.530756 0.331302
vt 0.530756 0.334193
vt 0.530756 0.337085
vt 0.530756 0.339976
vt 0.530756 0.342867
vt 0.530756 0.345758
vt 0.508704 0.302389
vt 0.508704 0.299498
vt 0.508704 0.305281
vt 0.508704 0.308172
vt 0.508704 0.311063
vt 0.508704 0.313954
vt 0.508704 0.316846
vt 0.508704 0.319737
vt 0.508704 0.322628
vt 0.508704 0.325519
vt 0.508704 0.328411
vt 0.508704 0.331302
vt 0.508704 0.334193
vt 0.508704 0.337085
vt 0.508704 0.339976
vt 0.508704 0.342867
vt 0.508704 0.345758
vt 0.313061 0.163147
vt 0.344218 0.163147
vt 0.344218 0.167257
vt 0.313061 0.167257
vt 0.313061 0.159037
vt 0.344218 0.159037
vt 0.313061 0.154928
vt 0.344218 0.154928
vt 0.313061 0.150818
vt 0.344218 0.150818
vt 0.313061 0.146708
vt 0.344218 0.146708
vt 0.313061 0.142598
vt 0.344218 0.142598
vt 0.313061 0.138489
vt 0.344218 0.138489
vt 0.313061 0.134379
vt 0.344218 0.134379
vt 0.313061 0.130269
vt 0.344218 0.130269
vt 0.313061 0.126159
vt 0.344218 0.126159
vt 0.313061 0.122049
vt 0.344218 0.122049
vt 0.313061 0.117940
vt 0.344218 0.117940
vt 0.313061 0.113830
vt 0.344218 0.113830
vt 0.313061 0.109720
vt 0.344218 0.109720
vt 0.313061 0.105610
vt 0.344218 0.105610
vt 0.313061 0.101501
vt 0.344218 0.101501
vt 0.375374 0.163147
vt 0.375374 0.167257
vt 0.375374 0.159037
vt 0.375374 0.154928
vt 0.375374 0.150818
vt 0.375374 0.146708
vt 0.375374 0.142598
vt 0.375374 0.138489
vt 0.375374 0.134379
vt 0.375374 0.130269
vt 0.375374 0.126159
vt 0.375374 0.122049
vt 0.375374 0.117940
vt 0.375374 0.113830
vt 0.375374 0.109720
vt 0.375374 0.105610
vt 0.375374 0.101501
vt 0.406531 0.163147
vt 0.406531 0.167257
vt 0.406531 0.159037
vt 0.406531 0.154928
vt 0.406531 0.150818
vt 0.406531 0.146708
vt 0.406531 0.142598
vt 0.406531 0.138489
vt 0.406531 0.134379
vt 0.406531 0.130269
vt 0.406531 0.126159
vt 0.406531 0.122049
vt 0.406531 0.117940
vt 0.406531 0.113830
vt 0.406531 0.109720
vt 0.406531 0.105610
vt 0.406531 0.101501
vt 0.437687 0.163147
vt 0.437687 0.167257
vt 0.437687 0.159037
vt 0.437687 0.154928
vt 0.437687 0.150818
vt 0.437687 0.146708
vt 0.437687 0.142598
vt 0.437687 0.138489
vt 0.437687 0.134379
vt 0.437687 0.130269
vt 0.437687 0.126159
vt 0.437687 0.122049
vt 0.437687 0.117940
vt 0.437687 0.113830
vt 0.437687 0.109720
vt 0.437687 0.105610
vt 0.437687 0.101501
vt 0.468844 0.163147
vt 0.468844 0.167257
vt 0.468844 0.159037
vt 0.468844 0.154928
vt 0.468844 0.150818
vt 0.468844 0.146708
vt 0.468844 0.142598
vt 0.468844 0.138489
vt 0.468844 0.134379
vt 0.468844 0.130269
vt 0.468844 0.126159
vt 0.468844 0.122049
vt 0.468844 0.117940
vt 0.468844 0.113830
vt 0.468844 0.109720
vt 0.468844 0.105610
vt 0.468844 0.101501
vt 0.500000 0.163147
vt 0.500000 0.167257
vt 0.500000 0.159037
vt 0.500000 0.154928
vt 0.500000 0.150818
vt 0.500000 0.146708
vt 0.500000 0.142598
vt 0.500000 0.138489
vt 0.500000 0.134379
vt 0.500000 0.130269
vt 0.500000 0.126159
vt 0.500000 0.122049
vt 0.500000 0.117940
vt 0.500000 0.113830
vt 0.500000 0.109720
vt 0.500000 0.105610
vt 0.500000 0.101501
vt 0.531157 0.163147
vt 0.531157 0.167257
vt 0.531157 0.159037
vt 0.531157 0.154928
vt 0.531157 0.150818
vt 0.531157 0.146708
vt 0.531157 0.142598
vt 0.531157 0.138489
vt 0.531157 0.134379
vt 0.531157 0.130269
vt 0.531157 0.126159
vt 0.531157 0.122049
vt 0.531157 0.117940
vt 0.531157 0.113830
vt 0.531157 0.109720
vt 0.531157 0.105610
vt 0.531157 0.101501
vt 0.562313 0.163147
vt 0.562313 0.167257
vt 0.562313 0.159037
vt 0.562313 0.154928
vt 0.562313 0.150818
vt 0.562313 0.146708
vt 0.562313 0.142598
vt 0.562313 0.138489
vt 0.562313 0.134379
vt 0.562313 0.130269
vt 0.562313 0.126159
vt 0.562313 0.122050
vt 0.562313 0.117940
vt 0.562313 0.113830
vt 0.562313 0.109720
vt 0.562313 0.105610
vt 0.562313 0.101501
vt 0.593470 0.163147
vt 0.593470 0.167257
vt 0.593470 0.159037
vt 0.593470 0.154928
vt 0.593470 0.150818
vt 0.593470 0.146708
vt 0.593470 0.142598
vt 0.593470 0.138489
vt 0.593470 0.134379
vt 0.593470 0.130269
vt 0.593470 0.126159
vt 0.593470 0.122050
vt 0.593470 0.117940
vt 0.593470 0.113830
vt 0.593470 0.109720
vt 0.593470 0.105610
vt 0.593470 0.101501
vt 0.624626 0.163147
vt 0.624626 0.167257
vt 0.624626 0.159037
vt 0.624626 0.154928
vt 0.624626 0.150818
vt 0.624626 0.146708
vt 0.624626 0.142598
vt 0.624626 0.138489
vt 0.624626 0.134379
vt 0.624626 0.130269
vt 0.624626 0.126159
vt 0.624626 0.122050
vt 0.624626 0.117940
vt 0.624626 0.113830
vt 0.624626 0.109720
vt 0.624626 0.105611
vt 0.624626 0.101501
vt 0.655783 0.163147
vt 0.655783 0.167257
vt 0.655783 0.159037
vt 0.655783 0.154928
vt 0.655783 0.150818
vt 0.655783 0.146708
vt 0.655783 0.142598
vt 0.655783 0.138489
vt 0.655783 0.134379
vt 0.655783 0.130269
vt 0.655783 0.126159
vt 0.655783 0.122050
vt 0.655783 0.117940
vt 0.655783 0.113830
vt 0.655783 0.109720
vt 0.655783 0.105611
vt 0.655783 0.101501
vt 0.686939 0.163147
vt 0.686939 0.167257
vt 0.686939 0.159037
vt 0.686939 0.154928
vt 0.686939 0.150818
vt 0.686939 0.146708
vt 0.686939 0.142598
vt 0.686939 0.138489
vt 0.686939 0.134379
vt 0.686939 0.130269
vt 0.686939 0.126159
vt 0.686939 0.122050
vt 0.686939 0.117940
vt 0.686939 0.113830
vt 0.686939 0.109720
vt 0.686939 0.105611
vt 0.686939 0.101501
vt 0.718096 0.163147
vt 0.718096 0.167257
vt 0.718096 0.159037
vt 0.718096 0.154928
vt 0.718096 0.150818
vt 0.718096 0.146708
vt 0.718096 0.142598
vt 0.718096 0.138489
vt 0.718096 0.134379
vt 0.718096 0.130269
vt 0.718096 0.126159
vt 0.718096 0.122050
vt 0.718096 0.117940
vt 0.718096 0.113830
vt 0.718096 0.109720
vt 0.718096 0.105611
vt 0.718096 0.101501
vt 0.749252 0.163147
vt 0.749252 0.167257
vt 0.749252 0.159037
vt 0.749252 0.154928
vt 0.749252 0.150818
vt 0.749252 0.146708
vt 0.749252 0.142598
vt 0.749252 0.138489
vt 0.749252 0.134379
vt 0.749252 0.130269
vt 0.749252 0.126159
vt 0.749252 0.122050
vt 0.749252 0.117940
vt 0.749252 0.113830
vt 0.749252 0.109720
vt 0.749252 0.105611
vt 0.749252 0.101501
vt 0.780409 0.163147
vt 0.780409 0.167257
vt 0.780409 0.159037
vt 0.780409 0.154928
vt 0.780409 0.150818
vt 0.780409 0.146708
vt 0.780409 0.142598
vt 0.780409 0.138489
vt 0.780409 0.134379
vt 0.780409 0.130269
vt 0.780409 0.126159
vt 0.780409 0.122050
vt 0.780409 0.117940
vt 0.780409 0.113830
vt 0.780409 0.109720
vt 0.780409 0.105611
vt 0.780409 0.101501
vt 0.811565 0.163147
vt 0.811565 0.167257
vt 0.811565 0.159037
vt 0.811565 0.154928
vt 0.811565 0.150818
vt 0.811565 0.146708
vt 0.811565 0.142598
vt 0.811565 0.138489
vt 0.811565 0.134379
vt 0.811565 0.130269
vt 0.811565 0.126159
vt 0.811565 0.122050
vt 0.811565 0.117940
vt 0.811565 0.113830
vt 0.811565 0.109720
vt 0.811565 0.105611
vt 0.811565 0.101501
vt 0.842722 0.163147
vt 0.842722 0.167257
vt 0.842722 0.159037
vt 0.842722 0.154928
vt 0.842722 0.150818
vt 0.842722 0.146708
vt 0.842722 0.142598
vt 0.842722 0.138489
vt 0.842722 0.134379
vt 0.842722 0.130269
vt 0.842722 0.126159
vt 0.842722 0.122050
vt 0.842722 0.117940
vt 0.842722 0.113830
vt 0.842722 0.109720
vt 0.842722 0.105611
vt 0.842722 0.101501
vt 0.873878 0.163147
vt 0.873878 0.167257
vt 0.873878 0.159037
vt 0.873878 0.154928
vt 0.873878 0.150818
vt 0.873878 0.146708
vt 0.873878 0.142598
vt 0.873878 0.138489
vt 0.873878 0.134379
vt 0.873878 0.130269
vt 0.873878 0.126159
vt 0.873878 0.122050
vt 0.873878 0.117940
vt 0.873878 0.113830
vt 0.873878 0.109720
vt 0.873878 0.105611
vt 0.873878 0.101501
vt 0.905035 0.163147
vt 0.905035 0.167257
vt 0.905035 0.159037
vt 0.905035 0.154928
vt 0.905035 0.150818
vt 0.905035 0.146708
vt 0.905035 0.142598
vt 0.905035 0.138489
vt 0.905035 0.134379
vt 0.905035 0.130269
vt 0.905035 0.126159
vt 0.905035 0.122050
vt 0.905035 0.117940
vt 0.905035 0.113830
vt 0.905035 0.109720
vt 0.905035 0.105611
vt 0.905035 0.101501
vt 0.936191 0.163147
vt 0.936191 0.167257
vt 0.936191 0.159037
vt 0.936191 0.154928
vt 0.936191 0.150818
vt 0.936191 0.146708
vt 0.936191 0.142598
vt 0.936191 0.138489
vt 0.936191 0.134379
vt 0.936191 0.130269
vt 0.936191 0.126159
vt 0.936191 0.122050
vt 0.936191 0.117940
vt 0.936191 0.113830
vt 0.936191 0.109720
vt 0.936191 0.105611
vt 0.936191 0.101501
vt 0.967348 0.163147
vt 0.967348 0.167257
vt 0.967348 0.159037
vt 0.967348 0.154928
vt 0.967348 0.150818
vt 0.967348 0.146708
vt 0.967348 0.142598
vt 0.967348 0.138489
vt 0.967348 0.134379
vt 0.967348 0.130269
vt 0.967348 0.126159
vt 0.967348 0.122050
vt 0.967348 0.117940
vt 0.967348 0.113830
vt 0.967348 0.109720
vt 0.967348 0.105611
vt 0.967348 0.101501
vt 0.998504 0.163147
vt 0.998504 0.167257
vt 0.998504 0.159037
vt 0.998504 0.154928
vt 0.998504 0.150818
vt 0.998504 0.146708
vt 0.998504 0.142598
vt 0.998504 0.138489
vt 0.998504 0.134379
vt 0.998504 0.130269
vt 0.998504 0.126159
vt 0.998504 0.122050
vt 0.998504 0.117940
vt 0.998504 0.113830
vt 0.998504 0.109720
vt 0.998504 0.105611
vt 0.998504 0.101501
vt 0.001496 0.163147
vt 0.032653 0.163147
vt 0.032653 0.167257
vt 0.001496 0.167257
vt 0.001496 0.159037
vt 0.032653 0.159037
vt 0.001496 0.154927
vt 0.032653 0.154927
vt 0.001496 0.150818
vt 0.032653 0.150818
vt 0.001496 0.146708
vt 0.032653 0.146708
vt 0.001496 0.142598
vt 0.032653 0.142598
vt 0.001496 0.138488
vt 0.032653 0.138488
vt 0.001496 0.134379
vt 0.032653 0.134379
vt 0.001496 0.130269
vt 0.032653 0.130269
vt 0.001496 0.126159
vt 0.032653 0.126159
vt 0.001496 0.122049
vt 0.032653 0.122049
vt 0.001496 0.117940
vt 0.032653 0.117940
vt 0.001496 0.113830
vt 0.032653 0.113830
vt 0.001496 0.109720
vt 0.032653 0.109720
vt 0.001496 0.105610
vt 0.032653 0.105610
vt 0.001496 0.101501
vt 0.032653 0.101501
vt 0.063809 0.163147
vt 0.063809 0.167257
vt 0.063809 0.159037
vt 0.063809 0.154928
vt 0.063809 0.150818
vt 0.063809 0.146708
vt 0.063809 0.142598
vt 0.063809 0.138488
vt 0.063809 0.134379
vt 0.063809 0.130269
vt 0.063809 0.126159
vt 0.063809 0.122049
vt 0.063809 0.117940
vt 0.063809 0.113830
vt 0.063809 0.109720
vt 0.063809 0.105610
vt 0.063809 0.101501
vt 0.094966 0.163147
vt 0.094966 0.167257
vt 0.094966 0.159037
vt 0.094966 0.154928
vt 0.094966 0.150818
vt 0.094966 0.146708
vt 0.094966 0.142598
vt 0.094966 0.138488
vt 0.094966 0.134379
vt 0.094966 0.130269
vt 0.094966 0.126159
vt 0.094966 0.122049
vt 0.094966 0.117940
vt 0.094966 0.113830
vt 0.094966 0.109720
vt 0.094966 0.105610
vt 0.094966 0.101501
vt 0.126122 0.163147
vt 0.126122 0.167257
vt 0.126122 0.159037
vt 0.126122 0.154928
vt 0.126122 0.150818
vt 0.126122 0.146708
vt 0.126122 0.142598
vt 0.126122 0.138488
vt 0.126122 0.134379
vt 0.126122 0.130269
vt 0.126122 0.126159
vt 0.126122 0.122049
vt 0.126122 0.117940
vt 0.126122 0.113830
vt 0.126122 0.109720
vt 0.126122 0.105610
vt 0.126122 0.101501
vt 0.157279 0.163147
vt 0.157279 0.167257
vt 0.157279 0.159037
vt 0.157279 0.154928
vt 0.157279 0.150818
vt 0.157279 0.146708
vt 0.157279 0.142598
vt 0.157279 0.138488
vt 0.157279 0.134379
vt 0.157279 0.130269
vt 0.157279 0.126159
vt 0.157279 0.122049
vt 0.157279 0.117940
vt 0.157279 0.113830
vt 0.157279 0.109720
vt 0.157279 0.105610
vt 0.157279 0.101501
vt 0.188435 0.163147
vt 0.188435 0.167257
vt 0.188435 0.159037
vt 0.188435 0.154928
vt 0.188435 0.150818
vt 0.188435 0.146708
vt 0.188435 0.142598
vt 0.188435 0.138488
vt 0.188435 0.134379
vt 0.188435 0.130269
vt 0.188435 0.126159
vt 0.188435 0.122049
vt 0.188435 0.117940
vt 0.188435 0.113830
vt 0.188435 0.109720
vt 0.188435 0.105610
vt 0.188435 0.101501
vt 0.219592 0.163147
vt 0.219592 0.167257
vt 0.219592 0.159037
vt 0.219592 0.154928
vt 0.219592 0.150818
vt 0.219592 0.146708
vt 0.219592 0.142598
vt 0.219592 0.138488
vt 0.219592 0.134379
vt 0.219592 0.130269
vt 0.219592 0.126159
vt 0.219592 0.122049
vt 0.219592 0.117940
vt 0.219592 0.113830
vt 0.219592 0.109720
vt 0.219592 0.105610
vt 0.219592 0.101501
vt 0.250748 0.163147
vt 0.250748 0.167257
vt 0.250748 0.159037
vt 0.250748 0.154928
vt 0.250748 0.150818
vt 0.250748 0.146708
vt 0.250748 0.142598
vt 0.250748 0.138489
vt 0.250748 0.134379
vt 0.250748 0.130269
vt 0.250748 0.126159
vt 0.250748 0.122049
vt 0.250748 0.117940
vt 0.250748 0.113830
vt 0.250748 0.109720
vt 0.250748 0.105610
vt 0.250748 0.101501
vt 0.281905 0.163147
vt 0.281905 0.167257
vt 0.281905 0.159037
vt 0.281905 0.154928
vt 0.281905 0.150818
vt 0.281905 0.146708
vt 0.281905 0.142598
vt 0.281905 0.138489
vt 0.281905 0.134379
vt 0.281905 0.130269
vt 0.281905 0.126159
vt 0.281905 0.122049
vt 0.281905 0.117940
vt 0.281905 0.113830
vt 0.281905 0.109720
vt 0.281905 0.105610
vt 0.281905 0.101501
vt 0.937889 0.305639
vt 0.937889 0.299506
vt 0.940901 0.299506
vt 0.940901 0.305639
vt 0.943913 0.299506
vt 0.943913 0.305639
vt 0.946926 0.299506
vt 0.946926 0.305639
vt 0.949938 0.299506
vt 0.949938 0.305639
vt 0.952951 0.299506
vt 0.952951 0.305639
vt 0.856553 0.305639
vt 0.856553 0.299506
vt 0.859566 0.299506
vt 0.859566 0.305639
vt 0.862578 0.299506
vt 0.862578 0.305639
vt 0.865590 0.299506
vt 0.865590 0.305639
vt 0.868603 0.299506
vt 0.868603 0.305639
vt 0.871615 0.299506
vt 0.871615 0.305639
vt 0.874628 0.299506
vt 0.874628 0.305639
vt 0.877640 0.299506
vt 0.877640 0.305639
vt 0.880653 0.299506
vt 0.880653 0.305639
vt 0.883665 0.299506
vt 0.883665 0.305639
vt 0.886677 0.299506
vt 0.886677 0.305639
vt 0.889690 0.299506
vt 0.889690 0.305639
vt 0.892702 0.299506
vt 0.892702 0.305639
vt 0.895715 0.299506
vt 0.895715 0.305639
vt 0.898727 0.299506
vt 0.898727 0.305639
vt 0.901739 0.299506
vt 0.901739 0.305639
vt 0.904752 0.299506
vt 0.904752 0.305639
vt 0.907764 0.299506
vt 0.907764 0.305639
vt 0.910777 0.299506
vt 0.910777 0.305639
vt 0.913789 0.299506
vt 0.913789 0.305639
vt 0.916802 0.299506
vt 0.916802 0.305639
vt 0.919814 0.299506
vt 0.919814 0.305639
vt 0.922826 0.299506
vt 0.922826 0.305639
vt 0.925839 0.299506
vt 0.925839 0.305639
vt 0.928851 0.299506
vt 0.928851 0.305639
vt 0.931864 0.299506
vt 0.931864 0.305639
vt 0.373731 0.361921
vt 0.374465 0.360144
vt 0.375532 0.358545
vt 0.376890 0.357184
vt 0.378488 0.356115
vt 0.380263 0.355378
vt 0.382148 0.355001
vt 0.384071 0.355000
vt 0.385957 0.355373
vt 0.387734 0.356108
vt 0.389333 0.357174
vt 0.390693 0.358533
vt 0.391763 0.360130
vt 0.392500 0.361906
vt 0.392876 0.363791
vt 0.392878 0.365714
vt 0.392504 0.367599
vt 0.391770 0.369376
vt 0.390703 0.370975
vt 0.389345 0.372336
vt 0.387747 0.373405
vt 0.385972 0.374142
vt 0.384087 0.374519
vt 0.382164 0.374521
vt 0.380278 0.374147
vt 0.378502 0.373413
vt 0.376902 0.372346
vt 0.375542 0.370988
vt 0.374472 0.369390
vt 0.373735 0.367615
vt 0.373359 0.365729
vt 0.373357 0.363807
vt 0.934876 0.299506
vt 0.934876 0.305639
vt 0.285425 0.355378
vt 0.287201 0.356113
vt 0.288799 0.357181
vt 0.290159 0.358541
vt 0.291227 0.360139
vt 0.291963 0.361915
vt 0.292338 0.363801
vt 0.292338 0.365723
vt 0.291963 0.367609
vt 0.291227 0.369385
vt 0.290159 0.370984
vt 0.288799 0.372343
vt 0.287201 0.373411
vt 0.285425 0.374147
vt 0.283539 0.374522
vt 0.281617 0.374522
vt 0.279731 0.374147
vt 0.277955 0.373411
vt 0.276356 0.372343
vt 0.274997 0.370984
vt 0.273929 0.369385
vt 0.273193 0.367609
vt 0.272818 0.365723
vt 0.272818 0.363801
vt 0.273193 0.361915
vt 0.273929 0.360139
vt 0.274997 0.358541
vt 0.276357 0.357181
vt 0.277955 0.356113
vt 0.279731 0.355377
vt 0.281617 0.355002
vt 0.283539 0.355002
vt 0.288704 0.353301
vt 0.286350 0.352327
vt 0.287028 0.350093
vt 0.289804 0.351243
vt 0.371652 0.358643
vt 0.370679 0.360998
vt 0.368445 0.360322
vt 0.369593 0.357545
vt 0.290822 0.354717
vt 0.292303 0.352913
vt 0.370184 0.363497
vt 0.367861 0.363270
vt 0.292623 0.356518
vt 0.294428 0.355037
vt 0.370186 0.366044
vt 0.367863 0.366275
vt 0.294039 0.358636
vt 0.296097 0.357536
vt 0.370685 0.368542
vt 0.368452 0.369222
vt 0.295014 0.360990
vt 0.297247 0.360312
vt 0.371662 0.370895
vt 0.369604 0.371997
vt 0.295511 0.363488
vt 0.297833 0.363260
vt 0.373079 0.373012
vt 0.371276 0.374494
vt 0.295511 0.366036
vt 0.297833 0.366265
vt 0.374881 0.374812
vt 0.373402 0.376618
vt 0.295014 0.368535
vt 0.297247 0.369212
vt 0.377001 0.376226
vt 0.375902 0.378285
vt 0.294039 0.370888
vt 0.296097 0.371988
vt 0.379355 0.377199
vt 0.378679 0.379433
vt 0.292623 0.373006
vt 0.294428 0.374487
vt 0.381854 0.377694
vt 0.381627 0.380017
vt 0.290822 0.374808
vt 0.292303 0.376612
vt 0.384402 0.377692
vt 0.384632 0.380014
vt 0.288704 0.376223
vt 0.289804 0.378281
vt 0.386900 0.377193
vt 0.387579 0.379426
vt 0.286350 0.377198
vt 0.287028 0.379431
vt 0.389253 0.376216
vt 0.390354 0.378274
vt 0.283852 0.377695
vt 0.284080 0.380018
vt 0.391370 0.374799
vt 0.392852 0.376602
vt 0.281304 0.377695
vt 0.281075 0.380018
vt 0.393170 0.372996
vt 0.394975 0.374475
vt 0.278806 0.377198
vt 0.278128 0.379431
vt 0.394583 0.370877
vt 0.396642 0.371975
vt 0.276452 0.376223
vt 0.275352 0.378281
vt 0.395556 0.368522
vt 0.397790 0.369198
vt 0.274334 0.374808
vt 0.272853 0.376612
vt 0.396051 0.366024
vt 0.398374 0.366250
vt 0.272532 0.373006
vt 0.270728 0.374487
vt 0.396049 0.363476
vt 0.398372 0.363245
vt 0.271117 0.370888
vt 0.269059 0.371988
vt 0.395550 0.360978
vt 0.397783 0.360299
vt 0.270142 0.368534
vt 0.267909 0.369212
vt 0.394573 0.358625
vt 0.396631 0.357523
vt 0.269645 0.366036
vt 0.267323 0.366265
vt 0.393156 0.356508
vt 0.394959 0.355026
vt 0.269645 0.363488
vt 0.267323 0.363260
vt 0.391353 0.354708
vt 0.392833 0.352903
vt 0.270142 0.360990
vt 0.267909 0.360312
vt 0.389234 0.353294
vt 0.390333 0.351235
vt 0.271117 0.358636
vt 0.269059 0.357536
vt 0.386880 0.352321
vt 0.387556 0.350087
vt 0.272533 0.356518
vt 0.270728 0.355037
vt 0.384381 0.351826
vt 0.384608 0.349504
vt 0.274334 0.354717
vt 0.272853 0.352912
vt 0.381833 0.351829
vt 0.381603 0.349506
vt 0.276452 0.353301
vt 0.275352 0.351243
vt 0.379335 0.352328
vt 0.378656 0.350095
vt 0.278806 0.352326
vt 0.278128 0.350093
vt 0.376982 0.353304
vt 0.375881 0.351247
vt 0.281304 0.351830
vt 0.281076 0.349507
vt 0.374865 0.354721
vt 0.373383 0.352918
vt 0.283852 0.351830
vt 0.284081 0.349507
vt 0.373065 0.356524
vt 0.371260 0.355045
vt 0.934876 0.330170
vt 0.934876 0.324037
vt 0.937889 0.324037
vt 0.937889 0.330170
vt 0.934876 0.317904
vt 0.937889 0.317904
vt 0.934876 0.311772
vt 0.937889 0.311772
vt 0.931864 0.330170
vt 0.931864 0.324037
vt 0.931864 0.317904
vt 0.931864 0.311772
vt 0.928851 0.330170
vt 0.928851 0.324037
vt 0.928851 0.317904
vt 0.928851 0.311772
vt 0.925839 0.330170
vt 0.925839 0.324037
vt 0.925839 0.317904
vt 0.925839 0.311772
vt 0.922826 0.330170
vt 0.922826 0.324037
vt 0.922826 0.317904
vt 0.922826 0.311772
vt 0.919814 0.330170
vt 0.919814 0.324037
vt 0.919814 0.317904
vt 0.919814 0.311772
vt 0.916802 0.330170
vt 0.916802 0.324037
vt 0.916802 0.317904
vt 0.916802 0.311772
vt 0.913789 0.330170
vt 0.913789 0.324037
vt 0.913789 0.317904
vt 0.913789 0.311772
vt 0.910777 0.330170
vt 0.910777 0.324037
vt 0.910777 0.317904
vt 0.910777 0.311772
vt 0.907764 0.330170
vt 0.907764 0.324037
vt 0.907764 0.317904
vt 0.907764 0.311772
vt 0.904752 0.330170
vt 0.904752 0.324037
vt 0.904752 0.317904
vt 0.904752 0.311772
vt 0.901739 0.330170
vt 0.901739 0.324037
vt 0.901739 0.317904
vt 0.901739 0.311772
vt 0.898727 0.330170
vt 0.898727 0.324037
vt 0.898727 0.317904
vt 0.898727 0.311772
vt 0.895715 0.330170
vt 0.895715 0.324037
vt 0.895715 0.317904
vt 0.895715 0.311772
vt 0.892702 0.330170
vt 0.892702 0.324037
vt 0.892702 0.317904
vt 0.892702 0.311772
vt 0.889690 0.330170
vt 0.889690 0.324037
vt 0.889690 0.317904
vt 0.889690 0.311772
vt 0.886677 0.330170
vt 0.886677 0.324037
vt 0.886677 0.317904
vt 0.886677 0.311772
vt 0.883665 0.330170
vt 0.883665 0.324037
vt 0.883665 0.317904
vt 0.883665 0.311772
vt 0.880653 0.330170
vt 0.880653 0.324037
vt 0.880653 0.317904
vt 0.880653 0.311772
vt 0.877640 0.330170
vt 0.877640 0.324037
vt 0.877640 0.317904
vt 0.877640 0.311772
vt 0.874628 0.330170
vt 0.874628 0.324037
vt 0.874628 0.317904
vt 0.874628 0.311772
vt 0.871615 0.330170
vt 0.871615 0.324037
vt 0.871615 0.317904
vt 0.871615 0.311772
vt 0.868603 0.330170
vt 0.868603 0.324037
vt 0.868603 0.317904
vt 0.868603 0.311772
vt 0.865590 0.330170
vt 0.865590 0.324037
vt 0.865590 0.317904
vt 0.865590 0.311772
vt 0.862578 0.330170
vt 0.862578 0.324037
vt 0.862578 0.317904
vt 0.862578 0.311772
vt 0.859566 0.330170
vt 0.859566 0.324037
vt 0.859566 0.317904
vt 0.859566 0.311772
vt 0.856553 0.330170
vt 0.856553 0.324037
vt 0.856553 0.317904
vt 0.856553 0.311772
vt 0.949938 0.330170
vt 0.949938 0.324037
vt 0.952951 0.324037
vt 0.952951 0.330170
vt 0.949938 0.317904
vt 0.952951 0.317904
vt 0.949938 0.311772
vt 0.952951 0.311772
vt 0.946926 0.330170
vt 0.946926 0.324037
vt 0.946926 0.317904
vt 0.946926 0.311772
vt 0.943913 0.330170
vt 0.943913 0.324037
vt 0.943913 0.317904
vt 0.943913 0.311772
vt 0.940901 0.330170
vt 0.940901 0.324037
vt 0.940901 0.317904
vt 0.940901 0.311772
vt 0.913996 0.339634
vt 0.913996 0.333501
vt 0.917008 0.333501
vt 0.917008 0.339634
vt 0.920021 0.333501
vt 0.920021 0.339634
vt 0.923033 0.333501
vt 0.923033 0.339634
vt 0.926046 0.333501
vt 0.926046 0.339634
vt 0.929058 0.333501
vt 0.929058 0.339634
vt 0.932070 0.333501
vt 0.932070 0.339634
vt 0.935083 0.333501
vt 0.935083 0.339634
vt 0.938095 0.333501
vt 0.938095 0.339634
vt 0.941108 0.333501
vt 0.941108 0.339634
vt 0.944120 0.333501
vt 0.944120 0.339634
vt 0.947133 0.333501
vt 0.947133 0.339634
vt 0.950145 0.333501
vt 0.950145 0.339634
vt 0.953157 0.333501
vt 0.953157 0.339634
vt 0.856760 0.339634
vt 0.856760 0.333501
vt 0.859772 0.333501
vt 0.859772 0.339634
vt 0.862785 0.333501
vt 0.862785 0.339634
vt 0.865797 0.333501
vt 0.865797 0.339634
vt 0.868809 0.333501
vt 0.868809 0.339634
vt 0.871822 0.333501
vt 0.871822 0.339634
vt 0.874834 0.333501
vt 0.874834 0.339634
vt 0.877847 0.333501
vt 0.877847 0.339634
vt 0.880859 0.333501
vt 0.880859 0.339634
vt 0.883872 0.333501
vt 0.883872 0.339634
vt 0.886884 0.333501
vt 0.886884 0.339634
vt 0.889896 0.333501
vt 0.889896 0.339634
vt 0.892909 0.333501
vt 0.892909 0.339634
vt 0.895921 0.333501
vt 0.895921 0.339634
vt 0.898934 0.333501
vt 0.898934 0.339634
vt 0.901946 0.333501
vt 0.901946 0.339634
vt 0.904959 0.333501
vt 0.904959 0.339634
vt 0.907971 0.333501
vt 0.907971 0.339634
vt 0.454765 0.373403
vt 0.452989 0.374139
vt 0.451104 0.374515
vt 0.449181 0.374516
vt 0.447296 0.374142
vt 0.445519 0.373407
vt 0.443920 0.372340
vt 0.442560 0.370981
vt 0.441491 0.369383
vt 0.440755 0.367607
vt 0.440379 0.365722
vt 0.440378 0.363799
vt 0.440752 0.361913
vt 0.441487 0.360137
vt 0.442554 0.358538
vt 0.443913 0.357178
vt 0.445511 0.356109
vt 0.447287 0.355373
vt 0.449172 0.354997
vt 0.451095 0.354996
vt 0.452981 0.355370
vt 0.454757 0.356105
vt 0.456356 0.357172
vt 0.457716 0.358531
vt 0.458785 0.360129
vt 0.459521 0.361905
vt 0.459897 0.363790
vt 0.459898 0.365713
vt 0.459524 0.367598
vt 0.458789 0.369375
vt 0.457722 0.370974
vt 0.456363 0.372334
vt 0.910983 0.333501
vt 0.910983 0.339634
vt 0.348638 0.355000
vt 0.350561 0.354999
vt 0.352447 0.355374
vt 0.354223 0.356109
vt 0.355822 0.357176
vt 0.357182 0.358535
vt 0.358250 0.360133
vt 0.358987 0.361909
vt 0.359362 0.363795
vt 0.359363 0.365717
vt 0.358989 0.367603
vt 0.358254 0.369379
vt 0.357186 0.370978
vt 0.355827 0.372338
vt 0.354229 0.373407
vt 0.352453 0.374143
vt 0.350568 0.374519
vt 0.348645 0.374519
vt 0.346760 0.374145
vt 0.344983 0.373410
vt 0.343384 0.372342
vt 0.342024 0.370983
vt 0.340956 0.369385
vt 0.340219 0.367609
vt 0.339844 0.365724
vt 0.339843 0.363801
vt 0.340217 0.361916
vt 0.340952 0.360139
vt 0.342020 0.358540
vt 0.343379 0.357181
vt 0.344977 0.356112
vt 0.346753 0.355376
vt 0.350872 0.351826
vt 0.348325 0.351827
vt 0.348095 0.349504
vt 0.351100 0.349503
vt 0.453916 0.377190
vt 0.456269 0.376214
vt 0.457371 0.378272
vt 0.454595 0.379423
vt 0.353371 0.352322
vt 0.354048 0.350088
vt 0.458387 0.374797
vt 0.459868 0.376601
vt 0.355725 0.353296
vt 0.356824 0.351237
vt 0.460187 0.372995
vt 0.461992 0.374475
vt 0.357844 0.354711
vt 0.359324 0.352906
vt 0.461602 0.370876
vt 0.463661 0.371976
vt 0.359646 0.356512
vt 0.361449 0.355030
vt 0.462576 0.368522
vt 0.464809 0.369199
vt 0.361062 0.358629
vt 0.363120 0.357528
vt 0.463071 0.366024
vt 0.465394 0.366251
vt 0.362037 0.360982
vt 0.364271 0.360304
vt 0.463070 0.363476
vt 0.465393 0.363246
vt 0.362535 0.363481
vt 0.364858 0.363251
vt 0.462572 0.360978
vt 0.464805 0.360299
vt 0.362536 0.366028
vt 0.364859 0.366256
vt 0.461596 0.358625
vt 0.463654 0.357523
vt 0.362040 0.368527
vt 0.364274 0.369204
vt 0.460180 0.356507
vt 0.461983 0.355026
vt 0.361066 0.370881
vt 0.363125 0.371981
vt 0.458378 0.354707
vt 0.459857 0.352902
vt 0.359651 0.373000
vt 0.361456 0.374480
vt 0.456259 0.353292
vt 0.457358 0.351233
vt 0.357851 0.374802
vt 0.359332 0.376605
vt 0.453905 0.352318
vt 0.454581 0.350085
vt 0.355733 0.376218
vt 0.356834 0.378276
vt 0.451406 0.351823
vt 0.451634 0.349500
vt 0.353380 0.377194
vt 0.354058 0.379427
vt 0.448858 0.351824
vt 0.448629 0.349501
vt 0.350881 0.377691
vt 0.351111 0.380014
vt 0.446360 0.352322
vt 0.445681 0.350089
vt 0.348334 0.377692
vt 0.348106 0.380015
vt 0.444007 0.353298
vt 0.442906 0.351240
vt 0.345835 0.377196
vt 0.345158 0.379430
vt 0.441889 0.354714
vt 0.440408 0.352911
vt 0.343481 0.376222
vt 0.342382 0.378281
vt 0.440089 0.356516
vt 0.438284 0.355037
vt 0.341363 0.374808
vt 0.339883 0.376612
vt 0.438675 0.358635
vt 0.436616 0.357536
vt 0.339561 0.373007
vt 0.337757 0.374488
vt 0.437701 0.360989
vt 0.435467 0.360313
vt 0.338145 0.370889
vt 0.336086 0.371990
vt 0.437205 0.363488
vt 0.434882 0.363261
vt 0.337169 0.368536
vt 0.334936 0.369214
vt 0.437206 0.366036
vt 0.434883 0.366266
vt 0.336671 0.366037
vt 0.334348 0.366267
vt 0.437704 0.368534
vt 0.435471 0.369213
vt 0.336670 0.363490
vt 0.334347 0.363262
vt 0.438680 0.370887
vt 0.436622 0.371988
vt 0.337166 0.360991
vt 0.334932 0.360314
vt 0.440097 0.373005
vt 0.438293 0.374486
vt 0.338140 0.358637
vt 0.336081 0.357538
vt 0.441899 0.374805
vt 0.440419 0.376610
vt 0.339555 0.356519
vt 0.337750 0.355039
vt 0.444018 0.376220
vt 0.442918 0.378278
vt 0.341356 0.354717
vt 0.339874 0.352913
vt 0.446372 0.377193
vt 0.445695 0.379427
vt 0.343473 0.353301
vt 0.342372 0.351243
vt 0.448870 0.377689
vt 0.448643 0.380012
vt 0.345826 0.352325
vt 0.345148 0.350092
vt 0.451418 0.377688
vt 0.451648 0.380011
vt 0.910983 0.364166
vt 0.910983 0.358033
vt 0.913996 0.358033
vt 0.913996 0.364166
vt 0.910983 0.351900
vt 0.913996 0.351900
vt 0.910983 0.345767
vt 0.913996 0.345767
vt 0.907971 0.364166
vt 0.907971 0.358033
vt 0.907971 0.351900
vt 0.907971 0.345767
vt 0.904959 0.364166
vt 0.904959 0.358033
vt 0.904959 0.351900
vt 0.904959 0.345767
vt 0.901946 0.364166
vt 0.901946 0.358033
vt 0.901946 0.351900
vt 0.901946 0.345767
vt 0.898934 0.364166
vt 0.898934 0.358033
vt 0.898934 0.351900
vt 0.898934 0.345767
vt 0.895921 0.364166
vt 0.895921 0.358033
vt 0.895921 0.351900
vt 0.895921 0.345767
vt 0.892909 0.364166
vt 0.892909 0.358033
vt 0.892909 0.351900
vt 0.892909 0.345767
vt 0.889896 0.364166
vt 0.889896 0.358033
vt 0.889896 0.351900
vt 0.889896 0.345767
vt 0.886884 0.364166
vt 0.886884 0.358033
vt 0.886884 0.351900
vt 0.886884 0.345767
vt 0.883872 0.364166
vt 0.883872 0.358033
vt 0.883872 0.351900
vt 0.883872 0.345767
vt 0.880859 0.364166
vt 0.880859 0.358033
vt 0.880859 0.351900
vt 0.880859 0.345767
vt 0.877847 0.364166
vt 0.877847 0.358033
vt 0.877847 0.351900
vt 0.877847 0.345767
vt 0.874834 0.364166
vt 0.874834 0.358033
vt 0.874834 0.351900
vt 0.874834 0.345767
vt 0.871822 0.364166
vt 0.871822 0.358033
vt 0.871822 0.351900
vt 0.871822 0.345767
vt 0.868809 0.364166
vt 0.868809 0.358033
vt 0.868809 0.351900
vt 0.868809 0.345767
vt 0.865797 0.364166
vt 0.865797 0.358033
vt 0.865797 0.351900
vt 0.865797 0.345767
vt 0.862785 0.364166
vt 0.862785 0.358033
vt 0.862785 0.351900
vt 0.862785 0.345767
vt 0.859772 0.364166
vt 0.859772 0.358033
vt 0.859772 0.351900
vt 0.859772 0.345767
vt 0.856760 0.364166
vt 0.856760 0.358033
vt 0.856760 0.351900
vt 0.856760 0.345767
vt 0.950145 0.364166
vt 0.950145 0.358033
vt 0.953157 0.358033
vt 0.953157 0.364166
vt 0.950145 0.351900
vt 0.953157 0.351900
vt 0.950145 0.345767
vt 0.953157 0.345767
vt 0.947133 0.364166
vt 0.947133 0.358033
vt 0.947133 0.351900
vt 0.947133 0.345767
vt 0.944120 0.364166
vt 0.944120 0.358033
vt 0.944120 0.351900
vt 0.944120 0.345767
vt 0.941108 0.364166
vt 0.941108 0.358033
vt 0.941108 0.351900
vt 0.941108 0.345767
vt 0.938095 0.364166
vt 0.938095 0.358033
vt 0.938095 0.351900
vt 0.938095 0.345767
vt 0.935083 0.364166
vt 0.935083 0.358033
vt 0.935083 0.351900
vt 0.935083 0.345767
vt 0.932070 0.364166
vt 0.932070 0.358033
vt 0.932070 0.351900
vt 0.932070 0.345767
vt 0.929058 0.364166
vt 0.929058 0.358033
vt 0.929058 0.351900
vt 0.929058 0.345767
vt 0.926046 0.364166
vt 0.926046 0.358033
vt 0.926046 0.351900
vt 0.926046 0.345767
vt 0.923033 0.364166
vt 0.923033 0.358033
vt 0.923033 0.351900
vt 0.923033 0.345767
vt 0.920021 0.364166
vt 0.920021 0.358033
vt 0.920021 0.351900
vt 0.920021 0.345767
vt 0.917008 0.364166
vt 0.917008 0.358033
vt 0.917008 0.351900
vt 0.917008 0.345767
vt 0.106929 0.355632
vt 0.106929 0.349499
vt 0.109941 0.349499
vt 0.109941 0.355632
vt 0.112954 0.349499
vt 0.112954 0.355632
vt 0.115966 0.349499
vt 0.115966 0.355632
vt 0.118979 0.349499
vt 0.118979 0.355632
vt 0.121991 0.349499
vt 0.121991 0.355632
vt 0.125004 0.349499
vt 0.125004 0.355632
vt 0.128016 0.349499
vt 0.128016 0.355632
vt 0.131028 0.349499
vt 0.131028 0.355632
vt 0.134041 0.349499
vt 0.134041 0.355632
vt 0.137053 0.349499
vt 0.137053 0.355632
vt 0.140066 0.349499
vt 0.140066 0.355632
vt 0.143078 0.349499
vt 0.143078 0.355632
vt 0.146091 0.349499
vt 0.146091 0.355632
vt 0.149103 0.349499
vt 0.149103 0.355632
vt 0.152116 0.349499
vt 0.152116 0.355632
vt 0.155128 0.349499
vt 0.155128 0.355632
vt 0.158140 0.349499
vt 0.158140 0.355632
vt 0.161153 0.349499
vt 0.161153 0.355632
vt 0.164165 0.349499
vt 0.164165 0.355632
vt 0.167178 0.349499
vt 0.167178 0.355632
vt 0.170190 0.349499
vt 0.170190 0.355632
vt 0.173203 0.349499
vt 0.173203 0.355632
vt 0.176215 0.349499
vt 0.176215 0.355632
vt 0.179228 0.349499
vt 0.179228 0.355632
vt 0.182240 0.349499
vt 0.182240 0.355632
vt 0.185253 0.349499
vt 0.185253 0.355632
vt 0.188265 0.349499
vt 0.188265 0.355632
vt 0.191278 0.349499
vt 0.191278 0.355632
vt 0.194290 0.349499
vt 0.194290 0.355632
vt 0.197302 0.349499
vt 0.197302 0.355632
vt 0.257716 0.360135
vt 0.258451 0.361911
vt 0.258826 0.363796
vt 0.258826 0.365719
vt 0.258451 0.367604
vt 0.257715 0.369381
vt 0.256646 0.370979
vt 0.255287 0.372338
vt 0.253688 0.373406
vt 0.251912 0.374142
vt 0.250026 0.374516
vt 0.248104 0.374516
vt 0.246218 0.374141
vt 0.244442 0.373405
vt 0.242844 0.372337
vt 0.241485 0.370977
vt 0.240417 0.369378
vt 0.239681 0.367602
vt 0.239306 0.365717
vt 0.239307 0.363794
vt 0.239682 0.361909
vt 0.240418 0.360133
vt 0.241486 0.358534
vt 0.242846 0.357175
vt 0.244444 0.356107
vt 0.246221 0.355372
vt 0.248106 0.354997
vt 0.250029 0.354997
vt 0.251914 0.355372
vt 0.253690 0.356108
vt 0.255289 0.357176
vt 0.256648 0.358536
vt 0.100904 0.355632
vt 0.100904 0.349499
vt 0.103916 0.349499
vt 0.103916 0.355632
vt 0.425274 0.360129
vt 0.426011 0.361905
vt 0.426387 0.363790
vt 0.426387 0.365712
vt 0.426013 0.367598
vt 0.425278 0.369375
vt 0.424211 0.370974
vt 0.422852 0.372334
vt 0.421254 0.373403
vt 0.419478 0.374139
vt 0.417593 0.374515
vt 0.415671 0.374516
vt 0.413785 0.374142
vt 0.412008 0.373407
vt 0.410409 0.372340
vt 0.409049 0.370981
vt 0.407981 0.369383
vt 0.407244 0.367607
vt 0.406868 0.365722
vt 0.406867 0.363799
vt 0.407241 0.361913
vt 0.407976 0.360137
vt 0.409044 0.358538
vt 0.410402 0.357178
vt 0.412000 0.356109
vt 0.413776 0.355372
vt 0.415662 0.354997
vt 0.417584 0.354996
vt 0.419470 0.355370
vt 0.421246 0.356105
vt 0.422845 0.357172
vt 0.424205 0.358531
vt 0.429061 0.360978
vt 0.428085 0.358624
vt 0.430143 0.357523
vt 0.431294 0.360299
vt 0.261503 0.360986
vt 0.260528 0.358632
vt 0.262586 0.357532
vt 0.263736 0.360308
vt 0.429559 0.363476
vt 0.431882 0.363246
vt 0.259113 0.356514
vt 0.260917 0.355033
vt 0.429561 0.366024
vt 0.431883 0.366251
vt 0.257312 0.354712
vt 0.258793 0.352908
vt 0.429065 0.368522
vt 0.431298 0.369199
vt 0.255194 0.353297
vt 0.256294 0.351238
vt 0.428091 0.370876
vt 0.430150 0.371976
vt 0.252840 0.352321
vt 0.253518 0.350088
vt 0.426677 0.372995
vt 0.428481 0.374475
vt 0.250342 0.351824
vt 0.250571 0.349501
vt 0.424876 0.374797
vt 0.426358 0.376601
vt 0.247794 0.351824
vt 0.247566 0.349501
vt 0.422759 0.376214
vt 0.423860 0.378272
vt 0.245296 0.352320
vt 0.244618 0.350087
vt 0.420405 0.377190
vt 0.421084 0.379423
vt 0.242942 0.353295
vt 0.241842 0.351236
vt 0.417907 0.377688
vt 0.418137 0.380010
vt 0.240823 0.354710
vt 0.239343 0.352906
vt 0.415360 0.377689
vt 0.415132 0.380012
vt 0.239022 0.356511
vt 0.237218 0.355030
vt 0.412861 0.377193
vt 0.412184 0.379427
vt 0.237606 0.358629
vt 0.235548 0.357529
vt 0.410507 0.376219
vt 0.409407 0.378278
vt 0.236631 0.360983
vt 0.234398 0.360305
vt 0.408388 0.374805
vt 0.406908 0.376610
vt 0.236134 0.363481
vt 0.233811 0.363252
vt 0.406586 0.373004
vt 0.404782 0.374486
vt 0.236134 0.366029
vt 0.233811 0.366257
vt 0.405169 0.370887
vt 0.403111 0.371988
vt 0.236630 0.368527
vt 0.234397 0.369205
vt 0.404193 0.368534
vt 0.401960 0.369212
vt 0.237605 0.370881
vt 0.235546 0.371981
vt 0.403695 0.366036
vt 0.401373 0.366265
vt 0.239020 0.372999
vt 0.237216 0.374480
vt 0.403694 0.363488
vt 0.401371 0.363260
vt 0.240821 0.374801
vt 0.239340 0.376605
vt 0.404190 0.360989
vt 0.401956 0.360313
vt 0.242939 0.376217
vt 0.241839 0.378275
vt 0.405164 0.358635
vt 0.403105 0.357536
vt 0.245293 0.377192
vt 0.244615 0.379425
vt 0.406578 0.356516
vt 0.404773 0.355036
vt 0.247791 0.377689
vt 0.247562 0.380012
vt 0.408379 0.354714
vt 0.406897 0.352911
vt 0.250338 0.377689
vt 0.250567 0.380012
vt 0.410496 0.353298
vt 0.409395 0.351240
vt 0.252837 0.377193
vt 0.253514 0.379426
vt 0.412849 0.352322
vt 0.412171 0.350089
vt 0.255191 0.376218
vt 0.256291 0.378277
vt 0.415348 0.351824
vt 0.415118 0.349501
vt 0.257309 0.374803
vt 0.258790 0.376607
vt 0.417895 0.351823
vt 0.418123 0.349500
vt 0.259111 0.373002
vt 0.260915 0.374483
vt 0.420394 0.352318
vt 0.421070 0.350085
vt 0.260526 0.370884
vt 0.262585 0.371984
vt 0.422748 0.353292
vt 0.423847 0.351233
vt 0.261502 0.368530
vt 0.263735 0.369208
vt 0.424867 0.354707
vt 0.426347 0.352902
vt 0.261999 0.366032
vt 0.264322 0.366261
vt 0.426669 0.356507
vt 0.428472 0.355026
vt 0.261999 0.363484
vt 0.264322 0.363256
vt 0.103916 0.380164
vt 0.103916 0.374031
vt 0.106929 0.374031
vt 0.106929 0.380164
vt 0.103916 0.367898
vt 0.106929 0.367898
vt 0.103916 0.361765
vt 0.106929 0.361765
vt 0.100904 0.380164
vt 0.100904 0.374031
vt 0.100904 0.367898
vt 0.100904 0.361765
vt 0.194290 0.380164
vt 0.194290 0.374031
vt 0.197302 0.374031
vt 0.197302 0.380164
vt 0.194290 0.367898
vt 0.197302 0.367898
vt 0.194290 0.361765
vt 0.197302 0.361765
vt 0.191278 0.380164
vt 0.191278 0.374031
vt 0.191278 0.367898
vt 0.191278 0.361765
vt 0.188265 0.380164
vt 0.188265 0.374031
vt 0.188265 0.367898
vt 0.188265 0.361765
vt 0.185253 0.380164
vt 0.185253 0.374031
vt 0.185253 0.367898
vt 0.185253 0.361765
vt 0.182240 0.380164
vt 0.182240 0.374031
vt 0.182240 0.367898
vt 0.182240 0.361765
vt 0.179228 0.380164
vt 0.179228 0.374031
vt 0.179228 0.367898
vt 0.179228 0.361765
vt 0.176215 0.380164
vt 0.176215 0.374031
vt 0.176215 0.367898
vt 0.176215 0.361765
vt 0.173203 0.380164
vt 0.173203 0.374031
vt 0.173203 0.367898
vt 0.173203 0.361765
vt 0.170190 0.380164
vt 0.170190 0.374031
vt 0.170190 0.367898
vt 0.170190 0.361765
vt 0.167178 0.380164
vt 0.167178 0.374031
vt 0.167178 0.367898
vt 0.167178 0.361765
vt 0.164165 0.380164
vt 0.164165 0.374031
vt 0.164165 0.367898
vt 0.164165 0.361765
vt 0.161153 0.380164
vt 0.161153 0.374031
vt 0.161153 0.367898
vt 0.161153 0.361765
vt 0.158140 0.380164
vt 0.158140 0.374031
vt 0.158140 0.367898
vt 0.158140 0.361765
vt 0.155128 0.380164
vt 0.155128 0.374031
vt 0.155128 0.367898
vt 0.155128 0.361765
vt 0.152116 0.380164
vt 0.152116 0.374031
vt 0.152116 0.367898
vt 0.152116 0.361765
vt 0.149103 0.380164
vt 0.149103 0.374031
vt 0.149103 0.367898
vt 0.149103 0.361765
vt 0.146091 0.380164
vt 0.146091 0.374031
vt 0.146091 0.367898
vt 0.146091 0.361765
vt 0.143078 0.380164
vt 0.143078 0.374031
vt 0.143078 0.367898
vt 0.143078 0.361765
vt 0.140066 0.380164
vt 0.140066 0.374031
vt 0.140066 0.367898
vt 0.140066 0.361765
vt 0.137053 0.380164
vt 0.137053 0.374031
vt 0.137053 0.367898
vt 0.137053 0.361765
vt 0.134041 0.380164
vt 0.134041 0.374031
vt 0.134041 0.367898
vt 0.134041 0.361765
vt 0.131028 0.380164
vt 0.131028 0.374031
vt 0.131028 0.367898
vt 0.131028 0.361765
vt 0.128016 0.380164
vt 0.128016 0.374031
vt 0.128016 0.367898
vt 0.128016 0.361765
vt 0.125004 0.380164
vt 0.125004 0.374031
vt 0.125004 0.367898
vt 0.125004 0.361765
vt 0.121991 0.380164
vt 0.121991 0.374031
vt 0.121991 0.367898
vt 0.121991 0.361765
vt 0.118979 0.380164
vt 0.118979 0.374031
vt 0.118979 0.367898
vt 0.118979 0.361765
vt 0.115966 0.380164
vt 0.115966 0.374031
vt 0.115966 0.367898
vt 0.115966 0.361765
vt 0.112954 0.380164
vt 0.112954 0.374031
vt 0.112954 0.367898
vt 0.112954 0.361765
vt 0.109941 0.380164
vt 0.109941 0.374031
vt 0.109941 0.367898
vt 0.109941 0.361765
vt 0.067777 0.374033
vt 0.067777 0.380166
vt 0.064764 0.380166
vt 0.064764 0.374033
vt 0.061752 0.380166
vt 0.061752 0.374033
vt 0.058740 0.380166
vt 0.058740 0.374033
vt 0.055727 0.380166
vt 0.055727 0.374033
vt 0.052715 0.380166
vt 0.052715 0.374033
vt 0.049702 0.380166
vt 0.049702 0.374033
vt 0.046690 0.380166
vt 0.046690 0.374033
vt 0.043678 0.380166
vt 0.043678 0.374033
vt 0.040665 0.380166
vt 0.040665 0.374033
vt 0.037653 0.380166
vt 0.037653 0.374033
vt 0.034640 0.380166
vt 0.034640 0.374033
vt 0.031628 0.380166
vt 0.031628 0.374033
vt 0.028616 0.380166
vt 0.028616 0.374033
vt 0.025603 0.380166
vt 0.025603 0.374033
vt 0.022591 0.380166
vt 0.022591 0.374033
vt 0.019578 0.380166
vt 0.019578 0.374033
vt 0.016566 0.380166
vt 0.016566 0.374033
vt 0.013554 0.380166
vt 0.013554 0.374033
vt 0.010541 0.380166
vt 0.010541 0.374033
vt 0.007529 0.380166
vt 0.007529 0.374033
vt 0.004516 0.380166
vt 0.004516 0.374033
vt 0.001504 0.380166
vt 0.001504 0.374033
vt 0.097901 0.374033
vt 0.097901 0.380166
vt 0.094889 0.380166
vt 0.094889 0.374033
vt 0.091876 0.380166
vt 0.091876 0.374033
vt 0.088864 0.380166
vt 0.088864 0.374033
vt 0.085851 0.380166
vt 0.085851 0.374033
vt 0.082839 0.380166
vt 0.082839 0.374033
vt 0.079827 0.380166
vt 0.079827 0.374033
vt 0.076814 0.380166
vt 0.076814 0.374033
vt 0.073802 0.380166
vt 0.073802 0.374033
vt 0.218408 0.374147
vt 0.216523 0.374522
vt 0.214600 0.374522
vt 0.212715 0.374147
vt 0.210938 0.373411
vt 0.209340 0.372343
vt 0.207980 0.370984
vt 0.206912 0.369385
vt 0.206177 0.367609
vt 0.205802 0.365724
vt 0.205802 0.363801
vt 0.206177 0.361916
vt 0.206913 0.360139
vt 0.207981 0.358541
vt 0.209340 0.357182
vt 0.210939 0.356114
vt 0.212715 0.355378
vt 0.214600 0.355003
vt 0.216523 0.355003
vt 0.218408 0.355378
vt 0.220185 0.356114
vt 0.221783 0.357182
vt 0.223142 0.358541
vt 0.224210 0.360140
vt 0.224946 0.361916
vt 0.225321 0.363801
vt 0.225321 0.365724
vt 0.224946 0.367609
vt 0.224210 0.369386
vt 0.223142 0.370984
vt 0.221783 0.372343
vt 0.220184 0.373412
vt 0.070789 0.380166
vt 0.070789 0.374033
vt 0.313242 0.355377
vt 0.315127 0.355002
vt 0.317050 0.355002
vt 0.318935 0.355377
vt 0.320712 0.356113
vt 0.322310 0.357181
vt 0.323669 0.358540
vt 0.324738 0.360139
vt 0.325473 0.361915
vt 0.325848 0.363800
vt 0.325848 0.365723
vt 0.325473 0.367608
vt 0.324738 0.369385
vt 0.323669 0.370983
vt 0.322310 0.372342
vt 0.320711 0.373411
vt 0.318935 0.374146
vt 0.317050 0.374521
vt 0.315127 0.374521
vt 0.313242 0.374146
vt 0.311466 0.373411
vt 0.309867 0.372342
vt 0.308508 0.370983
vt 0.307440 0.369385
vt 0.306704 0.367608
vt 0.306329 0.365723
vt 0.306329 0.363800
vt 0.306704 0.361915
vt 0.307440 0.360139
vt 0.308508 0.358540
vt 0.309867 0.357181
vt 0.311466 0.356113
vt 0.314815 0.351829
vt 0.312316 0.352326
vt 0.311639 0.350092
vt 0.314586 0.349506
vt 0.216835 0.377695
vt 0.219334 0.377198
vt 0.220011 0.379432
vt 0.217064 0.380018
vt 0.317362 0.351829
vt 0.317591 0.349506
vt 0.221687 0.376223
vt 0.222788 0.378282
vt 0.319861 0.352326
vt 0.320538 0.350092
vt 0.223805 0.374808
vt 0.225286 0.376612
vt 0.322214 0.353301
vt 0.323315 0.351242
vt 0.225607 0.373007
vt 0.227411 0.374487
vt 0.324333 0.354716
vt 0.325813 0.352912
vt 0.227022 0.370889
vt 0.229081 0.371989
vt 0.326134 0.356517
vt 0.327938 0.355037
vt 0.227997 0.368535
vt 0.230231 0.369212
vt 0.327549 0.358636
vt 0.329608 0.357535
vt 0.228494 0.366036
vt 0.230817 0.366265
vt 0.328524 0.360989
vt 0.330758 0.360312
vt 0.228494 0.363489
vt 0.230817 0.363260
vt 0.329021 0.363488
vt 0.331344 0.363259
vt 0.227997 0.360990
vt 0.230231 0.360313
vt 0.329021 0.366035
vt 0.331344 0.366264
vt 0.227022 0.358637
vt 0.229081 0.357536
vt 0.328524 0.368534
vt 0.330758 0.369211
vt 0.225607 0.356519
vt 0.227411 0.355038
vt 0.327549 0.370887
vt 0.329608 0.371988
vt 0.223806 0.354717
vt 0.225286 0.352913
vt 0.326134 0.373006
vt 0.327938 0.374486
vt 0.221687 0.353302
vt 0.222788 0.351243
vt 0.324333 0.374807
vt 0.325813 0.376611
vt 0.219334 0.352327
vt 0.220011 0.350093
vt 0.322214 0.376222
vt 0.323315 0.378281
vt 0.216835 0.351830
vt 0.217064 0.349507
vt 0.319861 0.377197
vt 0.320538 0.379431
vt 0.214288 0.351830
vt 0.214059 0.349507
vt 0.317362 0.377694
vt 0.317591 0.380017
vt 0.211789 0.352327
vt 0.211112 0.350093
vt 0.314815 0.377694
vt 0.314586 0.380017
vt 0.209436 0.353302
vt 0.208335 0.351243
vt 0.312316 0.377197
vt 0.311639 0.379431
vt 0.207317 0.354717
vt 0.205837 0.352913
vt 0.309963 0.376222
vt 0.308862 0.378281
vt 0.205516 0.356518
vt 0.203712 0.355038
vt 0.307844 0.374807
vt 0.306364 0.376611
vt 0.204101 0.358636
vt 0.202042 0.357536
vt 0.306043 0.373006
vt 0.304239 0.374486
vt 0.203126 0.360990
vt 0.200892 0.360313
vt 0.304628 0.370888
vt 0.302569 0.371988
vt 0.202629 0.363489
vt 0.200306 0.363260
vt 0.303653 0.368534
vt 0.301419 0.369211
vt 0.202629 0.366036
vt 0.200306 0.366265
vt 0.303156 0.366035
vt 0.300833 0.366264
vt 0.203126 0.368535
vt 0.200892 0.369212
vt 0.303156 0.363488
vt 0.300833 0.363259
vt 0.204101 0.370888
vt 0.202042 0.371989
vt 0.303653 0.360989
vt 0.301419 0.360312
vt 0.205516 0.373007
vt 0.203712 0.374487
vt 0.304628 0.358636
vt 0.302569 0.357535
vt 0.207317 0.374808
vt 0.205837 0.376612
vt 0.306043 0.356517
vt 0.304239 0.355037
vt 0.209435 0.376223
vt 0.208335 0.378282
vt 0.307844 0.354716
vt 0.306364 0.352912
vt 0.211789 0.377198
vt 0.211111 0.379432
vt 0.309963 0.353301
vt 0.308862 0.351242
vt 0.214288 0.377695
vt 0.214059 0.380018
vt 0.070789 0.349500
vt 0.070789 0.355633
vt 0.067777 0.355633
vt 0.067777 0.349500
vt 0.070789 0.361767
vt 0.067777 0.361767
vt 0.070789 0.367900
vt 0.067777 0.367900
vt 0.073802 0.349500
vt 0.073802 0.355633
vt 0.073802 0.361767
vt 0.073802 0.367900
vt 0.076814 0.349500
vt 0.076814 0.355633
vt 0.076814 0.361767
vt 0.076814 0.367900
vt 0.079827 0.349500
vt 0.079827 0.355633
vt 0.079827 0.361767
vt 0.079827 0.367900
vt 0.082839 0.349500
vt 0.082839 0.355633
vt 0.082839 0.361767
vt 0.082839 0.367900
vt 0.085851 0.349500
vt 0.085851 0.355633
vt 0.085851 0.361767
vt 0.085851 0.367900
vt 0.088864 0.349500
vt 0.088864 0.355633
vt 0.088864 0.361767
vt 0.088864 0.367900
vt 0.091876 0.349500
vt 0.091876 0.355633
vt 0.091876 0.361767
vt 0.091876 0.367900
vt 0.094889 0.349500
vt 0.094889 0.355633
vt 0.094889 0.361767
vt 0.094889 0.367900
vt 0.097901 0.349500
vt 0.097901 0.355633
vt 0.097901 0.361767
vt 0.097901 0.367900
vt 0.004516 0.349500
vt 0.004516 0.355633
vt 0.001504 0.355633
vt 0.001504 0.349500
vt 0.004516 0.361767
vt 0.001504 0.361767
vt 0.004516 0.367900
vt 0.001504 0.367900
vt 0.007529 0.349500
vt 0.007529 0.355633
vt 0.007529 0.361767
vt 0.007529 0.367900
vt 0.010541 0.349500
vt 0.010541 0.355633
vt 0.010541 0.361767
vt 0.010541 0.367900
vt 0.013554 0.349500
vt 0.013554 0.355633
vt 0.013554 0.361767
vt 0.013554 0.367900
vt 0.016566 0.349500
vt 0.016566 0.355633
vt 0.016566 0.361767
vt 0.016566 0.367900
vt 0.019578 0.349500
vt 0.019578 0.355633
vt 0.019578 0.361767
vt 0.019578 0.367900
vt 0.022591 0.349500
vt 0.022591 0.355633
vt 0.022591 0.361767
vt 0.022591 0.367900
vt 0.025603 0.349500
vt 0.025603 0.355633
vt 0.025603 0.361767
vt 0.025603 0.367900
vt 0.028616 0.349500
vt 0.028616 0.355633
vt 0.028616 0.361767
vt 0.028616 0.367900
vt 0.031628 0.349500
vt 0.031628 0.355633
vt 0.031628 0.361767
vt 0.031628 0.367900
vt 0.034640 0.349500
vt 0.034640 0.355633
vt 0.034640 0.361767
vt 0.034640 0.367900
vt 0.037653 0.349500
vt 0.037653 0.355633
vt 0.037653 0.361767
vt 0.037653 0.367900
vt 0.040665 0.349500
vt 0.040665 0.355633
vt 0.040665 0.361767
vt 0.040665 0.367900
vt 0.043678 0.349500
vt 0.043678 0.355633
vt 0.043678 0.361767
vt 0.043678 0.367900
vt 0.046690 0.349500
vt 0.046690 0.355633
vt 0.046690 0.361767
vt 0.046690 0.367900
vt 0.049702 0.349500
vt 0.049702 0.355633
vt 0.049702 0.361767
vt 0.049702 0.367900
vt 0.052715 0.349500
vt 0.052715 0.355633
vt 0.052715 0.361767
vt 0.052715 0.367900
vt 0.055727 0.349500
vt 0.055727 0.355633
vt 0.055727 0.361767
vt 0.055727 0.367900
vt 0.058740 0.349500
vt 0.058740 0.355633
vt 0.058740 0.361767
vt 0.058740 0.367900
vt 0.061752 0.349500
vt 0.061752 0.355633
vt 0.061752 0.361767
vt 0.061752 0.367900
vt 0.064764 0.349500
vt 0.064764 0.355633
vt 0.064764 0.361767
vt 0.064764 0.367900
vt 0.979356 0.309958
vt 0.979356 0.316881
vt 0.984230 0.316882
vt 0.984230 0.309959
vt 0.989104 0.316884
vt 0.989104 0.309961
vt 0.984230 0.323805
vt 0.989104 0.323807
vt 0.984230 0.330728
vt 0.989104 0.330730
vt 0.984230 0.337651
vt 0.989104 0.337653
vt 0.984230 0.344574
vt 0.989104 0.344576
vt 0.984230 0.351497
vt 0.989104 0.351499
vt 0.984230 0.358420
vt 0.989104 0.358422
vt 0.984230 0.365343
vt 0.989104 0.365344
vt 0.984230 0.372266
vt 0.989104 0.372267
vt 0.984230 0.379189
vt 0.989104 0.379190
vt 0.984230 0.386112
vt 0.989104 0.386113
vt 0.984230 0.393034
vt 0.989104 0.393036
vt 0.984230 0.171501
vt 0.984230 0.178424
vt 0.989104 0.178425
vt 0.989104 0.171502
vt 0.984230 0.185347
vt 0.989104 0.185348
vt 0.984230 0.192270
vt 0.989104 0.192271
vt 0.984230 0.199192
vt 0.989104 0.199194
vt 0.984230 0.206115
vt 0.989104 0.206117
vt 0.984230 0.213038
vt 0.989104 0.213040
vt 0.984230 0.219961
vt 0.989104 0.219963
vt 0.984230 0.226884
vt 0.989104 0.226886
vt 0.984230 0.233807
vt 0.989104 0.233809
vt 0.984230 0.240730
vt 0.989104 0.240732
vt 0.984230 0.247653
vt 0.989104 0.247655
vt 0.984230 0.254576
vt 0.989104 0.254577
vt 0.984230 0.261499
vt 0.989104 0.261500
vt 0.984230 0.268422
vt 0.989104 0.268423
vt 0.984230 0.275345
vt 0.989104 0.275346
vt 0.984230 0.282268
vt 0.989104 0.282269
vt 0.984230 0.289191
vt 0.989104 0.289192
vt 0.722457 0.341589
vt 0.724250 0.345917
vt 0.726853 0.349812
vt 0.730165 0.353125
vt 0.734061 0.355728
vt 0.738389 0.357520
vt 0.742983 0.358434
vt 0.747668 0.358434
vt 0.752263 0.357520
vt 0.756591 0.355727
vt 0.760486 0.353125
vt 0.763798 0.349812
vt 0.766401 0.345917
vt 0.768194 0.341589
vt 0.769108 0.336994
vt 0.769108 0.332310
vt 0.768194 0.327715
vt 0.766401 0.323387
vt 0.763798 0.319492
vt 0.760486 0.316179
vt 0.756591 0.313577
vt 0.752262 0.311784
vt 0.747668 0.310870
vt 0.742983 0.310870
vt 0.738388 0.311784
vt 0.734060 0.313577
vt 0.730165 0.316179
vt 0.726853 0.319492
vt 0.724250 0.323387
vt 0.722457 0.327715
vt 0.721543 0.332310
vt 0.721544 0.336995
vt 0.984230 0.296113
vt 0.989104 0.296115
vt 0.984230 0.303036
vt 0.989104 0.303038
vt 0.839691 0.323385
vt 0.837089 0.319490
vt 0.833777 0.316177
vt 0.829882 0.313573
vt 0.825554 0.311780
vt 0.820960 0.310865
vt 0.816275 0.310864
vt 0.811680 0.311778
vt 0.807352 0.313570
vt 0.803456 0.316172
vt 0.800143 0.319484
vt 0.797540 0.323378
vt 0.795747 0.327706
vt 0.794832 0.332301
vt 0.794831 0.336985
vt 0.795745 0.341580
vt 0.797537 0.345909
vt 0.800139 0.349804
vt 0.803451 0.353117
vt 0.807345 0.355721
vt 0.811673 0.357514
vt 0.816268 0.358429
vt 0.820952 0.358429
vt 0.825547 0.357516
vt 0.829875 0.355724
vt 0.833771 0.353122
vt 0.837084 0.349810
vt 0.839687 0.345915
vt 0.841481 0.341587
vt 0.842395 0.336993
vt 0.842396 0.332308
vt 0.841483 0.327714
vt 0.993978 0.309963
vt 0.993978 0.303040
vt 0.993978 0.296117
vt 0.979356 0.303035
vt 0.993978 0.289194
vt 0.979356 0.296112
vt 0.993978 0.282271
vt 0.979356 0.289189
vt 0.993978 0.275348
vt 0.979356 0.282266
vt 0.993978 0.268425
vt 0.979356 0.275343
vt 0.993978 0.261502
vt 0.979356 0.268420
vt 0.993978 0.254579
vt 0.979356 0.261497
vt 0.993978 0.247656
vt 0.979356 0.254574
vt 0.993978 0.240733
vt 0.979356 0.247651
vt 0.993978 0.233810
vt 0.979356 0.240728
vt 0.993978 0.226887
vt 0.979356 0.233806
vt 0.993978 0.219964
vt 0.979356 0.226883
vt 0.993978 0.213041
vt 0.979356 0.219960
vt 0.993978 0.206118
vt 0.979356 0.213037
vt 0.993978 0.199195
vt 0.979356 0.206114
vt 0.993978 0.192273
vt 0.979356 0.199191
vt 0.993978 0.185350
vt 0.979356 0.192268
vt 0.993978 0.178427
vt 0.979356 0.185345
vt 0.993978 0.171504
vt 0.979356 0.178422
vt 0.993978 0.393038
vt 0.993978 0.386115
vt 0.979356 0.171499
vt 0.993978 0.379192
vt 0.979356 0.386110
vt 0.979356 0.393033
vt 0.993978 0.372269
vt 0.979356 0.379187
vt 0.993978 0.365346
vt 0.979356 0.372264
vt 0.993978 0.358423
vt 0.979356 0.365341
vt 0.993978 0.351500
vt 0.979356 0.358418
vt 0.993978 0.344577
vt 0.979356 0.351495
vt 0.993978 0.337654
vt 0.979356 0.344572
vt 0.993978 0.330731
vt 0.979356 0.337649
vt 0.993978 0.323808
vt 0.979356 0.330726
vt 0.993978 0.316886
vt 0.979356 0.323804
vt 0.848521 0.325580
vt 0.852410 0.324401
vt 0.849762 0.318004
vt 0.846178 0.319919
vt 0.714224 0.337715
vt 0.710180 0.338114
vt 0.711531 0.344904
vt 0.715420 0.343724
vt 0.849715 0.331589
vt 0.853760 0.331191
vt 0.714180 0.351300
vt 0.717764 0.349384
vt 0.849715 0.337715
vt 0.853759 0.338114
vt 0.718027 0.357056
vt 0.721168 0.354478
vt 0.848518 0.343724
vt 0.852407 0.344904
vt 0.722922 0.361951
vt 0.725500 0.358810
vt 0.846173 0.349383
vt 0.849757 0.351299
vt 0.728678 0.365798
vt 0.730594 0.362214
vt 0.842768 0.354477
vt 0.845909 0.357055
vt 0.735074 0.368447
vt 0.736254 0.364558
vt 0.838436 0.358808
vt 0.841013 0.361950
vt 0.741864 0.369798
vt 0.742263 0.365753
vt 0.833341 0.362211
vt 0.835256 0.365795
vt 0.748787 0.369797
vt 0.748389 0.365753
vt 0.827681 0.364554
vt 0.828860 0.368443
vt 0.755577 0.368447
vt 0.754398 0.364558
vt 0.821672 0.365749
vt 0.822070 0.369793
vt 0.761973 0.365797
vt 0.760058 0.362214
vt 0.815546 0.365748
vt 0.815147 0.369792
vt 0.767730 0.361951
vt 0.765152 0.358810
vt 0.809537 0.364551
vt 0.808357 0.368440
vt 0.772625 0.357056
vt 0.769484 0.354478
vt 0.803877 0.362206
vt 0.801961 0.365790
vt 0.776471 0.351299
vt 0.772887 0.349384
vt 0.798784 0.358802
vt 0.796206 0.361943
vt 0.779120 0.344903
vt 0.775232 0.343724
vt 0.794453 0.354469
vt 0.791311 0.357046
vt 0.780471 0.338113
vt 0.776427 0.337715
vt 0.791050 0.349375
vt 0.787466 0.351290
vt 0.780471 0.331190
vt 0.776427 0.331589
vt 0.788706 0.343714
vt 0.784817 0.344893
vt 0.779120 0.324400
vt 0.775232 0.325580
vt 0.787512 0.337705
vt 0.783468 0.338103
vt 0.776471 0.318004
vt 0.772887 0.319920
vt 0.787513 0.331579
vt 0.783469 0.331180
vt 0.772625 0.312248
vt 0.769483 0.314826
vt 0.788709 0.325570
vt 0.784821 0.324390
vt 0.767729 0.307353
vt 0.765151 0.310494
vt 0.791055 0.319911
vt 0.787471 0.317994
vt 0.761973 0.303507
vt 0.760057 0.307090
vt 0.794459 0.314817
vt 0.791318 0.312239
vt 0.755577 0.300857
vt 0.754397 0.304746
vt 0.798792 0.310486
vt 0.796214 0.307344
vt 0.748787 0.299507
vt 0.748389 0.303551
vt 0.803886 0.307083
vt 0.801971 0.303499
vt 0.741864 0.299507
vt 0.742262 0.303551
vt 0.809547 0.304739
vt 0.808368 0.300850
vt 0.735074 0.300857
vt 0.736253 0.304746
vt 0.815556 0.303545
vt 0.815158 0.299501
vt 0.728678 0.303507
vt 0.730594 0.307091
vt 0.821682 0.303546
vt 0.822081 0.299502
vt 0.722922 0.307353
vt 0.725500 0.310494
vt 0.827690 0.304742
vt 0.828871 0.300854
vt 0.718026 0.312248
vt 0.721168 0.314826
vt 0.833350 0.307088
vt 0.835266 0.303504
vt 0.714180 0.318005
vt 0.717764 0.319920
vt 0.838443 0.310492
vt 0.841022 0.307351
vt 0.711531 0.324401
vt 0.715420 0.325580
vt 0.842775 0.314825
vt 0.845917 0.312247
vt 0.710180 0.331191
vt 0.714224 0.331589
s 1
usemtl Guitar_Chair_Textures
f 1/1/1 17/2/2 32/3/3 16/4/4
f 2/5/5 18/6/6 17/2/2 1/1/1
f 3/7/7 19/8/8 18/6/6 2/5/5
f 4/9/9 20/10/10 19/8/8 3/7/7
f 5/11/11 21/12/12 20/10/10 4/9/9
f 6/13/13 22/14/14 21/12/12 5/11/11
f 7/15/15 23/16/16 22/14/14 6/13/13
f 8/17/17 24/18/18 23/16/16 7/15/15
f 9/19/19 25/20/20 24/18/18 8/17/17
f 10/21/21 26/22/22 25/20/20 9/19/19
f 11/23/23 27/24/24 26/22/22 10/21/21
f 12/25/25 28/26/26 27/24/24 11/23/23
f 13/27/27 29/28/28 28/26/26 12/25/25
f 14/29/29 30/30/30 29/28/28 13/27/27
f 15/31/31 31/32/32 30/30/30 14/29/29
f 16/33/4 32/34/3 31/32/32 15/31/31
f 17/2/2 33/35/33 48/36/34 32/3/3
f 18/6/6 34/37/35 33/35/33 17/2/2
f 19/8/8 35/38/36 34/37/35 18/6/6
f 20/10/10 36/39/37 35/38/36 19/8/8
f 21/12/12 37/40/38 36/39/37 20/10/10
f 22/14/14 38/41/39 37/40/38 21/12/12
f 23/16/16 39/42/40 38/41/39 22/14/14
f 24/18/18 40/43/41 39/42/40 23/16/16
f 25/20/20 41/44/42 40/43/41 24/18/18
f 26/22/22 42/45/43 41/44/42 25/20/20
f 27/24/24 43/46/44 42/45/43 26/22/22
f 28/26/26 44/47/45 43/46/44 27/24/24
f 29/28/28 45/48/46 44/47/45 28/26/26
f 30/30/30 46/49/47 45/48/46 29/28/28
f 31/32/32 47/50/48 46/49/47 30/30/30
f 32/34/3 48/51/34 47/50/48 31/32/32
f 33/35/33 49/52/49 64/53/50 48/36/34
f 34/37/35 50/54/51 49/52/49 33/35/33
f 35/38/36 51/55/52 50/54/51 34/37/35
f 36/39/37 52/56/53 51/55/52 35/38/36
f 37/40/38 53/57/54 52/56/53 36/39/37
f 38/41/39 54/58/55 53/57/54 37/40/38
f 39/42/40 55/59/56 54/58/55 38/41/39
f 40/43/41 56/60/57 55/59/56 39/42/40
f 41/44/42 57/61/58 56/60/57 40/43/41
f 42/45/43 58/62/59 57/61/58 41/44/42
f 43/46/44 59/63/60 58/62/59 42/45/43
f 44/47/45 60/64/61 59/63/60 43/46/44
f 45/48/46 61/65/62 60/64/61 44/47/45
f 46/49/47 62/66/63 61/65/62 45/48/46
f 47/50/48 63/67/64 62/66/63 46/49/47
f 48/51/34 64/68/50 63/67/64 47/50/48
f 49/52/49 65/69/65 80/70/66 64/53/50
f 50/54/51 66/71/67 65/69/65 49/52/49
f 51/55/52 67/72/68 66/71/67 50/54/51
f 52/56/53 68/73/69 67/72/68 51/55/52
f 53/57/54 69/74/70 68/73/69 52/56/53
f 54/58/55 70/75/71 69/74/70 53/57/54
f 55/59/56 71/76/72 70/75/71 54/58/55
f 56/60/57 72/77/73 71/76/72 55/59/56
f 57/61/58 73/78/74 72/77/73 56/60/57
f 58/62/59 74/79/75 73/78/74 57/61/58
f 59/63/60 75/80/76 74/79/75 58/62/59
f 60/64/61 76/81/77 75/80/76 59/63/60
f 61/65/62 77/82/78 76/81/77 60/64/61
f 62/66/63 78/83/79 77/82/78 61/65/62
f 63/67/64 79/84/80 78/83/79 62/66/63
f 64/68/50 80/85/66 79/84/80 63/67/64
f 65/69/65 81/86/81 96/87/82 80/70/66
f 66/71/67 82/88/83 81/86/81 65/69/65
f 67/72/68 83/89/84 82/88/83 66/71/67
f 68/73/69 84/90/85 83/89/84 67/72/68
f 69/74/70 85/91/86 84/90/85 68/73/69
f 70/75/71 86/92/87 85/91/86 69/74/70
f 71/76/72 87/93/88 86/92/87 70/75/71
f 72/77/73 88/94/89 87/93/88 71/76/72
f 73/78/74 89/95/90 88/94/89 72/77/73
f 74/79/75 90/96/91 89/95/90 73/78/74
f 75/80/76 91/97/92 90/96/91 74/79/75
f 76/81/77 92/98/93 91/97/92 75/80/76
f 77/82/78 93/99/94 92/98/93 76/81/77
f 78/83/79 94/100/95 93/99/94 77/82/78
f 79/84/80 95/101/96 94/100/95 78/83/79
f 80/85/66 96/102/82 95/101/96 79/84/80
f 81/86/81 97/103/97 112/104/98 96/87/82
f 82/88/83 98/105/99 97/103/97 81/86/81
f 83/89/84 99/106/100 98/105/99 82/88/83
f 84/90/85 100/107/101 99/106/100 83/89/84
f 85/91/86 101/108/102 100/107/101 84/90/85
f 86/92/87 102/109/103 101/108/102 85/91/86
f 87/93/88 103/110/104 102/109/103 86/92/87
f 88/94/89 104/111/105 103/110/104 87/93/88
f 89/95/90 105/112/106 104/111/105 88/94/89
f 90/96/91 106/113/107 105/112/106 89/95/90
f 91/97/92 107/114/108 106/113/107 90/96/91
f 92/98/93 108/115/109 107/114/108 91/97/92
f 93/99/94 109/116/110 108/115/109 92/98/93
f 94/100/95 110/117/111 109/116/110 93/99/94
f 95/101/96 111/118/112 110/117/111 94/100/95
f 96/102/82 112/119/98 111/118/112 95/101/96
f 97/103/97 113/120/113 128/121/114 112/104/98
f 98/105/99 114/122/115 113/120/113 97/103/97
f 99/106/100 115/123/116 114/122/115 98/105/99
f 100/107/101 116/124/117 115/123/116 99/106/100
f 101/108/102 117/125/118 116/124/117 100/107/101
f 102/109/103 118/126/119 117/125/118 101/108/102
f 103/110/104 119/127/120 118/126/119 102/109/103
f 104/111/105 120/128/121 119/127/120 103/110/104
f 105/112/106 121/129/122 120/128/121 104/111/105
f 106/113/107 122/130/123 121/129/122 105/112/106
f 107/114/108 123/131/124 122/130/123 106/113/107
f 108/115/109 124/132/125 123/131/124 107/114/108
f 109/116/110 125/133/126 124/132/125 108/115/109
f 110/117/111 126/134/127 125/133/126 109/116/110
f 111/118/112 127/135/128 126/134/127 110/117/111
f 112/119/98 128/136/114 127/135/128 111/118/112
f 113/120/113 129/137/129 144/138/130 128/121/114
f 114/122/115 130/139/131 129/137/129 113/120/113
f 115/123/116 131/140/132 130/139/131 114/122/115
f 116/124/117 132/141/133 131/140/132 115/123/116
f 117/125/118 133/142/134 132/141/133 116/124/117
f 118/126/119 134/143/135 133/142/134 117/125/118
f 119/127/120 135/144/136 134/143/135 118/126/119
f 120/128/121 136/145/137 135/144/136 119/127/120
f 121/129/122 137/146/138 136/145/137 120/128/121
f 122/130/123 138/147/139 137/146/138 121/129/122
f 123/131/124 139/148/140 138/147/139 122/130/123
f 124/132/125 140/149/141 139/148/140 123/131/124
f 125/133/126 141/150/142 140/149/141 124/132/125
f 126/134/127 142/151/143 141/150/142 125/133/126
f 127/135/128 143/152/144 142/151/143 126/134/127
f 128/136/114 144/153/130 143/152/144 127/135/128
f 129/137/129 145/154/145 160/155/146 144/138/130
f 130/139/131 146/156/147 145/154/145 129/137/129
f 131/140/132 147/157/148 146/156/147 130/139/131
f 132/141/133 148/158/149 147/157/148 131/140/132
f 133/142/134 149/159/150 148/158/149 132/141/133
f 134/143/135 150/160/151 149/159/150 133/142/134
f 135/144/136 151/161/152 150/160/151 134/143/135
f 136/145/137 152/162/153 151/161/152 135/144/136
f 137/146/138 153/163/154 152/162/153 136/145/137
f 138/147/139 154/164/155 153/163/154 137/146/138
f 139/148/140 155/165/156 154/164/155 138/147/139
f 140/149/141 156/166/157 155/165/156 139/148/140
f 141/150/142 157/167/158 156/166/157 140/149/141
f 142/151/143 158/168/159 157/167/158 141/150/142
f 143/152/144 159/169/160 158/168/159 142/151/143
f 144/153/130 160/170/146 159/169/160 143/152/144
f 145/154/145 161/171/161 176/172/162 160/155/146
f 146/156/147 162/173/163 161/171/161 145/154/145
f 147/157/148 163/174/164 162/173/163 146/156/147
f 148/158/149 164/175/165 163/174/164 147/157/148
f 149/159/150 165/176/166 164/175/165 148/158/149
f 150/160/151 166/177/167 165/176/166 149/159/150
f 151/161/152 167/178/168 166/177/167 150/160/151
f 152/162/153 168/179/169 167/178/168 151/161/152
f 153/163/154 169/180/170 168/179/169 152/162/153
f 154/164/155 170/181/171 169/180/170 153/163/154
f 155/165/156 171/182/172 170/181/171 154/164/155
f 156/166/157 172/183/173 171/182/172 155/165/156
f 157/167/158 173/184/174 172/183/173 156/166/157
f 158/168/159 174/185/175 173/184/174 157/167/158
f 159/169/160 175/186/176 174/185/175 158/168/159
f 160/170/146 176/187/162 175/186/176 159/169/160
f 161/171/161 177/188/177 192/189/178 176/172/162
f 162/173/163 178/190/179 177/188/177 161/171/161
f 163/174/164 179/191/180 178/190/179 162/173/163
f 164/175/165 180/192/181 179/191/180 163/174/164
f 165/176/166 181/193/182 180/192/181 164/175/165
f 166/177/167 182/194/183 181/193/182 165/176/166
f 167/178/168 183/195/184 182/194/183 166/177/167
f 168/179/169 184/196/185 183/195/184 167/178/168
f 169/180/170 185/197/186 184/196/185 168/179/169
f 170/181/171 186/198/187 185/197/186 169/180/170
f 171/182/172 187/199/188 186/198/187 170/181/171
f 172/183/173 188/200/189 187/199/188 171/182/172
f 173/184/174 189/201/190 188/200/189 172/183/173
f 174/185/175 190/202/191 189/201/190 173/184/174
f 175/186/176 191/203/192 190/202/191 174/185/175
f 176/187/162 192/204/178 191/203/192 175/186/176
f 177/188/177 193/205/193 208/206/194 192/189/178
f 178/190/179 194/207/195 193/205/193 177/188/177
f 179/191/180 195/208/196 194/207/195 178/190/179
f 180/192/181 196/209/197 195/208/196 179/191/180
f 181/193/182 197/210/198 196/209/197 180/192/181
f 182/194/183 198/211/199 197/210/198 181/193/182
f 183/195/184 199/212/200 198/211/199 182/194/183
f 184/196/185 200/213/201 199/212/200 183/195/184
f 185/197/186 201/214/202 200/213/201 184/196/185
f 186/198/187 202/215/203 201/214/202 185/197/186
f 187/199/188 203/216/204 202/215/203 186/198/187
f 188/200/189 204/217/205 203/216/204 187/199/188
f 189/201/190 205/218/206 204/217/205 188/200/189
f 190/202/191 206/219/207 205/218/206 189/201/190
f 191/203/192 207/220/208 206/219/207 190/202/191
f 192/204/178 208/221/194 207/220/208 191/203/192
f 193/205/193 209/222/209 224/223/210 208/206/194
f 194/207/195 210/224/211 209/222/209 193/205/193
f 195/208/196 211/225/212 210/224/211 194/207/195
f 196/209/197 212/226/213 211/225/212 195/208/196
f 197/210/198 213/227/214 212/226/213 196/209/197
f 198/211/199 214/228/215 213/227/214 197/210/198
f 199/212/200 215/229/216 214/228/215 198/211/199
f 200/213/201 216/230/217 215/229/216 199/212/200
f 201/214/202 217/231/218 216/230/217 200/213/201
f 202/215/203 218/232/219 217/231/218 201/214/202
f 203/216/204 219/233/220 218/232/219 202/215/203
f 204/217/205 220/234/221 219/233/220 203/216/204
f 205/218/206 221/235/222 220/234/221 204/217/205
f 206/219/207 222/236/223 221/235/222 205/218/206
f 207/220/208 223/237/224 222/236/223 206/219/207
f 208/221/194 224/238/210 223/237/224 207/220/208
f 209/222/209 225/239/225 240/240/226 224/223/210
f 210/224/211 226/241/227 225/239/225 209/222/209
f 211/225/212 227/242/228 226/241/227 210/224/211
f 212/226/213 228/243/229 227/242/228 211/225/212
f 213/227/214 229/244/230 228/243/229 212/226/213
f 214/228/215 230/245/231 229/244/230 213/227/214
f 215/229/216 231/246/232 230/245/231 214/228/215
f 216/230/217 232/247/233 231/246/232 215/229/216
f 217/231/218 233/248/234 232/247/233 216/230/217
f 218/232/219 234/249/235 233/248/234 217/231/218
f 219/233/220 235/250/236 234/249/235 218/232/219
f 220/234/221 236/251/237 235/250/236 219/233/220
f 221/235/222 237/252/238 236/251/237 220/234/221
f 222/236/223 238/253/239 237/252/238 221/235/222
f 223/237/224 239/254/240 238/253/239 222/236/223
f 224/238/210 240/255/226 239/254/240 223/237/224
f 225/239/225 241/256/241 256/257/242 240/240/226
f 226/241/227 242/258/243 241/256/241 225/239/225
f 227/242/228 243/259/244 242/258/243 226/241/227
f 228/243/229 244/260/245 243/259/244 227/242/228
f 229/244/230 245/261/246 244/260/245 228/243/229
f 230/245/231 246/262/247 245/261/246 229/244/230
f 231/246/232 247/263/248 246/262/247 230/245/231
f 232/247/233 248/264/249 247/263/248 231/246/232
f 233/248/234 249/265/250 248/264/249 232/247/233
f 234/249/235 250/266/251 249/265/250 233/248/234
f 235/250/236 251/267/252 250/266/251 234/249/235
f 236/251/237 252/268/253 251/267/252 235/250/236
f 237/252/238 253/269/254 252/268/253 236/251/237
f 238/253/239 254/270/255 253/269/254 237/252/238
f 239/254/240 255/271/256 254/270/255 238/253/239
f 240/255/226 256/272/242 255/271/256 239/254/240
f 241/256/241 257/273/257 272/274/17 256/257/242
f 242/258/243 258/275/258 257/273/257 241/256/241
f 243/259/244 259/276/259 258/275/258 242/258/243
f 244/260/245 260/277/260 259/276/259 243/259/244
f 245/261/246 261/278/261 260/277/260 244/260/245
f 246/262/247 262/279/262 261/278/261 245/261/246
f 247/263/248 263/280/263 262/279/262 246/262/247
f 248/264/249 264/281/4 263/280/263 247/263/248
f 249/265/250 265/282/264 264/281/4 248/264/249
f 250/266/251 266/283/265 265/282/264 249/265/250
f 251/267/252 267/284/266 266/283/265 250/266/251
f 252/268/253 268/285/267 267/284/266 251/267/252
f 253/269/254 269/286/268 268/285/267 252/268/253
f 254/270/255 270/287/269 269/286/268 253/269/254
f 255/271/256 271/288/270 270/287/269 254/270/255
f 256/272/242 272/289/17 271/288/270 255/271/256
f 257/273/257 273/290/271 288/291/18 272/274/17
f 258/275/258 274/292/272 273/290/271 257/273/257
f 259/276/259 275/293/273 274/292/272 258/275/258
f 260/277/260 276/294/274 275/293/273 259/276/259
f 261/278/261 277/295/275 276/294/274 260/277/260
f 262/279/262 278/296/276 277/295/275 261/278/261
f 263/280/263 279/297/277 278/296/276 262/279/262
f 264/281/4 280/298/3 279/297/277 263/280/263
f 265/282/264 281/299/278 280/298/3 264/281/4
f 266/283/265 282/300/279 281/299/278 265/282/264
f 267/284/266 283/301/280 282/300/279 266/283/265
f 268/285/267 284/302/281 283/301/280 267/284/266
f 269/286/268 285/303/282 284/302/281 268/285/267
f 270/287/269 286/304/283 285/303/282 269/286/268
f 271/288/270 287/305/284 286/304/283 270/287/269
f 272/289/17 288/306/18 287/305/284 271/288/270
f 273/290/271 289/307/285 304/308/41 288/291/18
f 274/292/272 290/309/286 289/307/285 273/290/271
f 275/293/273 291/310/287 290/309/286 274/292/272
f 276/294/274 292/311/288 291/310/287 275/293/273
f 277/295/275 293/312/289 292/311/288 276/294/274
f 278/296/276 294/313/290 293/312/289 277/295/275
f 279/297/277 295/314/291 294/313/290 278/296/276
f 280/298/3 296/315/34 295/314/291 279/297/277
f 281/299/278 297/316/292 296/315/34 280/298/3
f 282/300/279 298/317/293 297/316/292 281/299/278
f 283/301/280 299/318/294 298/317/293 282/300/279
f 284/302/281 300/319/295 299/318/294 283/301/280
f 285/303/282 301/320/296 300/319/295 284/302/281
f 286/304/283 302/321/297 301/320/296 285/303/282
f 287/305/284 303/322/298 302/321/297 286/304/283
f 288/306/18 304/323/41 303/322/298 287/305/284
f 289/307/285 305/324/299 320/325/57 304/308/41
f 290/309/286 306/326/300 305/324/299 289/307/285
f 291/310/287 307/327/301 306/326/300 290/309/286
f 292/311/288 308/328/302 307/327/301 291/310/287
f 293/312/289 309/329/303 308/328/302 292/311/288
f 294/313/290 310/330/304 309/329/303 293/312/289
f 295/314/291 311/331/305 310/330/304 294/313/290
f 296/315/34 312/332/50 311/331/305 295/314/291
f 297/316/292 313/333/306 312/332/50 296/315/34
f 298/317/293 314/334/307 313/333/306 297/316/292
f 299/318/294 315/335/308 314/334/307 298/317/293
f 300/319/295 316/336/309 315/335/308 299/318/294
f 301/320/296 317/337/310 316/336/309 300/319/295
f 302/321/297 318/338/311 317/337/310 301/320/296
f 303/322/298 319/339/312 318/338/311 302/321/297
f 304/323/41 320/340/57 319/339/312 303/322/298
f 305/324/299 321/341/313 336/342/73 320/325/57
f 306/326/300 322/343/314 321/341/313 305/324/299
f 307/327/301 323/344/315 322/343/314 306/326/300
f 308/328/302 324/345/316 323/344/315 307/327/301
f 309/329/303 325/346/317 324/345/316 308/328/302
f 310/330/304 326/347/318 325/346/317 309/329/303
f 311/331/305 327/348/319 326/347/318 310/330/304
f 312/332/50 328/349/66 327/348/319 311/331/305
f 313/333/306 329/350/320 328/349/66 312/332/50
f 314/334/307 330/351/321 329/350/320 313/333/306
f 315/335/308 331/352/322 330/351/321 314/334/307
f 316/336/309 332/353/323 331/352/322 315/335/308
f 317/337/310 333/354/324 332/353/323 316/336/309
f 318/338/311 334/355/325 333/354/324 317/337/310
f 319/339/312 335/356/326 334/355/325 318/338/311
f 320/340/57 336/357/73 335/356/326 319/339/312
f 321/341/313 337/358/327 352/359/89 336/342/73
f 322/343/314 338/360/328 337/358/327 321/341/313
f 323/344/315 339/361/329 338/360/328 322/343/314
f 324/345/316 340/362/330 339/361/329 323/344/315
f 325/346/317 341/363/331 340/362/330 324/345/316
f 326/347/318 342/364/332 341/363/331 325/346/317
f 327/348/319 343/365/333 342/364/332 326/347/318
f 328/349/66 344/366/82 343/365/333 327/348/319
f 329/350/320 345/367/334 344/366/82 328/349/66
f 330/351/321 346/368/335 345/367/334 329/350/320
f 331/352/322 347/369/336 346/368/335 330/351/321
f 332/353/323 348/370/337 347/369/336 331/352/322
f 333/354/324 349/371/338 348/370/337 332/353/323
f 334/355/325 350/372/339 349/371/338 333/354/324
f 335/356/326 351/373/340 350/372/339 334/355/325
f 336/357/73 352/374/89 351/373/340 335/356/326
f 337/358/327 353/375/341 368/376/105 352/359/89
f 338/360/328 354/377/342 353/375/341 337/358/327
f 339/361/329 355/378/343 354/377/342 338/360/328
f 340/362/330 356/379/344 355/378/343 339/361/329
f 341/363/331 357/380/345 356/379/344 340/362/330
f 342/364/332 358/381/346 357/380/345 341/363/331
f 343/365/333 359/382/347 358/381/346 342/364/332
f 344/366/82 360/383/98 359/382/347 343/365/333
f 345/367/334 361/384/348 360/383/98 344/366/82
f 346/368/335 362/385/349 361/384/348 345/367/334
f 347/369/336 363/386/350 362/385/349 346/368/335
f 348/370/337 364/387/351 363/386/350 347/369/336
f 349/371/338 365/388/352 364/387/351 348/370/337
f 350/372/339 366/389/353 365/388/352 349/371/338
f 351/373/340 367/390/354 366/389/353 350/372/339
f 352/374/89 368/391/105 367/390/354 351/373/340
f 353/392/341 369/393/355 384/394/121 368/395/105
f 354/396/342 370/397/356 369/393/355 353/392/341
f 355/398/343 371/399/357 370/397/356 354/396/342
f 356/400/344 372/401/358 371/399/357 355/398/343
f 357/402/345 373/403/359 372/401/358 356/400/344
f 358/404/346 374/405/360 373/403/359 357/402/345
f 359/406/347 375/407/361 374/405/360 358/404/346
f 360/408/98 376/409/114 375/407/361 359/406/347
f 361/410/348 377/411/362 376/409/114 360/408/98
f 362/412/349 378/413/363 377/411/362 361/410/348
f 363/414/350 379/415/364 378/413/363 362/412/349
f 364/416/351 380/417/365 379/415/364 363/414/350
f 365/418/352 381/419/366 380/417/365 364/416/351
f 366/420/353 382/421/367 381/419/366 365/418/352
f 367/422/354 383/423/368 382/421/367 366/420/353
f 368/424/105 384/425/121 383/423/368 367/422/354
f 369/393/355 385/426/369 400/427/137 384/394/121
f 370/397/356 386/428/370 385/426/369 369/393/355
f 371/399/357 387/429/371 386/428/370 370/397/356
f 372/401/358 388/430/372 387/429/371 371/399/357
f 373/403/359 389/431/373 388/430/372 372/401/358
f 374/405/360 390/432/374 389/431/373 373/403/359
f 375/407/361 391/433/375 390/432/374 374/405/360
f 376/409/114 392/434/130 391/433/375 375/407/361
f 377/411/362 393/435/376 392/434/130 376/409/114
f 378/413/363 394/436/377 393/435/376 377/411/362
f 379/415/364 395/437/378 394/436/377 378/413/363
f 380/417/365 396/438/379 395/437/378 379/415/364
f 381/419/366 397/439/380 396/438/379 380/417/365
f 382/421/367 398/440/381 397/439/380 381/419/366
f 383/423/368 399/441/382 398/440/381 382/421/367
f 384/425/121 400/442/137 399/441/382 383/423/368
f 385/426/369 401/443/383 416/444/153 400/427/137
f 386/428/370 402/445/384 401/443/383 385/426/369
f 387/429/371 403/446/385 402/445/384 386/428/370
f 388/430/372 404/447/386 403/446/385 387/429/371
f 389/431/373 405/448/387 404/447/386 388/430/372
f 390/432/374 406/449/388 405/448/387 389/431/373
f 391/433/375 407/450/389 406/449/388 390/432/374
f 392/434/130 408/451/146 407/450/389 391/433/375
f 393/435/376 409/452/390 408/451/146 392/434/130
f 394/436/377 410/453/391 409/452/390 393/435/376
f 395/437/378 411/454/392 410/453/391 394/436/377
f 396/438/379 412/455/393 411/454/392 395/437/378
f 397/439/380 413/456/394 412/455/393 396/438/379
f 398/440/381 414/457/395 413/456/394 397/439/380
f 399/441/382 415/458/396 414/457/395 398/440/381
f 400/442/137 416/459/153 415/458/396 399/441/382
f 401/443/383 417/460/397 432/461/169 416/444/153
f 402/445/384 418/462/398 417/460/397 401/443/383
f 403/446/385 419/463/399 418/462/398 402/445/384
f 404/447/386 420/464/400 419/463/399 403/446/385
f 405/448/387 421/465/401 420/464/400 404/447/386
f 406/449/388 422/466/402 421/465/401 405/448/387
f 407/450/389 423/467/403 422/466/402 406/449/388
f 408/451/146 424/468/162 423/467/403 407/450/389
f 409/452/390 425/469/404 424/468/162 408/451/146
f 410/453/391 426/470/405 425/469/404 409/452/390
f 411/454/392 427/471/406 426/470/405 410/453/391
f 412/455/393 428/472/407 427/471/406 411/454/392
f 413/456/394 429/473/408 428/472/407 412/455/393
f 414/457/395 430/474/409 429/473/408 413/456/394
f 415/458/396 431/475/410 430/474/409 414/457/395
f 416/459/153 432/476/169 431/475/410 415/458/396
f 417/460/397 433/477/411 448/478/185 432/461/169
f 418/462/398 434/479/412 433/477/411 417/460/397
f 419/463/399 435/480/413 434/479/412 418/462/398
f 420/464/400 436/481/414 435/480/413 419/463/399
f 421/465/401 437/482/415 436/481/414 420/464/400
f 422/466/402 438/483/416 437/482/415 421/465/401
f 423/467/403 439/484/417 438/483/416 422/466/402
f 424/468/162 440/485/178 439/484/417 423/467/403
f 425/469/404 441/486/418 440/485/178 424/468/162
f 426/470/405 442/487/419 441/486/418 425/469/404
f 427/471/406 443/488/420 442/487/419 426/470/405
f 428/472/407 444/489/421 443/488/420 427/471/406
f 429/473/408 445/490/422 444/489/421 428/472/407
f 430/474/409 446/491/423 445/490/422 429/473/408
f 431/475/410 447/492/424 446/491/423 430/474/409
f 432/476/169 448/493/185 447/492/424 431/475/410
f 433/477/411 449/494/425 464/495/201 448/478/185
f 434/479/412 450/496/426 449/494/425 433/477/411
f 435/480/413 451/497/427 450/496/426 434/479/412
f 436/481/414 452/498/428 451/497/427 435/480/413
f 437/482/415 453/499/429 452/498/428 436/481/414
f 438/483/416 454/500/430 453/499/429 437/482/415
f 439/484/417 455/501/431 454/500/430 438/483/416
f 440/485/178 456/502/194 455/501/431 439/484/417
f 441/486/418 457/503/432 456/502/194 440/485/178
f 442/487/419 458/504/433 457/503/432 441/486/418
f 443/488/420 459/505/434 458/504/433 442/487/419
f 444/489/421 460/506/435 459/505/434 443/488/420
f 445/490/422 461/507/436 460/506/435 444/489/421
f 446/491/423 462/508/437 461/507/436 445/490/422
f 447/492/424 463/509/438 462/508/437 446/491/423
f 448/493/185 464/510/201 463/509/438 447/492/424
f 449/494/425 465/511/439 480/512/217 464/495/201
f 450/496/426 466/513/440 465/511/439 449/494/425
f 451/497/427 467/514/441 466/513/440 450/496/426
f 452/498/428 468/515/442 467/514/441 451/497/427
f 453/499/429 469/516/443 468/515/442 452/498/428
f 454/500/430 470/517/444 469/516/443 453/499/429
f 455/501/431 471/518/445 470/517/444 454/500/430
f 456/502/194 472/519/210 471/518/445 455/501/431
f 457/503/432 473/520/446 472/519/210 456/502/194
f 458/504/433 474/521/447 473/520/446 457/503/432
f 459/505/434 475/522/448 474/521/447 458/504/433
f 460/506/435 476/523/449 475/522/448 459/505/434
f 461/507/436 477/524/450 476/523/449 460/506/435
f 462/508/437 478/525/451 477/524/450 461/507/436
f 463/509/438 479/526/452 478/525/451 462/508/437
f 464/510/201 480/527/217 479/526/452 463/509/438
f 465/511/439 481/528/453 496/529/233 480/512/217
f 466/513/440 482/530/454 481/528/453 465/511/439
f 467/514/441 483/531/455 482/530/454 466/513/440
f 468/515/442 484/532/456 483/531/455 467/514/441
f 469/516/443 485/533/457 484/532/456 468/515/442
f 470/517/444 486/534/458 485/533/457 469/516/443
f 471/518/445 487/535/459 486/534/458 470/517/444
f 472/519/210 488/536/226 487/535/459 471/518/445
f 473/520/446 489/537/460 488/536/226 472/519/210
f 474/521/447 490/538/461 489/537/460 473/520/446
f 475/522/448 491/539/462 490/538/461 474/521/447
f 476/523/449 492/540/463 491/539/462 475/522/448
f 477/524/450 493/541/464 492/540/463 476/523/449
f 478/525/451 494/542/465 493/541/464 477/524/450
f 479/526/452 495/543/466 494/542/465 478/525/451
f 480/527/217 496/544/233 495/543/466 479/526/452
f 481/528/453 497/545/467 512/546/249 496/529/233
f 482/530/454 498/547/468 497/545/467 481/528/453
f 483/531/455 499/548/469 498/547/468 482/530/454
f 484/532/456 500/549/470 499/548/469 483/531/455
f 485/533/457 501/550/471 500/549/470 484/532/456
f 486/534/458 502/551/472 501/550/471 485/533/457
f 487/535/459 503/552/473 502/551/472 486/534/458
f 488/536/226 504/553/242 503/552/473 487/535/459
f 489/537/460 505/554/474 504/553/242 488/536/226
f 490/538/461 506/555/475 505/554/474 489/537/460
f 491/539/462 507/556/476 506/555/475 490/538/461
f 492/540/463 508/557/477 507/556/476 491/539/462
f 493/541/464 509/558/478 508/557/477 492/540/463
f 494/542/465 510/559/479 509/558/478 493/541/464
f 495/543/466 511/560/480 510/559/479 494/542/465
f 496/544/233 512/561/249 511/560/480 495/543/466
f 497/545/467 1/1/1 16/4/4 512/546/249
f 498/547/468 2/5/5 1/1/1 497/545/467
f 499/548/469 3/7/7 2/5/5 498/547/468
f 500/549/470 4/9/9 3/7/7 499/548/469
f 501/550/471 5/11/11 4/9/9 500/549/470
f 502/551/472 6/13/13 5/11/11 501/550/471
f 503/552/473 7/15/15 6/13/13 502/551/472
f 504/553/242 8/17/17 7/15/15 503/552/473
f 505/554/474 9/19/19 8/17/17 504/553/242
f 506/555/475 10/21/21 9/19/19 505/554/474
f 507/556/476 11/23/23 10/21/21 506/555/475
f 508/557/477 12/25/25 11/23/23 507/556/476
f 509/558/478 13/27/27 12/25/25 508/557/477
f 510/559/479 14/29/29 13/27/27 509/558/478
f 511/560/480 15/31/31 14/29/29 510/559/479
f 512/561/249 16/33/4 15/31/31 511/560/480
f 513/562/1 529/563/2 544/564/3 528/565/4
f 514/566/5 530/567/6 529/563/2 513/562/1
f 515/568/7 531/569/8 530/567/6 514/566/5
f 516/570/9 532/571/10 531/569/8 515/568/7
f 517/572/11 533/573/12 532/571/10 516/570/9
f 518/574/13 534/575/14 533/573/12 517/572/11
f 519/576/15 535/577/16 534/575/14 518/574/13
f 520/578/17 536/579/18 535/577/16 519/576/15
f 521/580/19 537/581/20 536/579/18 520/578/17
f 522/582/21 538/583/22 537/581/20 521/580/19
f 523/584/23 539/585/24 538/583/22 522/582/21
f 524/586/25 540/587/26 539/585/24 523/584/23
f 525/588/27 541/589/28 540/587/26 524/586/25
f 526/590/29 542/591/30 541/589/28 525/588/27
f 527/592/31 543/593/32 542/591/30 526/590/29
f 528/594/4 544/595/3 543/593/32 527/592/31
f 529/563/2 545/596/33 560/597/34 544/564/3
f 530/567/6 546/598/35 545/596/33 529/563/2
f 531/569/8 547/599/36 546/598/35 530/567/6
f 532/571/10 548/600/37 547/599/36 531/569/8
f 533/573/12 549/601/38 548/600/37 532/571/10
f 534/575/14 550/602/39 549/601/38 533/573/12
f 535/577/16 551/603/40 550/602/39 534/575/14
f 536/579/18 552/604/41 551/603/40 535/577/16
f 537/581/20 553/605/42 552/604/41 536/579/18
f 538/583/22 554/606/43 553/605/42 537/581/20
f 539/585/24 555/607/44 554/606/43 538/583/22
f 540/587/26 556/608/45 555/607/44 539/585/24
f 541/589/28 557/609/46 556/608/45 540/587/26
f 542/591/30 558/610/47 557/609/46 541/589/28
f 543/593/32 559/611/48 558/610/47 542/591/30
f 544/595/3 560/612/34 559/611/48 543/593/32
f 545/596/33 561/613/49 576/614/50 560/597/34
f 546/598/35 562/615/51 561/613/49 545/596/33
f 547/599/36 563/616/52 562/615/51 546/598/35
f 548/600/37 564/617/53 563/616/52 547/599/36
f 549/601/38 565/618/54 564/617/53 548/600/37
f 550/602/39 566/619/55 565/618/54 549/601/38
f 551/603/40 567/620/56 566/619/55 550/602/39
f 552/604/41 568/621/57 567/620/56 551/603/40
f 553/605/42 569/622/58 568/621/57 552/604/41
f 554/606/43 570/623/59 569/622/58 553/605/42
f 555/607/44 571/624/60 570/623/59 554/606/43
f 556/608/45 572/625/61 571/624/60 555/607/44
f 557/609/46 573/626/62 572/625/61 556/608/45
f 558/610/47 574/627/63 573/626/62 557/609/46
f 559/611/48 575/628/64 574/627/63 558/610/47
f 560/612/34 576/629/50 575/628/64 559/611/48
f 561/613/49 577/630/481 592/631/66 576/614/50
f 562/615/51 578/632/67 577/630/481 561/613/49
f 563/616/52 579/633/68 578/632/67 562/615/51
f 564/617/53 580/634/69 579/633/68 563/616/52
f 565/618/54 581/635/70 580/634/69 564/617/53
f 566/619/55 582/636/71 581/635/70 565/618/54
f 567/620/56 583/637/72 582/636/71 566/619/55
f 568/621/57 584/638/73 583/637/72 567/620/56
f 569/622/58 585/639/74 584/638/73 568/621/57
f 570/623/59 586/640/75 585/639/74 569/622/58
f 571/624/60 587/641/76 586/640/75 570/623/59
f 572/625/61 588/642/77 587/641/76 571/624/60
f 573/626/62 589/643/78 588/642/77 572/625/61
f 574/627/63 590/644/79 589/643/78 573/626/62
f 575/628/64 591/645/80 590/644/79 574/627/63
f 576/629/50 592/646/66 591/645/80 575/628/64
f 577/630/481 593/647/482 608/648/82 592/631/66
f 578/632/67 594/649/83 593/647/482 577/630/481
f 579/633/68 595/650/84 594/649/83 578/632/67
f 580/634/69 596/651/85 595/650/84 579/633/68
f 581/635/70 597/652/86 596/651/85 580/634/69
f 582/636/71 598/653/87 597/652/86 581/635/70
f 583/637/72 599/654/88 598/653/87 582/636/71
f 584/638/73 600/655/89 599/654/88 583/637/72
f 585/639/74 601/656/90 600/655/89 584/638/73
f 586/640/75 602/657/91 601/656/90 585/639/74
f 587/641/76 603/658/92 602/657/91 586/640/75
f 588/642/77 604/659/93 603/658/92 587/641/76
f 589/643/78 605/660/94 604/659/93 588/642/77
f 590/644/79 606/661/95 605/660/94 589/643/78
f 591/645/80 607/662/96 606/661/95 590/644/79
f 592/646/66 608/663/82 607/662/96 591/645/80
f 593/647/482 609/664/483 624/665/98 608/648/82
f 594/649/83 610/666/99 609/664/483 593/647/482
f 595/650/84 611/667/100 610/666/99 594/649/83
f 596/651/85 612/668/101 611/667/100 595/650/84
f 597/652/86 613/669/102 612/668/101 596/651/85
f 598/653/87 614/670/103 613/669/102 597/652/86
f 599/654/88 615/671/104 614/670/103 598/653/87
f 600/655/89 616/672/105 615/671/104 599/654/88
f 601/656/90 617/673/106 616/672/105 600/655/89
f 602/657/91 618/674/107 617/673/106 601/656/90
f 603/658/92 619/675/108 618/674/107 602/657/91
f 604/659/93 620/676/109 619/675/108 603/658/92
f 605/660/94 621/677/110 620/676/109 604/659/93
f 606/661/95 622/678/111 621/677/110 605/660/94
f 607/662/96 623/679/112 622/678/111 606/661/95
f 608/663/82 624/680/98 623/679/112 607/662/96
f 609/664/483 625/681/113 640/682/114 624/665/98
f 610/666/99 626/683/115 625/681/113 609/664/483
f 611/667/100 627/684/116 626/683/115 610/666/99
f 612/668/101 628/685/117 627/684/116 611/667/100
f 613/669/102 629/686/118 628/685/117 612/668/101
f 614/670/103 630/687/119 629/686/118 613/669/102
f 615/671/104 631/688/120 630/687/119 614/670/103
f 616/672/105 632/689/121 631/688/120 615/671/104
f 617/673/106 633/690/122 632/689/121 616/672/105
f 618/674/107 634/691/123 633/690/122 617/673/106
f 619/675/108 635/692/124 634/691/123 618/674/107
f 620/676/109 636/693/125 635/692/124 619/675/108
f 621/677/110 637/694/126 636/693/125 620/676/109
f 622/678/111 638/695/127 637/694/126 621/677/110
f 623/679/112 639/696/128 638/695/127 622/678/111
f 624/680/98 640/697/114 639/696/128 623/679/112
f 625/681/113 641/698/129 656/699/130 640/682/114
f 626/683/115 642/700/131 641/698/129 625/681/113
f 627/684/116 643/701/132 642/700/131 626/683/115
f 628/685/117 644/702/133 643/701/132 627/684/116
f 629/686/118 645/703/134 644/702/133 628/685/117
f 630/687/119 646/704/135 645/703/134 629/686/118
f 631/688/120 647/705/136 646/704/135 630/687/119
f 632/689/121 648/706/137 647/705/136 631/688/120
f 633/690/122 649/707/138 648/706/137 632/689/121
f 634/691/123 650/708/139 649/707/138 633/690/122
f 635/692/124 651/709/140 650/708/139 634/691/123
f 636/693/125 652/710/141 651/709/140 635/692/124
f 637/694/126 653/711/142 652/710/141 636/693/125
f 638/695/127 654/712/143 653/711/142 637/694/126
f 639/696/128 655/713/144 654/712/143 638/695/127
f 640/697/114 656/714/130 655/713/144 639/696/128
f 641/698/129 657/715/484 672/716/146 656/699/130
f 642/700/131 658/717/147 657/715/484 641/698/129
f 643/701/132 659/718/148 658/717/147 642/700/131
f 644/702/133 660/719/149 659/718/148 643/701/132
f 645/703/134 661/720/150 660/719/149 644/702/133
f 646/704/135 662/721/151 661/720/150 645/703/134
f 647/705/136 663/722/152 662/721/151 646/704/135
f 648/706/137 664/723/153 663/722/152 647/705/136
f 649/707/138 665/724/154 664/723/153 648/706/137
f 650/708/139 666/725/155 665/724/154 649/707/138
f 651/709/140 667/726/156 666/725/155 650/708/139
f 652/710/141 668/727/157 667/726/156 651/709/140
f 653/711/142 669/728/158 668/727/157 652/710/141
f 654/712/143 670/729/159 669/728/158 653/711/142
f 655/713/144 671/730/160 670/729/159 654/712/143
f 656/714/130 672/731/146 671/730/160 655/713/144
f 657/715/484 673/732/161 688/733/162 672/716/146
f 658/717/147 674/734/163 673/732/161 657/715/484
f 659/718/148 675/735/164 674/734/163 658/717/147
f 660/719/149 676/736/165 675/735/164 659/718/148
f 661/720/150 677/737/166 676/736/165 660/719/149
f 662/721/151 678/738/167 677/737/166 661/720/150
f 663/722/152 679/739/168 678/738/167 662/721/151
f 664/723/153 680/740/169 679/739/168 663/722/152
f 665/724/154 681/741/170 680/740/169 664/723/153
f 666/725/155 682/742/171 681/741/170 665/724/154
f 667/726/156 683/743/172 682/742/171 666/725/155
f 668/727/157 684/744/173 683/743/172 667/726/156
f 669/728/158 685/745/174 684/744/173 668/727/157
f 670/729/159 686/746/175 685/745/174 669/728/158
f 671/730/160 687/747/485 686/746/175 670/729/159
f 672/731/146 688/748/162 687/747/485 671/730/160
f 673/732/161 689/749/177 704/750/178 688/733/162
f 674/734/163 690/751/179 689/749/177 673/732/161
f 675/735/164 691/752/180 690/751/179 674/734/163
f 676/736/165 692/753/181 691/752/180 675/735/164
f 677/737/166 693/754/182 692/753/181 676/736/165
f 678/738/167 694/755/183 693/754/182 677/737/166
f 679/739/168 695/756/184 694/755/183 678/738/167
f 680/740/169 696/757/185 695/756/184 679/739/168
f 681/741/170 697/758/186 696/757/185 680/740/169
f 682/742/171 698/759/187 697/758/186 681/741/170
f 683/743/172 699/760/188 698/759/187 682/742/171
f 684/744/173 700/761/189 699/760/188 683/743/172
f 685/745/174 701/762/190 700/761/189 684/744/173
f 686/746/175 702/763/191 701/762/190 685/745/174
f 687/747/485 703/764/192 702/763/191 686/746/175
f 688/748/162 704/765/178 703/764/192 687/747/485
f 689/749/177 705/766/193 720/767/194 704/750/178
f 690/751/179 706/768/195 705/766/193 689/749/177
f 691/752/180 707/769/196 706/768/195 690/751/179
f 692/753/181 708/770/197 707/769/196 691/752/180
f 693/754/182 709/771/198 708/770/197 692/753/181
f 694/755/183 710/772/199 709/771/198 693/754/182
f 695/756/184 711/773/200 710/772/199 694/755/183
f 696/757/185 712/774/201 711/773/200 695/756/184
f 697/758/186 713/775/202 712/774/201 696/757/185
f 698/759/187 714/776/203 713/775/202 697/758/186
f 699/760/188 715/777/204 714/776/203 698/759/187
f 700/761/189 716/778/205 715/777/204 699/760/188
f 701/762/190 717/779/206 716/778/205 700/761/189
f 702/763/191 718/780/207 717/779/206 701/762/190
f 703/764/192 719/781/208 718/780/207 702/763/191
f 704/765/178 720/782/194 719/781/208 703/764/192
f 705/766/193 721/783/486 736/784/210 720/767/194
f 706/768/195 722/785/211 721/783/486 705/766/193
f 707/769/196 723/786/212 722/785/211 706/768/195
f 708/770/197 724/787/213 723/786/212 707/769/196
f 709/771/198 725/788/214 724/787/213 708/770/197
f 710/772/199 726/789/215 725/788/214 709/771/198
f 711/773/200 727/790/216 726/789/215 710/772/199
f 712/774/201 728/791/217 727/790/216 711/773/200
f 713/775/202 729/792/218 728/791/217 712/774/201
f 714/776/203 730/793/219 729/792/218 713/775/202
f 715/777/204 731/794/220 730/793/219 714/776/203
f 716/778/205 732/795/221 731/794/220 715/777/204
f 717/779/206 733/796/222 732/795/221 716/778/205
f 718/780/207 734/797/223 733/796/222 717/779/206
f 719/781/208 735/798/224 734/797/223 718/780/207
f 720/782/194 736/799/210 735/798/224 719/781/208
f 721/783/486 737/800/225 752/801/226 736/784/210
f 722/785/211 738/802/227 737/800/225 721/783/486
f 723/786/212 739/803/228 738/802/227 722/785/211
f 724/787/213 740/804/229 739/803/228 723/786/212
f 725/788/214 741/805/230 740/804/229 724/787/213
f 726/789/215 742/806/231 741/805/230 725/788/214
f 727/790/216 743/807/232 742/806/231 726/789/215
f 728/791/217 744/808/233 743/807/232 727/790/216
f 729/792/218 745/809/234 744/808/233 728/791/217
f 730/793/219 746/810/235 745/809/234 729/792/218
f 731/794/220 747/811/487 746/810/235 730/793/219
f 732/795/221 748/812/237 747/811/487 731/794/220
f 733/796/222 749/813/238 748/812/237 732/795/221
f 734/797/223 750/814/239 749/813/238 733/796/222
f 735/798/224 751/815/240 750/814/239 734/797/223
f 736/799/210 752/816/226 751/815/240 735/798/224
f 737/800/225 753/817/241 768/818/242 752/801/226
f 738/802/227 754/819/243 753/817/241 737/800/225
f 739/803/228 755/820/244 754/819/243 738/802/227
f 740/804/229 756/821/245 755/820/244 739/803/228
f 741/805/230 757/822/246 756/821/245 740/804/229
f 742/806/231 758/823/247 757/822/246 741/805/230
f 743/807/232 759/824/248 758/823/247 742/806/231
f 744/808/233 760/825/249 759/824/248 743/807/232
f 745/809/234 761/826/250 760/825/249 744/808/233
f 746/810/235 762/827/251 761/826/250 745/809/234
f 747/811/487 763/828/252 762/827/251 746/810/235
f 748/812/237 764/829/253 763/828/252 747/811/487
f 749/813/238 765/830/254 764/829/253 748/812/237
f 750/814/239 766/831/255 765/830/254 749/813/238
f 751/815/240 767/832/488 766/831/255 750/814/239
f 752/816/226 768/833/242 767/832/488 751/815/240
f 753/817/241 769/834/257 784/835/17 768/818/242
f 754/819/243 770/836/258 769/834/257 753/817/241
f 755/820/244 771/837/259 770/836/258 754/819/243
f 756/821/245 772/838/260 771/837/259 755/820/244
f 757/822/246 773/839/261 772/838/260 756/821/245
f 758/823/247 774/840/262 773/839/261 757/822/246
f 759/824/248 775/841/263 774/840/262 758/823/247
f 760/825/249 776/842/4 775/841/263 759/824/248
f 761/826/250 777/843/264 776/842/4 760/825/249
f 762/827/251 778/844/265 777/843/264 761/826/250
f 763/828/252 779/845/266 778/844/265 762/827/251
f 764/829/253 780/846/267 779/845/266 763/828/252
f 765/830/254 781/847/268 780/846/267 764/829/253
f 766/831/255 782/848/269 781/847/268 765/830/254
f 767/832/488 783/849/270 782/848/269 766/831/255
f 768/833/242 784/850/17 783/849/270 767/832/488
f 769/834/257 785/851/271 800/852/18 784/835/17
f 770/836/258 786/853/272 785/851/271 769/834/257
f 771/837/259 787/854/273 786/853/272 770/836/258
f 772/838/260 788/855/274 787/854/273 771/837/259
f 773/839/261 789/856/275 788/855/274 772/838/260
f 774/840/262 790/857/276 789/856/275 773/839/261
f 775/841/263 791/858/277 790/857/276 774/840/262
f 776/842/4 792/859/3 791/858/277 775/841/263
f 777/843/264 793/860/278 792/859/3 776/842/4
f 778/844/265 794/861/279 793/860/278 777/843/264
f 779/845/266 795/862/280 794/861/279 778/844/265
f 780/846/267 796/863/281 795/862/280 779/845/266
f 781/847/268 797/864/282 796/863/281 780/846/267
f 782/848/269 798/865/283 797/864/282 781/847/268
f 783/849/270 799/866/284 798/865/283 782/848/269
f 784/850/17 800/867/18 799/866/284 783/849/270
f 785/851/271 801/868/285 816/869/41 800/852/18
f 786/853/272 802/870/286 801/868/285 785/851/271
f 787/854/273 803/871/287 802/870/286 786/853/272
f 788/855/274 804/872/288 803/871/287 787/854/273
f 789/856/275 805/873/289 804/872/288 788/855/274
f 790/857/276 806/874/290 805/873/289 789/856/275
f 791/858/277 807/875/291 806/874/290 790/857/276
f 792/859/3 808/876/34 807/875/291 791/858/277
f 793/860/278 809/877/292 808/876/34 792/859/3
f 794/861/279 810/878/293 809/877/292 793/860/278
f 795/862/280 811/879/294 810/878/293 794/861/279
f 796/863/281 812/880/295 811/879/294 795/862/280
f 797/864/282 813/881/296 812/880/295 796/863/281
f 798/865/283 814/882/297 813/881/296 797/864/282
f 799/866/284 815/883/298 814/882/297 798/865/283
f 800/867/18 816/884/41 815/883/298 799/866/284
f 801/868/285 817/885/489 832/886/57 816/869/41
f 802/870/286 818/887/300 817/885/489 801/868/285
f 803/871/287 819/888/301 818/887/300 802/870/286
f 804/872/288 820/889/302 819/888/301 803/871/287
f 805/873/289 821/890/303 820/889/302 804/872/288
f 806/874/290 822/891/304 821/890/303 805/873/289
f 807/875/291 823/892/305 822/891/304 806/874/290
f 808/876/34 824/893/50 823/892/305 807/875/291
f 809/877/292 825/894/306 824/893/50 808/876/34
f 810/878/293 826/895/307 825/894/306 809/877/292
f 811/879/294 827/896/308 826/895/307 810/878/293
f 812/880/295 828/897/309 827/896/308 811/879/294
f 813/881/296 829/898/310 828/897/309 812/880/295
f 814/882/297 830/899/311 829/898/310 813/881/296
f 815/883/298 831/900/312 830/899/311 814/882/297
f 816/884/41 832/901/57 831/900/312 815/883/298
f 817/885/489 833/902/490 848/903/73 832/886/57
f 818/887/300 834/904/314 833/902/490 817/885/489
f 819/888/301 835/905/315 834/904/314 818/887/300
f 820/889/302 836/906/316 835/905/315 819/888/301
f 821/890/303 837/907/317 836/906/316 820/889/302
f 822/891/304 838/908/318 837/907/317 821/890/303
f 823/892/305 839/909/319 838/908/318 822/891/304
f 824/893/50 840/910/66 839/909/319 823/892/305
f 825/894/306 841/911/320 840/910/66 824/893/50
f 826/895/307 842/912/321 841/911/320 825/894/306
f 827/896/308 843/913/322 842/912/321 826/895/307
f 828/897/309 844/914/323 843/913/322 827/896/308
f 829/898/310 845/915/324 844/914/323 828/897/309
f 830/899/311 846/916/325 845/915/324 829/898/310
f 831/900/312 847/917/326 846/916/325 830/899/311
f 832/901/57 848/918/73 847/917/326 831/900/312
f 833/902/490 849/919/327 864/920/89 848/903/73
f 834/904/314 850/921/328 849/919/327 833/902/490
f 835/905/315 851/922/329 850/921/328 834/904/314
f 836/906/316 852/923/330 851/922/329 835/905/315
f 837/907/317 853/924/331 852/923/330 836/906/316
f 838/908/318 854/925/332 853/924/331 837/907/317
f 839/909/319 855/926/333 854/925/332 838/908/318
f 840/910/66 856/927/82 855/926/333 839/909/319
f 841/911/320 857/928/334 856/927/82 840/910/66
f 842/912/321 858/929/335 857/928/334 841/911/320
f 843/913/322 859/930/336 858/929/335 842/912/321
f 844/914/323 860/931/337 859/930/336 843/913/322
f 845/915/324 861/932/338 860/931/337 844/914/323
f 846/916/325 862/933/339 861/932/338 845/915/324
f 847/917/326 863/934/340 862/933/339 846/916/325
f 848/918/73 864/935/89 863/934/340 847/917/326
f 849/919/327 865/936/341 880/937/105 864/920/89
f 850/921/328 866/938/342 865/936/341 849/919/327
f 851/922/329 867/939/343 866/938/342 850/921/328
f 852/923/330 868/940/344 867/939/343 851/922/329
f 853/924/331 869/941/345 868/940/344 852/923/330
f 854/925/332 870/942/346 869/941/345 853/924/331
f 855/926/333 871/943/347 870/942/346 854/925/332
f 856/927/82 872/944/98 871/943/347 855/926/333
f 857/928/334 873/945/348 872/944/98 856/927/82
f 858/929/335 874/946/349 873/945/348 857/928/334
f 859/930/336 875/947/350 874/946/349 858/929/335
f 860/931/337 876/948/351 875/947/350 859/930/336
f 861/932/338 877/949/352 876/948/351 860/931/337
f 862/933/339 878/950/353 877/949/352 861/932/338
f 863/934/340 879/951/354 878/950/353 862/933/339
f 864/935/89 880/952/105 879/951/354 863/934/340
f 865/953/341 881/954/355 896/955/121 880/956/105
f 866/957/342 882/958/356 881/954/355 865/953/341
f 867/959/343 883/960/357 882/958/356 866/957/342
f 868/961/344 884/962/358 883/960/357 867/959/343
f 869/963/345 885/964/359 884/962/358 868/961/344
f 870/965/346 886/966/360 885/964/359 869/963/345
f 871/967/347 887/968/361 886/966/360 870/965/346
f 872/969/98 888/970/114 887/968/361 871/967/347
f 873/971/348 889/972/362 888/970/114 872/969/98
f 874/973/349 890/974/363 889/972/362 873/971/348
f 875/975/350 891/976/364 890/974/363 874/973/349
f 876/977/351 892/978/365 891/976/364 875/975/350
f 877/979/352 893/980/366 892/978/365 876/977/351
f 878/981/353 894/982/367 893/980/366 877/979/352
f 879/983/354 895/984/368 894/982/367 878/981/353
f 880/985/105 896/986/121 895/984/368 879/983/354
f 881/954/355 897/987/369 912/988/137 896/955/121
f 882/958/356 898/989/370 897/987/369 881/954/355
f 883/960/357 899/990/371 898/989/370 882/958/356
f 884/962/358 900/991/372 899/990/371 883/960/357
f 885/964/359 901/992/373 900/991/372 884/962/358
f 886/966/360 902/993/374 901/992/373 885/964/359
f 887/968/361 903/994/375 902/993/374 886/966/360
f 888/970/114 904/995/130 903/994/375 887/968/361
f 889/972/362 905/996/376 904/995/130 888/970/114
f 890/974/363 906/997/377 905/996/376 889/972/362
f 891/976/364 907/998/378 906/997/377 890/974/363
f 892/978/365 908/999/379 907/998/378 891/976/364
f 893/980/366 909/1000/380 908/999/379 892/978/365
f 894/982/367 910/1001/381 909/1000/380 893/980/366
f 895/984/368 911/1002/382 910/1001/381 894/982/367
f 896/986/121 912/1003/137 911/1002/382 895/984/368
f 897/987/369 913/1004/383 928/1005/153 912/988/137
f 898/989/370 914/1006/384 913/1004/383 897/987/369
f 899/990/371 915/1007/385 914/1006/384 898/989/370
f 900/991/372 916/1008/386 915/1007/385 899/990/371
f 901/992/373 917/1009/387 916/1008/386 900/991/372
f 902/993/374 918/1010/388 917/1009/387 901/992/373
f 903/994/375 919/1011/389 918/1010/388 902/993/374
f 904/995/130 920/1012/146 919/1011/389 903/994/375
f 905/996/376 921/1013/390 920/1012/146 904/995/130
f 906/997/377 922/1014/391 921/1013/390 905/996/376
f 907/998/378 923/1015/392 922/1014/391 906/997/377
f 908/999/379 924/1016/393 923/1015/392 907/998/378
f 909/1000/380 925/1017/394 924/1016/393 908/999/379
f 910/1001/381 926/1018/395 925/1017/394 909/1000/380
f 911/1002/382 927/1019/491 926/1018/395 910/1001/381
f 912/1003/137 928/1020/153 927/1019/491 911/1002/382
f 913/1004/383 929/1021/397 944/1022/169 928/1005/153
f 914/1006/384 930/1023/398 929/1021/397 913/1004/383
f 915/1007/385 931/1024/399 930/1023/398 914/1006/384
f 916/1008/386 932/1025/400 931/1024/399 915/1007/385
f 917/1009/387 933/1026/401 932/1025/400 916/1008/386
f 918/1010/388 934/1027/402 933/1026/401 917/1009/387
f 919/1011/389 935/1028/403 934/1027/402 918/1010/388
f 920/1012/146 936/1029/162 935/1028/403 919/1011/389
f 921/1013/390 937/1030/404 936/1029/162 920/1012/146
f 922/1014/391 938/1031/405 937/1030/404 921/1013/390
f 923/1015/392 939/1032/406 938/1031/405 922/1014/391
f 924/1016/393 940/1033/407 939/1032/406 923/1015/392
f 925/1017/394 941/1034/408 940/1033/407 924/1016/393
f 926/1018/395 942/1035/409 941/1034/408 925/1017/394
f 927/1019/491 943/1036/410 942/1035/409 926/1018/395
f 928/1020/153 944/1037/169 943/1036/410 927/1019/491
f 929/1021/397 945/1038/492 960/1039/185 944/1022/169
f 930/1023/398 946/1040/412 945/1038/492 929/1021/397
f 931/1024/399 947/1041/413 946/1040/412 930/1023/398
f 932/1025/400 948/1042/414 947/1041/413 931/1024/399
f 933/1026/401 949/1043/415 948/1042/414 932/1025/400
f 934/1027/402 950/1044/416 949/1043/415 933/1026/401
f 935/1028/403 951/1045/417 950/1044/416 934/1027/402
f 936/1029/162 952/1046/178 951/1045/417 935/1028/403
f 937/1030/404 953/1047/418 952/1046/178 936/1029/162
f 938/1031/405 954/1048/419 953/1047/418 937/1030/404
f 939/1032/406 955/1049/420 954/1048/419 938/1031/405
f 940/1033/407 956/1050/421 955/1049/420 939/1032/406
f 941/1034/408 957/1051/422 956/1050/421 940/1033/407
f 942/1035/409 958/1052/423 957/1051/422 941/1034/408
f 943/1036/410 959/1053/424 958/1052/423 942/1035/409
f 944/1037/169 960/1054/185 959/1053/424 943/1036/410
f 945/1038/492 961/1055/493 976/1056/201 960/1039/185
f 946/1040/412 962/1057/426 961/1055/493 945/1038/492
f 947/1041/413 963/1058/427 962/1057/426 946/1040/412
f 948/1042/414 964/1059/428 963/1058/427 947/1041/413
f 949/1043/415 965/1060/429 964/1059/428 948/1042/414
f 950/1044/416 966/1061/430 965/1060/429 949/1043/415
f 951/1045/417 967/1062/431 966/1061/430 950/1044/416
f 952/1046/178 968/1063/194 967/1062/431 951/1045/417
f 953/1047/418 969/1064/432 968/1063/194 952/1046/178
f 954/1048/419 970/1065/433 969/1064/432 953/1047/418
f 955/1049/420 971/1066/434 970/1065/433 954/1048/419
f 956/1050/421 972/1067/435 971/1066/434 955/1049/420
f 957/1051/422 973/1068/436 972/1067/435 956/1050/421
f 958/1052/423 974/1069/437 973/1068/436 957/1051/422
f 959/1053/424 975/1070/438 974/1069/437 958/1052/423
f 960/1054/185 976/1071/201 975/1070/438 959/1053/424
f 961/1055/493 977/1072/494 992/1073/217 976/1056/201
f 962/1057/426 978/1074/440 977/1072/494 961/1055/493
f 963/1058/427 979/1075/441 978/1074/440 962/1057/426
f 964/1059/428 980/1076/442 979/1075/441 963/1058/427
f 965/1060/429 981/1077/443 980/1076/442 964/1059/428
f 966/1061/430 982/1078/444 981/1077/443 965/1060/429
f 967/1062/431 983/1079/445 982/1078/444 966/1061/430
f 968/1063/194 984/1080/210 983/1079/445 967/1062/431
f 969/1064/432 985/1081/446 984/1080/210 968/1063/194
f 970/1065/433 986/1082/447 985/1081/446 969/1064/432
f 971/1066/434 987/1083/448 986/1082/447 970/1065/433
f 972/1067/435 988/1084/449 987/1083/448 971/1066/434
f 973/1068/436 989/1085/450 988/1084/449 972/1067/435
f 974/1069/437 990/1086/451 989/1085/450 973/1068/436
f 975/1070/438 991/1087/452 990/1086/451 974/1069/437
f 976/1071/201 992/1088/217 991/1087/452 975/1070/438
f 977/1072/494 993/1089/495 1008/1090/233 992/1073/217
f 978/1074/440 994/1091/454 993/1089/495 977/1072/494
f 979/1075/441 995/1092/455 994/1091/454 978/1074/440
f 980/1076/442 996/1093/456 995/1092/455 979/1075/441
f 981/1077/443 997/1094/457 996/1093/456 980/1076/442
f 982/1078/444 998/1095/458 997/1094/457 981/1077/443
f 983/1079/445 999/1096/459 998/1095/458 982/1078/444
f 984/1080/210 1000/1097/226 999/1096/459 983/1079/445
f 985/1081/446 1001/1098/460 1000/1097/226 984/1080/210
f 986/1082/447 1002/1099/461 1001/1098/460 985/1081/446
f 987/1083/448 1003/1100/462 1002/1099/461 986/1082/447
f 988/1084/449 1004/1101/463 1003/1100/462 987/1083/448
f 989/1085/450 1005/1102/464 1004/1101/463 988/1084/449
f 990/1086/451 1006/1103/465 1005/1102/464 989/1085/450
f 991/1087/452 1007/1104/466 1006/1103/465 990/1086/451
f 992/1088/217 1008/1105/233 1007/1104/466 991/1087/452
f 993/1089/495 1009/1106/467 1024/1107/249 1008/1090/233
f 994/1091/454 1010/1108/468 1009/1106/467 993/1089/495
f 995/1092/455 1011/1109/469 1010/1108/468 994/1091/454
f 996/1093/456 1012/1110/470 1011/1109/469 995/1092/455
f 997/1094/457 1013/1111/471 1012/1110/470 996/1093/456
f 998/1095/458 1014/1112/472 1013/1111/471 997/1094/457
f 999/1096/459 1015/1113/473 1014/1112/472 998/1095/458
f 1000/1097/226 1016/1114/242 1015/1113/473 999/1096/459
f 1001/1098/460 1017/1115/474 1016/1114/242 1000/1097/226
f 1002/1099/461 1018/1116/475 1017/1115/474 1001/1098/460
f 1003/1100/462 1019/1117/476 1018/1116/475 1002/1099/461
f 1004/1101/463 1020/1118/477 1019/1117/476 1003/1100/462
f 1005/1102/464 1021/1119/478 1020/1118/477 1004/1101/463
f 1006/1103/465 1022/1120/479 1021/1119/478 1005/1102/464
f 1007/1104/466 1023/1121/496 1022/1120/479 1006/1103/465
f 1008/1105/233 1024/1122/249 1023/1121/496 1007/1104/466
f 1009/1106/467 513/562/1 528/565/4 1024/1107/249
f 1010/1108/468 514/566/5 513/562/1 1009/1106/467
f 1011/1109/469 515/568/7 514/566/5 1010/1108/468
f 1012/1110/470 516/570/9 515/568/7 1011/1109/469
f 1013/1111/471 517/572/11 516/570/9 1012/1110/470
f 1014/1112/472 518/574/13 517/572/11 1013/1111/471
f 1015/1113/473 519/576/15 518/574/13 1014/1112/472
f 1016/1114/242 520/578/17 519/576/15 1015/1113/473
f 1017/1115/474 521/580/19 520/578/17 1016/1114/242
f 1018/1116/475 522/582/21 521/580/19 1017/1115/474
f 1019/1117/476 523/584/23 522/582/21 1018/1116/475
f 1020/1118/477 524/586/25 523/584/23 1019/1117/476
f 1021/1119/478 525/588/27 524/586/25 1020/1118/477
f 1022/1120/479 526/590/29 525/588/27 1021/1119/478
f 1023/1121/496 527/592/31 526/590/29 1022/1120/479
f 1024/1122/249 528/594/4 527/592/31 1023/1121/496
f 1220/1123/17 1092/1124/497 1091/1125/498 1221/1126/18
f 1221/1126/18 1091/1125/498 1094/1127/499 1225/1128/41
f 1225/1128/41 1094/1127/499 1096/1129/500 1229/1130/57
f 1229/1130/57 1096/1129/500 1098/1131/501 1233/1132/73
f 1233/1132/73 1098/1131/501 1100/1133/502 1237/1134/89
f 1237/1135/89 1100/1136/502 1102/1137/503 1241/1138/105
f 1241/1138/105 1102/1137/503 1104/1139/504 1245/1140/121
f 1245/1140/121 1104/1139/504 1106/1141/505 1249/1142/137
f 1249/1142/137 1106/1141/505 1108/1143/506 1253/1144/153
f 1253/1144/153 1108/1143/506 1110/1145/507 1257/1146/169
f 1257/1146/169 1110/1145/507 1112/1147/508 1261/1148/185
f 1261/1148/185 1112/1147/508 1114/1149/509 1265/1150/201
f 1265/1150/201 1114/1149/509 1116/1151/510 1269/1152/217
f 1269/1152/217 1116/1151/510 1118/1153/511 1273/1154/233
f 1273/1154/233 1118/1153/511 1120/1155/512 1277/1156/249
f 1277/1156/249 1120/1155/512 1122/1157/513 1281/1158/4
f 1281/1158/4 1122/1157/513 1124/1159/514 1285/1160/3
f 1285/1160/3 1124/1159/514 1126/1161/515 1289/1162/34
f 1289/1162/34 1126/1161/515 1128/1163/516 1293/1164/50
f 1293/1164/50 1128/1163/516 1130/1165/517 1297/1166/66
f 1297/1166/66 1130/1165/517 1132/1167/518 1301/1168/82
f 1301/1168/82 1132/1167/518 1134/1169/519 1305/1170/98
f 1305/1170/98 1134/1169/519 1136/1171/520 1309/1172/114
f 1309/1172/114 1136/1171/520 1138/1173/521 1313/1174/130
f 1313/1174/130 1138/1173/521 1140/1175/522 1317/1176/146
f 1317/1176/146 1140/1175/522 1142/1177/523 1321/1178/162
f 1321/1178/162 1142/1177/523 1144/1179/524 1325/1180/178
f 1325/1180/178 1144/1179/524 1146/1181/525 1329/1182/194
f 1329/1182/194 1146/1181/525 1148/1183/526 1333/1184/210
f 1333/1184/210 1148/1183/526 1150/1185/527 1337/1186/226
f 1028/1187/528 1026/1188/528 1088/1189/528 1086/1190/528 1084/1191/528 1082/1192/528 1080/1193/528 1078/1194/528 1076/1195/528 1074/1196/528 1072/1197/528 1070/1198/528 1068/1199/528 1066/1200/528 1064/1201/528 1062/1202/528 1060/1203/528 1058/1204/528 1056/1205/528 1054/1206/528 1052/1207/528 1050/1208/528 1048/1209/528 1046/1210/528 1044/1211/528 1042/1212/528 1040/1213/528 1038/1214/528 1036/1215/528 1034/1216/528 1032/1217/528 1030/1218/528
f 1337/1186/226 1150/1185/527 1152/1219/529 1341/1220/242
f 1341/1220/242 1152/1219/529 1092/1124/497 1220/1123/17
f 1025/1221/530 1027/1222/530 1029/1223/530 1031/1224/530 1033/1225/530 1035/1226/530 1037/1227/530 1039/1228/530 1041/1229/530 1043/1230/530 1045/1231/530 1047/1232/530 1049/1233/530 1051/1234/530 1053/1235/530 1055/1236/530 1057/1237/530 1059/1238/530 1061/1239/530 1063/1240/530 1065/1241/530 1067/1242/530 1069/1243/530 1071/1244/530 1073/1245/530 1075/1246/530 1077/1247/530 1079/1248/530 1081/1249/530 1083/1250/530 1085/1251/530 1087/1252/530
f 1154/1253/530 1153/1254/530 1089/1255/531 1090/1256/532
f 1156/1257/528 1155/1258/528 1091/1259/498 1092/1260/497
f 1157/1261/530 1154/1253/530 1090/1256/532 1093/1262/533
f 1155/1258/528 1158/1263/528 1094/1264/499 1091/1259/498
f 1159/1265/530 1157/1261/530 1093/1262/533 1095/1266/534
f 1158/1263/528 1160/1267/528 1096/1268/500 1094/1264/499
f 1161/1269/530 1159/1265/530 1095/1266/534 1097/1270/535
f 1160/1267/528 1162/1271/528 1098/1272/501 1096/1268/500
f 1163/1273/530 1161/1269/530 1097/1270/535 1099/1274/536
f 1162/1271/528 1164/1275/528 1100/1276/502 1098/1272/501
f 1165/1277/530 1163/1273/530 1099/1274/536 1101/1278/537
f 1164/1275/528 1166/1279/528 1102/1280/503 1100/1276/502
f 1167/1281/530 1165/1277/530 1101/1278/537 1103/1282/538
f 1166/1279/528 1168/1283/528 1104/1284/504 1102/1280/503
f 1169/1285/530 1167/1281/530 1103/1282/538 1105/1286/539
f 1168/1283/528 1170/1287/528 1106/1288/505 1104/1284/504
f 1171/1289/530 1169/1285/530 1105/1286/539 1107/1290/540
f 1170/1287/528 1172/1291/528 1108/1292/506 1106/1288/505
f 1173/1293/530 1171/1289/530 1107/1290/540 1109/1294/541
f 1172/1291/528 1174/1295/528 1110/1296/507 1108/1292/506
f 1175/1297/530 1173/1293/530 1109/1294/541 1111/1298/542
f 1174/1295/528 1176/1299/528 1112/1300/508 1110/1296/507
f 1177/1301/530 1175/1297/530 1111/1298/542 1113/1302/543
f 1176/1299/528 1178/1303/528 1114/1304/509 1112/1300/508
f 1179/1305/530 1177/1301/530 1113/1302/543 1115/1306/544
f 1178/1303/528 1180/1307/528 1116/1308/510 1114/1304/509
f 1181/1309/530 1179/1305/530 1115/1306/544 1117/1310/545
f 1180/1307/528 1182/1311/528 1118/1312/511 1116/1308/510
f 1183/1313/530 1181/1309/530 1117/1310/545 1119/1314/546
f 1182/1311/528 1184/1315/528 1120/1316/512 1118/1312/511
f 1185/1317/530 1183/1313/530 1119/1314/546 1121/1318/547
f 1184/1315/528 1186/1319/528 1122/1320/513 1120/1316/512
f 1187/1321/530 1185/1317/530 1121/1318/547 1123/1322/548
f 1186/1319/528 1188/1323/528 1124/1324/514 1122/1320/513
f 1189/1325/530 1187/1321/530 1123/1322/548 1125/1326/549
f 1188/1323/528 1190/1327/528 1126/1328/515 1124/1324/514
f 1191/1329/530 1189/1325/530 1125/1326/549 1127/1330/550
f 1190/1327/528 1192/1331/528 1128/1332/516 1126/1328/515
f 1193/1333/530 1191/1329/530 1127/1330/550 1129/1334/551
f 1192/1331/528 1194/1335/528 1130/1336/517 1128/1332/516
f 1195/1337/530 1193/1333/530 1129/1334/551 1131/1338/552
f 1194/1335/528 1196/1339/528 1132/1340/518 1130/1336/517
f 1197/1341/530 1195/1337/530 1131/1338/552 1133/1342/553
f 1196/1339/528 1198/1343/528 1134/1344/519 1132/1340/518
f 1199/1345/530 1197/1341/530 1133/1342/553 1135/1346/554
f 1198/1343/528 1200/1347/528 1136/1348/520 1134/1344/519
f 1201/1349/530 1199/1345/530 1135/1346/554 1137/1350/555
f 1200/1347/528 1202/1351/528 1138/1352/521 1136/1348/520
f 1203/1353/530 1201/1349/530 1137/1350/555 1139/1354/556
f 1202/1351/528 1204/1355/528 1140/1356/522 1138/1352/521
f 1205/1357/530 1203/1353/530 1139/1354/556 1141/1358/557
f 1204/1355/528 1206/1359/528 1142/1360/523 1140/1356/522
f 1207/1361/530 1205/1357/530 1141/1358/557 1143/1362/558
f 1206/1359/528 1208/1363/528 1144/1364/524 1142/1360/523
f 1209/1365/530 1207/1361/530 1143/1362/558 1145/1366/559
f 1208/1363/528 1210/1367/528 1146/1368/525 1144/1364/524
f 1211/1369/530 1209/1365/530 1145/1366/559 1147/1370/560
f 1210/1367/528 1212/1371/528 1148/1372/526 1146/1368/525
f 1213/1373/530 1211/1369/530 1147/1370/560 1149/1374/561
f 1212/1371/528 1214/1375/528 1150/1376/527 1148/1372/526
f 1215/1377/530 1213/1373/530 1149/1374/561 1151/1378/562
f 1214/1375/528 1216/1379/528 1152/1380/529 1150/1376/527
f 1153/1254/530 1215/1377/530 1151/1378/562 1089/1255/531
f 1216/1379/528 1156/1257/528 1092/1260/497 1152/1380/529
f 1027/1222/530 1025/1221/530 1153/1254/530 1154/1253/530
f 1026/1188/528 1028/1187/528 1155/1258/528 1156/1257/528
f 1029/1223/530 1027/1222/530 1154/1253/530 1157/1261/530
f 1028/1187/528 1030/1218/528 1158/1263/528 1155/1258/528
f 1031/1224/530 1029/1223/530 1157/1261/530 1159/1265/530
f 1030/1218/528 1032/1217/528 1160/1267/528 1158/1263/528
f 1033/1225/530 1031/1224/530 1159/1265/530 1161/1269/530
f 1032/1217/528 1034/1216/528 1162/1271/528 1160/1267/528
f 1035/1226/530 1033/1225/530 1161/1269/530 1163/1273/530
f 1034/1216/528 1036/1215/528 1164/1275/528 1162/1271/528
f 1037/1227/530 1035/1226/530 1163/1273/530 1165/1277/530
f 1036/1215/528 1038/1214/528 1166/1279/528 1164/1275/528
f 1039/1228/530 1037/1227/530 1165/1277/530 1167/1281/530
f 1038/1214/528 1040/1213/528 1168/1283/528 1166/1279/528
f 1041/1229/530 1039/1228/530 1167/1281/530 1169/1285/530
f 1040/1213/528 1042/1212/528 1170/1287/528 1168/1283/528
f 1043/1230/530 1041/1229/530 1169/1285/530 1171/1289/530
f 1042/1212/528 1044/1211/528 1172/1291/528 1170/1287/528
f 1045/1231/530 1043/1230/530 1171/1289/530 1173/1293/530
f 1044/1211/528 1046/1210/528 1174/1295/528 1172/1291/528
f 1047/1232/530 1045/1231/530 1173/1293/530 1175/1297/530
f 1046/1210/528 1048/1209/528 1176/1299/528 1174/1295/528
f 1049/1233/530 1047/1232/530 1175/1297/530 1177/1301/530
f 1048/1209/528 1050/1208/528 1178/1303/528 1176/1299/528
f 1051/1234/530 1049/1233/530 1177/1301/530 1179/1305/530
f 1050/1208/528 1052/1207/528 1180/1307/528 1178/1303/528
f 1053/1235/530 1051/1234/530 1179/1305/530 1181/1309/530
f 1052/1207/528 1054/1206/528 1182/1311/528 1180/1307/528
f 1055/1236/530 1053/1235/530 1181/1309/530 1183/1313/530
f 1054/1206/528 1056/1205/528 1184/1315/528 1182/1311/528
f 1057/1237/530 1055/1236/530 1183/1313/530 1185/1317/530
f 1056/1205/528 1058/1204/528 1186/1319/528 1184/1315/528
f 1059/1238/530 1057/1237/530 1185/1317/530 1187/1321/530
f 1058/1204/528 1060/1203/528 1188/1323/528 1186/1319/528
f 1061/1239/530 1059/1238/530 1187/1321/530 1189/1325/530
f 1060/1203/528 1062/1202/528 1190/1327/528 1188/1323/528
f 1063/1240/530 1061/1239/530 1189/1325/530 1191/1329/530
f 1062/1202/528 1064/1201/528 1192/1331/528 1190/1327/528
f 1065/1241/530 1063/1240/530 1191/1329/530 1193/1333/530
f 1064/1201/528 1066/1200/528 1194/1335/528 1192/1331/528
f 1067/1242/530 1065/1241/530 1193/1333/530 1195/1337/530
f 1066/1200/528 1068/1199/528 1196/1339/528 1194/1335/528
f 1069/1243/530 1067/1242/530 1195/1337/530 1197/1341/530
f 1068/1199/528 1070/1198/528 1198/1343/528 1196/1339/528
f 1071/1244/530 1069/1243/530 1197/1341/530 1199/1345/530
f 1070/1198/528 1072/1197/528 1200/1347/528 1198/1343/528
f 1073/1245/530 1071/1244/530 1199/1345/530 1201/1349/530
f 1072/1197/528 1074/1196/528 1202/1351/528 1200/1347/528
f 1075/1246/530 1073/1245/530 1201/1349/530 1203/1353/530
f 1074/1196/528 1076/1195/528 1204/1355/528 1202/1351/528
f 1077/1247/530 1075/1246/530 1203/1353/530 1205/1357/530
f 1076/1195/528 1078/1194/528 1206/1359/528 1204/1355/528
f 1079/1248/530 1077/1247/530 1205/1357/530 1207/1361/530
f 1078/1194/528 1080/1193/528 1208/1363/528 1206/1359/528
f 1081/1249/530 1079/1248/530 1207/1361/530 1209/1365/530
f 1080/1193/528 1082/1192/528 1210/1367/528 1208/1363/528
f 1083/1250/530 1081/1249/530 1209/1365/530 1211/1369/530
f 1082/1192/528 1084/1191/528 1212/1371/528 1210/1367/528
f 1085/1251/530 1083/1250/530 1211/1369/530 1213/1373/530
f 1084/1191/528 1086/1190/528 1214/1375/528 1212/1371/528
f 1087/1252/530 1085/1251/530 1213/1373/530 1215/1377/530
f 1086/1190/528 1088/1189/528 1216/1379/528 1214/1375/528
f 1025/1221/530 1087/1252/530 1215/1377/530 1153/1254/530
f 1088/1189/528 1026/1188/528 1156/1257/528 1216/1379/528
f 1151/1381/562 1344/1382/242 1217/1383/17 1089/1384/531
f 1344/1382/242 1343/1385/242 1218/1386/17 1217/1383/17
f 1343/1385/242 1342/1387/242 1219/1388/17 1218/1386/17
f 1342/1387/242 1341/1220/242 1220/1123/17 1219/1388/17
f 1149/1389/561 1340/1390/226 1344/1382/242 1151/1381/562
f 1340/1390/226 1339/1391/226 1343/1385/242 1344/1382/242
f 1339/1391/226 1338/1392/226 1342/1387/242 1343/1385/242
f 1338/1392/226 1337/1186/226 1341/1220/242 1342/1387/242
f 1147/1393/560 1336/1394/210 1340/1390/226 1149/1389/561
f 1336/1394/210 1335/1395/210 1339/1391/226 1340/1390/226
f 1335/1395/210 1334/1396/210 1338/1392/226 1339/1391/226
f 1334/1396/210 1333/1184/210 1337/1186/226 1338/1392/226
f 1145/1397/559 1332/1398/194 1336/1394/210 1147/1393/560
f 1332/1398/194 1331/1399/194 1335/1395/210 1336/1394/210
f 1331/1399/194 1330/1400/194 1334/1396/210 1335/1395/210
f 1330/1400/194 1329/1182/194 1333/1184/210 1334/1396/210
f 1143/1401/558 1328/1402/178 1332/1398/194 1145/1397/559
f 1328/1402/178 1327/1403/178 1331/1399/194 1332/1398/194
f 1327/1403/178 1326/1404/178 1330/1400/194 1331/1399/194
f 1326/1404/178 1325/1180/178 1329/1182/194 1330/1400/194
f 1141/1405/557 1324/1406/162 1328/1402/178 1143/1401/558
f 1324/1406/162 1323/1407/162 1327/1403/178 1328/1402/178
f 1323/1407/162 1322/1408/162 1326/1404/178 1327/1403/178
f 1322/1408/162 1321/1178/162 1325/1180/178 1326/1404/178
f 1139/1409/556 1320/1410/146 1324/1406/162 1141/1405/557
f 1320/1410/146 1319/1411/146 1323/1407/162 1324/1406/162
f 1319/1411/146 1318/1412/146 1322/1408/162 1323/1407/162
f 1318/1412/146 1317/1176/146 1321/1178/162 1322/1408/162
f 1137/1413/555 1316/1414/130 1320/1410/146 1139/1409/556
f 1316/1414/130 1315/1415/130 1319/1411/146 1320/1410/146
f 1315/1415/130 1314/1416/130 1318/1412/146 1319/1411/146
f 1314/1416/130 1313/1174/130 1317/1176/146 1318/1412/146
f 1135/1417/554 1312/1418/114 1316/1414/130 1137/1413/555
f 1312/1418/114 1311/1419/114 1315/1415/130 1316/1414/130
f 1311/1419/114 1310/1420/114 1314/1416/130 1315/1415/130
f 1310/1420/114 1309/1172/114 1313/1174/130 1314/1416/130
f 1133/1421/553 1308/1422/98 1312/1418/114 1135/1417/554
f 1308/1422/98 1307/1423/98 1311/1419/114 1312/1418/114
f 1307/1423/98 1306/1424/98 1310/1420/114 1311/1419/114
f 1306/1424/98 1305/1170/98 1309/1172/114 1310/1420/114
f 1131/1425/552 1304/1426/82 1308/1422/98 1133/1421/553
f 1304/1426/82 1303/1427/82 1307/1423/98 1308/1422/98
f 1303/1427/82 1302/1428/82 1306/1424/98 1307/1423/98
f 1302/1428/82 1301/1168/82 1305/1170/98 1306/1424/98
f 1129/1429/551 1300/1430/66 1304/1426/82 1131/1425/552
f 1300/1430/66 1299/1431/66 1303/1427/82 1304/1426/82
f 1299/1431/66 1298/1432/66 1302/1428/82 1303/1427/82
f 1298/1432/66 1297/1166/66 1301/1168/82 1302/1428/82
f 1127/1433/550 1296/1434/50 1300/1430/66 1129/1429/551
f 1296/1434/50 1295/1435/50 1299/1431/66 1300/1430/66
f 1295/1435/50 1294/1436/50 1298/1432/66 1299/1431/66
f 1294/1436/50 1293/1164/50 1297/1166/66 1298/1432/66
f 1125/1437/549 1292/1438/34 1296/1434/50 1127/1433/550
f 1292/1438/34 1291/1439/34 1295/1435/50 1296/1434/50
f 1291/1439/34 1290/1440/34 1294/1436/50 1295/1435/50
f 1290/1440/34 1289/1162/34 1293/1164/50 1294/1436/50
f 1123/1441/548 1288/1442/3 1292/1438/34 1125/1437/549
f 1288/1442/3 1287/1443/3 1291/1439/34 1292/1438/34
f 1287/1443/3 1286/1444/3 1290/1440/34 1291/1439/34
f 1286/1444/3 1285/1160/3 1289/1162/34 1290/1440/34
f 1121/1445/547 1284/1446/4 1288/1442/3 1123/1441/548
f 1284/1446/4 1283/1447/4 1287/1443/3 1288/1442/3
f 1283/1447/4 1282/1448/4 1286/1444/3 1287/1443/3
f 1282/1448/4 1281/1158/4 1285/1160/3 1286/1444/3
f 1119/1449/546 1280/1450/249 1284/1446/4 1121/1445/547
f 1280/1450/249 1279/1451/249 1283/1447/4 1284/1446/4
f 1279/1451/249 1278/1452/249 1282/1448/4 1283/1447/4
f 1278/1452/249 1277/1156/249 1281/1158/4 1282/1448/4
f 1117/1453/545 1276/1454/233 1280/1450/249 1119/1449/546
f 1276/1454/233 1275/1455/233 1279/1451/249 1280/1450/249
f 1275/1455/233 1274/1456/233 1278/1452/249 1279/1451/249
f 1274/1456/233 1273/1154/233 1277/1156/249 1278/1452/249
f 1115/1457/544 1272/1458/217 1276/1454/233 1117/1453/545
f 1272/1458/217 1271/1459/217 1275/1455/233 1276/1454/233
f 1271/1459/217 1270/1460/217 1274/1456/233 1275/1455/233
f 1270/1460/217 1269/1152/217 1273/1154/233 1274/1456/233
f 1113/1461/543 1268/1462/201 1272/1458/217 1115/1457/544
f 1268/1462/201 1267/1463/201 1271/1459/217 1272/1458/217
f 1267/1463/201 1266/1464/201 1270/1460/217 1271/1459/217
f 1266/1464/201 1265/1150/201 1269/1152/217 1270/1460/217
f 1111/1465/542 1264/1466/185 1268/1462/201 1113/1461/543
f 1264/1466/185 1263/1467/185 1267/1463/201 1268/1462/201
f 1263/1467/185 1262/1468/185 1266/1464/201 1267/1463/201
f 1262/1468/185 1261/1148/185 1265/1150/201 1266/1464/201
f 1109/1469/541 1260/1470/169 1264/1466/185 1111/1465/542
f 1260/1470/169 1259/1471/169 1263/1467/185 1264/1466/185
f 1259/1471/169 1258/1472/169 1262/1468/185 1263/1467/185
f 1258/1472/169 1257/1146/169 1261/1148/185 1262/1468/185
f 1107/1473/540 1256/1474/153 1260/1470/169 1109/1469/541
f 1256/1474/153 1255/1475/153 1259/1471/169 1260/1470/169
f 1255/1475/153 1254/1476/153 1258/1472/169 1259/1471/169
f 1254/1476/153 1253/1144/153 1257/1146/169 1258/1472/169
f 1105/1477/539 1252/1478/137 1256/1474/153 1107/1473/540
f 1252/1478/137 1251/1479/137 1255/1475/153 1256/1474/153
f 1251/1479/137 1250/1480/137 1254/1476/153 1255/1475/153
f 1250/1480/137 1249/1142/137 1253/1144/153 1254/1476/153
f 1103/1481/538 1248/1482/121 1252/1478/137 1105/1477/539
f 1248/1482/121 1247/1483/121 1251/1479/137 1252/1478/137
f 1247/1483/121 1246/1484/121 1250/1480/137 1251/1479/137
f 1246/1484/121 1245/1140/121 1249/1142/137 1250/1480/137
f 1101/1485/537 1244/1486/105 1248/1482/121 1103/1481/538
f 1244/1486/105 1243/1487/105 1247/1483/121 1248/1482/121
f 1243/1487/105 1242/1488/105 1246/1484/121 1247/1483/121
f 1242/1488/105 1241/1138/105 1245/1140/121 1246/1484/121
f 1099/1489/536 1240/1490/89 1244/1486/105 1101/1485/537
f 1240/1490/89 1239/1491/89 1243/1487/105 1244/1486/105
f 1239/1491/89 1238/1492/89 1242/1488/105 1243/1487/105
f 1238/1492/89 1237/1135/89 1241/1138/105 1242/1488/105
f 1097/1493/535 1236/1494/73 1240/1495/89 1099/1496/536
f 1236/1494/73 1235/1497/73 1239/1498/89 1240/1495/89
f 1235/1497/73 1234/1499/73 1238/1500/89 1239/1498/89
f 1234/1499/73 1233/1132/73 1237/1134/89 1238/1500/89
f 1095/1501/534 1232/1502/57 1236/1494/73 1097/1493/535
f 1232/1502/57 1231/1503/57 1235/1497/73 1236/1494/73
f 1231/1503/57 1230/1504/57 1234/1499/73 1235/1497/73
f 1230/1504/57 1229/1130/57 1233/1132/73 1234/1499/73
f 1093/1505/533 1228/1506/41 1232/1502/57 1095/1501/534
f 1228/1506/41 1227/1507/41 1231/1503/57 1232/1502/57
f 1227/1507/41 1226/1508/41 1230/1504/57 1231/1503/57
f 1226/1508/41 1225/1128/41 1229/1130/57 1230/1504/57
f 1090/1509/532 1224/1510/18 1228/1506/41 1093/1505/533
f 1224/1510/18 1223/1511/18 1227/1507/41 1228/1506/41
f 1223/1511/18 1222/1512/18 1226/1508/41 1227/1507/41
f 1222/1512/18 1221/1126/18 1225/1128/41 1226/1508/41
f 1089/1384/531 1217/1383/17 1224/1510/18 1090/1509/532
f 1217/1383/17 1218/1386/17 1223/1511/18 1224/1510/18
f 1218/1386/17 1219/1388/17 1222/1512/18 1223/1511/18
f 1219/1388/17 1220/1123/17 1221/1126/18 1222/1512/18
f 1540/1513/130 1412/1514/521 1411/1515/522 1541/1516/146
f 1541/1516/146 1411/1515/522 1414/1517/523 1545/1518/162
f 1545/1518/162 1414/1517/523 1416/1519/524 1549/1520/178
f 1549/1520/178 1416/1519/524 1418/1521/525 1553/1522/194
f 1553/1522/194 1418/1521/525 1420/1523/526 1557/1524/210
f 1557/1524/210 1420/1523/526 1422/1525/527 1561/1526/226
f 1561/1526/226 1422/1525/527 1424/1527/529 1565/1528/242
f 1565/1528/242 1424/1527/529 1426/1529/497 1569/1530/17
f 1569/1530/17 1426/1529/497 1428/1531/498 1573/1532/18
f 1573/1532/18 1428/1531/498 1430/1533/499 1577/1534/41
f 1577/1534/41 1430/1533/499 1432/1535/500 1581/1536/57
f 1581/1536/57 1432/1535/500 1434/1537/501 1585/1538/73
f 1585/1538/73 1434/1537/501 1436/1539/502 1589/1540/89
f 1589/1541/89 1436/1542/502 1438/1543/503 1593/1544/105
f 1593/1544/105 1438/1543/503 1440/1545/504 1597/1546/121
f 1597/1546/121 1440/1545/504 1442/1547/505 1601/1548/137
f 1601/1548/137 1442/1547/505 1444/1549/506 1605/1550/153
f 1605/1550/153 1444/1549/506 1446/1551/507 1609/1552/169
f 1609/1552/169 1446/1551/507 1448/1553/508 1613/1554/185
f 1613/1554/185 1448/1553/508 1450/1555/509 1617/1556/201
f 1617/1556/201 1450/1555/509 1452/1557/510 1621/1558/217
f 1621/1558/217 1452/1557/510 1454/1559/511 1625/1560/233
f 1625/1560/233 1454/1559/511 1456/1561/512 1629/1562/249
f 1629/1562/249 1456/1561/512 1458/1563/513 1633/1564/4
f 1633/1564/4 1458/1563/513 1460/1565/514 1637/1566/3
f 1637/1566/3 1460/1565/514 1462/1567/515 1641/1568/34
f 1641/1568/34 1462/1567/515 1464/1569/516 1645/1570/50
f 1645/1570/50 1464/1569/516 1466/1571/517 1649/1572/66
f 1649/1572/66 1466/1571/517 1468/1573/518 1653/1574/82
f 1653/1574/82 1468/1573/518 1470/1575/519 1657/1576/98
f 1348/1577/528 1346/1578/528 1408/1579/528 1406/1580/528 1404/1581/528 1402/1582/528 1400/1583/528 1398/1584/528 1396/1585/528 1394/1586/528 1392/1587/528 1390/1588/528 1388/1589/528 1386/1590/528 1384/1591/528 1382/1592/528 1380/1593/528 1378/1594/528 1376/1595/528 1374/1596/528 1372/1597/528 1370/1598/528 1368/1599/528 1366/1600/528 1364/1601/528 1362/1602/528 1360/1603/528 1358/1604/528 1356/1605/528 1354/1606/528 1352/1607/528 1350/1608/528
f 1657/1576/98 1470/1575/519 1472/1609/520 1661/1610/114
f 1661/1610/114 1472/1609/520 1412/1514/521 1540/1513/130
f 1345/1611/530 1347/1612/530 1349/1613/530 1351/1614/530 1353/1615/530 1355/1616/530 1357/1617/530 1359/1618/530 1361/1619/530 1363/1620/530 1365/1621/530 1367/1622/530 1369/1623/530 1371/1624/530 1373/1625/530 1375/1626/530 1377/1627/530 1379/1628/530 1381/1629/530 1383/1630/530 1385/1631/530 1387/1632/530 1389/1633/530 1391/1634/530 1393/1635/530 1395/1636/530 1397/1637/530 1399/1638/530 1401/1639/530 1403/1640/530 1405/1641/530 1407/1642/530
f 1474/1643/530 1473/1644/530 1409/1645/555 1410/1646/556
f 1476/1647/528 1475/1648/528 1411/1649/522 1412/1650/521
f 1477/1651/530 1474/1643/530 1410/1646/556 1413/1652/557
f 1475/1648/528 1478/1653/528 1414/1654/523 1411/1649/522
f 1479/1655/530 1477/1651/530 1413/1652/557 1415/1656/558
f 1478/1653/528 1480/1657/528 1416/1658/524 1414/1654/523
f 1481/1659/530 1479/1655/530 1415/1656/558 1417/1660/559
f 1480/1657/528 1482/1661/528 1418/1662/525 1416/1658/524
f 1483/1663/530 1481/1659/530 1417/1660/559 1419/1664/560
f 1482/1661/528 1484/1665/528 1420/1666/526 1418/1662/525
f 1485/1667/530 1483/1663/530 1419/1664/560 1421/1668/561
f 1484/1665/528 1486/1669/528 1422/1670/527 1420/1666/526
f 1487/1671/530 1485/1667/530 1421/1668/561 1423/1672/562
f 1486/1669/528 1488/1673/528 1424/1674/529 1422/1670/527
f 1489/1675/530 1487/1671/530 1423/1672/562 1425/1676/531
f 1488/1673/528 1490/1677/528 1426/1678/497 1424/1674/529
f 1491/1679/530 1489/1675/530 1425/1676/531 1427/1680/532
f 1490/1677/528 1492/1681/528 1428/1682/498 1426/1678/497
f 1493/1683/530 1491/1679/530 1427/1680/532 1429/1684/533
f 1492/1681/528 1494/1685/528 1430/1686/499 1428/1682/498
f 1495/1687/530 1493/1683/530 1429/1684/533 1431/1688/534
f 1494/1685/528 1496/1689/528 1432/1690/500 1430/1686/499
f 1497/1691/530 1495/1687/530 1431/1688/534 1433/1692/535
f 1496/1689/528 1498/1693/528 1434/1694/501 1432/1690/500
f 1499/1695/530 1497/1691/530 1433/1692/535 1435/1696/536
f 1498/1693/528 1500/1697/528 1436/1698/502 1434/1694/501
f 1501/1699/530 1499/1695/530 1435/1696/536 1437/1700/537
f 1500/1697/528 1502/1701/528 1438/1702/503 1436/1698/502
f 1503/1703/530 1501/1699/530 1437/1700/537 1439/1704/538
f 1502/1701/528 1504/1705/528 1440/1706/504 1438/1702/503
f 1505/1707/530 1503/1703/530 1439/1704/538 1441/1708/539
f 1504/1705/528 1506/1709/528 1442/1710/505 1440/1706/504
f 1507/1711/530 1505/1707/530 1441/1708/539 1443/1712/540
f 1506/1709/528 1508/1713/528 1444/1714/506 1442/1710/505
f 1509/1715/530 1507/1711/530 1443/1712/540 1445/1716/541
f 1508/1713/528 1510/1717/528 1446/1718/507 1444/1714/506
f 1511/1719/530 1509/1715/530 1445/1716/541 1447/1720/542
f 1510/1717/528 1512/1721/528 1448/1722/508 1446/1718/507
f 1513/1723/530 1511/1719/530 1447/1720/542 1449/1724/543
f 1512/1721/528 1514/1725/528 1450/1726/509 1448/1722/508
f 1515/1727/530 1513/1723/530 1449/1724/543 1451/1728/544
f 1514/1725/528 1516/1729/528 1452/1730/510 1450/1726/509
f 1517/1731/530 1515/1727/530 1451/1728/544 1453/1732/545
f 1516/1729/528 1518/1733/528 1454/1734/511 1452/1730/510
f 1519/1735/530 1517/1731/530 1453/1732/545 1455/1736/546
f 1518/1733/528 1520/1737/528 1456/1738/512 1454/1734/511
f 1521/1739/530 1519/1735/530 1455/1736/546 1457/1740/547
f 1520/1737/528 1522/1741/528 1458/1742/513 1456/1738/512
f 1523/1743/530 1521/1739/530 1457/1740/547 1459/1744/548
f 1522/1741/528 1524/1745/528 1460/1746/514 1458/1742/513
f 1525/1747/530 1523/1743/530 1459/1744/548 1461/1748/549
f 1524/1745/528 1526/1749/528 1462/1750/515 1460/1746/514
f 1527/1751/530 1525/1747/530 1461/1748/549 1463/1752/550
f 1526/1749/528 1528/1753/528 1464/1754/516 1462/1750/515
f 1529/1755/530 1527/1751/530 1463/1752/550 1465/1756/551
f 1528/1753/528 1530/1757/528 1466/1758/517 1464/1754/516
f 1531/1759/530 1529/1755/530 1465/1756/551 1467/1760/552
f 1530/1757/528 1532/1761/528 1468/1762/518 1466/1758/517
f 1533/1763/530 1531/1759/530 1467/1760/552 1469/1764/553
f 1532/1761/528 1534/1765/528 1470/1766/519 1468/1762/518
f 1535/1767/530 1533/1763/530 1469/1764/553 1471/1768/554
f 1534/1765/528 1536/1769/528 1472/1770/520 1470/1766/519
f 1473/1644/530 1535/1767/530 1471/1768/554 1409/1645/555
f 1536/1769/528 1476/1647/528 1412/1650/521 1472/1770/520
f 1347/1612/530 1345/1611/530 1473/1644/530 1474/1643/530
f 1346/1578/528 1348/1577/528 1475/1648/528 1476/1647/528
f 1349/1613/530 1347/1612/530 1474/1643/530 1477/1651/530
f 1348/1577/528 1350/1608/528 1478/1653/528 1475/1648/528
f 1351/1614/530 1349/1613/530 1477/1651/530 1479/1655/530
f 1350/1608/528 1352/1607/528 1480/1657/528 1478/1653/528
f 1353/1615/530 1351/1614/530 1479/1655/530 1481/1659/530
f 1352/1607/528 1354/1606/528 1482/1661/528 1480/1657/528
f 1355/1616/530 1353/1615/530 1481/1659/530 1483/1663/530
f 1354/1606/528 1356/1605/528 1484/1665/528 1482/1661/528
f 1357/1617/530 1355/1616/530 1483/1663/530 1485/1667/530
f 1356/1605/528 1358/1604/528 1486/1669/528 1484/1665/528
f 1359/1618/530 1357/1617/530 1485/1667/530 1487/1671/530
f 1358/1604/528 1360/1603/528 1488/1673/528 1486/1669/528
f 1361/1619/530 1359/1618/530 1487/1671/530 1489/1675/530
f 1360/1603/528 1362/1602/528 1490/1677/528 1488/1673/528
f 1363/1620/530 1361/1619/530 1489/1675/530 1491/1679/530
f 1362/1602/528 1364/1601/528 1492/1681/528 1490/1677/528
f 1365/1621/530 1363/1620/530 1491/1679/530 1493/1683/530
f 1364/1601/528 1366/1600/528 1494/1685/528 1492/1681/528
f 1367/1622/530 1365/1621/530 1493/1683/530 1495/1687/530
f 1366/1600/528 1368/1599/528 1496/1689/528 1494/1685/528
f 1369/1623/530 1367/1622/530 1495/1687/530 1497/1691/530
f 1368/1599/528 1370/1598/528 1498/1693/528 1496/1689/528
f 1371/1624/530 1369/1623/530 1497/1691/530 1499/1695/530
f 1370/1598/528 1372/1597/528 1500/1697/528 1498/1693/528
f 1373/1625/530 1371/1624/530 1499/1695/530 1501/1699/530
f 1372/1597/528 1374/1596/528 1502/1701/528 1500/1697/528
f 1375/1626/530 1373/1625/530 1501/1699/530 1503/1703/530
f 1374/1596/528 1376/1595/528 1504/1705/528 1502/1701/528
f 1377/1627/530 1375/1626/530 1503/1703/530 1505/1707/530
f 1376/1595/528 1378/1594/528 1506/1709/528 1504/1705/528
f 1379/1628/530 1377/1627/530 1505/1707/530 1507/1711/530
f 1378/1594/528 1380/1593/528 1508/1713/528 1506/1709/528
f 1381/1629/530 1379/1628/530 1507/1711/530 1509/1715/530
f 1380/1593/528 1382/1592/528 1510/1717/528 1508/1713/528
f 1383/1630/530 1381/1629/530 1509/1715/530 1511/1719/530
f 1382/1592/528 1384/1591/528 1512/1721/528 1510/1717/528
f 1385/1631/530 1383/1630/530 1511/1719/530 1513/1723/530
f 1384/1591/528 1386/1590/528 1514/1725/528 1512/1721/528
f 1387/1632/530 1385/1631/530 1513/1723/530 1515/1727/530
f 1386/1590/528 1388/1589/528 1516/1729/528 1514/1725/528
f 1389/1633/530 1387/1632/530 1515/1727/530 1517/1731/530
f 1388/1589/528 1390/1588/528 1518/1733/528 1516/1729/528
f 1391/1634/530 1389/1633/530 1517/1731/530 1519/1735/530
f 1390/1588/528 1392/1587/528 1520/1737/528 1518/1733/528
f 1393/1635/530 1391/1634/530 1519/1735/530 1521/1739/530
f 1392/1587/528 1394/1586/528 1522/1741/528 1520/1737/528
f 1395/1636/530 1393/1635/530 1521/1739/530 1523/1743/530
f 1394/1586/528 1396/1585/528 1524/1745/528 1522/1741/528
f 1397/1637/530 1395/1636/530 1523/1743/530 1525/1747/530
f 1396/1585/528 1398/1584/528 1526/1749/528 1524/1745/528
f 1399/1638/530 1397/1637/530 1525/1747/530 1527/1751/530
f 1398/1584/528 1400/1583/528 1528/1753/528 1526/1749/528
f 1401/1639/530 1399/1638/530 1527/1751/530 1529/1755/530
f 1400/1583/528 1402/1582/528 1530/1757/528 1528/1753/528
f 1403/1640/530 1401/1639/530 1529/1755/530 1531/1759/530
f 1402/1582/528 1404/1581/528 1532/1761/528 1530/1757/528
f 1405/1641/530 1403/1640/530 1531/1759/530 1533/1763/530
f 1404/1581/528 1406/1580/528 1534/1765/528 1532/1761/528
f 1407/1642/530 1405/1641/530 1533/1763/530 1535/1767/530
f 1406/1580/528 1408/1579/528 1536/1769/528 1534/1765/528
f 1345/1611/530 1407/1642/530 1535/1767/530 1473/1644/530
f 1408/1579/528 1346/1578/528 1476/1647/528 1536/1769/528
f 1471/1771/554 1664/1772/114 1537/1773/130 1409/1774/555
f 1664/1772/114 1663/1775/114 1538/1776/130 1537/1773/130
f 1663/1775/114 1662/1777/114 1539/1778/130 1538/1776/130
f 1662/1777/114 1661/1610/114 1540/1513/130 1539/1778/130
f 1469/1779/553 1660/1780/98 1664/1772/114 1471/1771/554
f 1660/1780/98 1659/1781/98 1663/1775/114 1664/1772/114
f 1659/1781/98 1658/1782/98 1662/1777/114 1663/1775/114
f 1658/1782/98 1657/1576/98 1661/1610/114 1662/1777/114
f 1467/1783/552 1656/1784/82 1660/1780/98 1469/1779/553
f 1656/1784/82 1655/1785/82 1659/1781/98 1660/1780/98
f 1655/1785/82 1654/1786/82 1658/1782/98 1659/1781/98
f 1654/1786/82 1653/1574/82 1657/1576/98 1658/1782/98
f 1465/1787/551 1652/1788/66 1656/1784/82 1467/1783/552
f 1652/1788/66 1651/1789/66 1655/1785/82 1656/1784/82
f 1651/1789/66 1650/1790/66 1654/1786/82 1655/1785/82
f 1650/1790/66 1649/1572/66 1653/1574/82 1654/1786/82
f 1463/1791/550 1648/1792/50 1652/1788/66 1465/1787/551
f 1648/1792/50 1647/1793/50 1651/1789/66 1652/1788/66
f 1647/1793/50 1646/1794/50 1650/1790/66 1651/1789/66
f 1646/1794/50 1645/1570/50 1649/1572/66 1650/1790/66
f 1461/1795/549 1644/1796/34 1648/1792/50 1463/1791/550
f 1644/1796/34 1643/1797/34 1647/1793/50 1648/1792/50
f 1643/1797/34 1642/1798/34 1646/1794/50 1647/1793/50
f 1642/1798/34 1641/1568/34 1645/1570/50 1646/1794/50
f 1459/1799/548 1640/1800/3 1644/1796/34 1461/1795/549
f 1640/1800/3 1639/1801/3 1643/1797/34 1644/1796/34
f 1639/1801/3 1638/1802/3 1642/1798/34 1643/1797/34
f 1638/1802/3 1637/1566/3 1641/1568/34 1642/1798/34
f 1457/1803/547 1636/1804/4 1640/1800/3 1459/1799/548
f 1636/1804/4 1635/1805/4 1639/1801/3 1640/1800/3
f 1635/1805/4 1634/1806/4 1638/1802/3 1639/1801/3
f 1634/1806/4 1633/1564/4 1637/1566/3 1638/1802/3
f 1455/1807/546 1632/1808/249 1636/1804/4 1457/1803/547
f 1632/1808/249 1631/1809/249 1635/1805/4 1636/1804/4
f 1631/1809/249 1630/1810/249 1634/1806/4 1635/1805/4
f 1630/1810/249 1629/1562/249 1633/1564/4 1634/1806/4
f 1453/1811/545 1628/1812/233 1632/1808/249 1455/1807/546
f 1628/1812/233 1627/1813/233 1631/1809/249 1632/1808/249
f 1627/1813/233 1626/1814/233 1630/1810/249 1631/1809/249
f 1626/1814/233 1625/1560/233 1629/1562/249 1630/1810/249
f 1451/1815/544 1624/1816/217 1628/1812/233 1453/1811/545
f 1624/1816/217 1623/1817/217 1627/1813/233 1628/1812/233
f 1623/1817/217 1622/1818/217 1626/1814/233 1627/1813/233
f 1622/1818/217 1621/1558/217 1625/1560/233 1626/1814/233
f 1449/1819/543 1620/1820/201 1624/1816/217 1451/1815/544
f 1620/1820/201 1619/1821/201 1623/1817/217 1624/1816/217
f 1619/1821/201 1618/1822/201 1622/1818/217 1623/1817/217
f 1618/1822/201 1617/1556/201 1621/1558/217 1622/1818/217
f 1447/1823/542 1616/1824/185 1620/1820/201 1449/1819/543
f 1616/1824/185 1615/1825/185 1619/1821/201 1620/1820/201
f 1615/1825/185 1614/1826/185 1618/1822/201 1619/1821/201
f 1614/1826/185 1613/1554/185 1617/1556/201 1618/1822/201
f 1445/1827/541 1612/1828/169 1616/1824/185 1447/1823/542
f 1612/1828/169 1611/1829/169 1615/1825/185 1616/1824/185
f 1611/1829/169 1610/1830/169 1614/1826/185 1615/1825/185
f 1610/1830/169 1609/1552/169 1613/1554/185 1614/1826/185
f 1443/1831/540 1608/1832/153 1612/1828/169 1445/1827/541
f 1608/1832/153 1607/1833/153 1611/1829/169 1612/1828/169
f 1607/1833/153 1606/1834/153 1610/1830/169 1611/1829/169
f 1606/1834/153 1605/1550/153 1609/1552/169 1610/1830/169
f 1441/1835/539 1604/1836/137 1608/1832/153 1443/1831/540
f 1604/1836/137 1603/1837/137 1607/1833/153 1608/1832/153
f 1603/1837/137 1602/1838/137 1606/1834/153 1607/1833/153
f 1602/1838/137 1601/1548/137 1605/1550/153 1606/1834/153
f 1439/1839/538 1600/1840/121 1604/1836/137 1441/1835/539
f 1600/1840/121 1599/1841/121 1603/1837/137 1604/1836/137
f 1599/1841/121 1598/1842/121 1602/1838/137 1603/1837/137
f 1598/1842/121 1597/1546/121 1601/1548/137 1602/1838/137
f 1437/1843/537 1596/1844/105 1600/1840/121 1439/1839/538
f 1596/1844/105 1595/1845/105 1599/1841/121 1600/1840/121
f 1595/1845/105 1594/1846/105 1598/1842/121 1599/1841/121
f 1594/1846/105 1593/1544/105 1597/1546/121 1598/1842/121
f 1435/1847/536 1592/1848/89 1596/1844/105 1437/1843/537
f 1592/1848/89 1591/1849/89 1595/1845/105 1596/1844/105
f 1591/1849/89 1590/1850/89 1594/1846/105 1595/1845/105
f 1590/1850/89 1589/1541/89 1593/1544/105 1594/1846/105
f 1433/1851/535 1588/1852/73 1592/1853/89 1435/1854/536
f 1588/1852/73 1587/1855/73 1591/1856/89 1592/1853/89
f 1587/1855/73 1586/1857/73 1590/1858/89 1591/1856/89
f 1586/1857/73 1585/1538/73 1589/1540/89 1590/1858/89
f 1431/1859/534 1584/1860/57 1588/1852/73 1433/1851/535
f 1584/1860/57 1583/1861/57 1587/1855/73 1588/1852/73
f 1583/1861/57 1582/1862/57 1586/1857/73 1587/1855/73
f 1582/1862/57 1581/1536/57 1585/1538/73 1586/1857/73
f 1429/1863/533 1580/1864/41 1584/1860/57 1431/1859/534
f 1580/1864/41 1579/1865/41 1583/1861/57 1584/1860/57
f 1579/1865/41 1578/1866/41 1582/1862/57 1583/1861/57
f 1578/1866/41 1577/1534/41 1581/1536/57 1582/1862/57
f 1427/1867/532 1576/1868/18 1580/1864/41 1429/1863/533
f 1576/1868/18 1575/1869/18 1579/1865/41 1580/1864/41
f 1575/1869/18 1574/1870/18 1578/1866/41 1579/1865/41
f 1574/1870/18 1573/1532/18 1577/1534/41 1578/1866/41
f 1425/1871/531 1572/1872/17 1576/1868/18 1427/1867/532
f 1572/1872/17 1571/1873/17 1575/1869/18 1576/1868/18
f 1571/1873/17 1570/1874/17 1574/1870/18 1575/1869/18
f 1570/1874/17 1569/1530/17 1573/1532/18 1574/1870/18
f 1423/1875/562 1568/1876/242 1572/1872/17 1425/1871/531
f 1568/1876/242 1567/1877/242 1571/1873/17 1572/1872/17
f 1567/1877/242 1566/1878/242 1570/1874/17 1571/1873/17
f 1566/1878/242 1565/1528/242 1569/1530/17 1570/1874/17
f 1421/1879/561 1564/1880/226 1568/1876/242 1423/1875/562
f 1564/1880/226 1563/1881/226 1567/1877/242 1568/1876/242
f 1563/1881/226 1562/1882/226 1566/1878/242 1567/1877/242
f 1562/1882/226 1561/1526/226 1565/1528/242 1566/1878/242
f 1419/1883/560 1560/1884/210 1564/1880/226 1421/1879/561
f 1560/1884/210 1559/1885/210 1563/1881/226 1564/1880/226
f 1559/1885/210 1558/1886/210 1562/1882/226 1563/1881/226
f 1558/1886/210 1557/1524/210 1561/1526/226 1562/1882/226
f 1417/1887/559 1556/1888/194 1560/1884/210 1419/1883/560
f 1556/1888/194 1555/1889/194 1559/1885/210 1560/1884/210
f 1555/1889/194 1554/1890/194 1558/1886/210 1559/1885/210
f 1554/1890/194 1553/1522/194 1557/1524/210 1558/1886/210
f 1415/1891/558 1552/1892/178 1556/1888/194 1417/1887/559
f 1552/1892/178 1551/1893/178 1555/1889/194 1556/1888/194
f 1551/1893/178 1550/1894/178 1554/1890/194 1555/1889/194
f 1550/1894/178 1549/1520/178 1553/1522/194 1554/1890/194
f 1413/1895/557 1548/1896/162 1552/1892/178 1415/1891/558
f 1548/1896/162 1547/1897/162 1551/1893/178 1552/1892/178
f 1547/1897/162 1546/1898/162 1550/1894/178 1551/1893/178
f 1546/1898/162 1545/1518/162 1549/1520/178 1550/1894/178
f 1410/1899/556 1544/1900/146 1548/1896/162 1413/1895/557
f 1544/1900/146 1543/1901/146 1547/1897/162 1548/1896/162
f 1543/1901/146 1542/1902/146 1546/1898/162 1547/1897/162
f 1542/1902/146 1541/1516/146 1545/1518/162 1546/1898/162
f 1409/1774/555 1537/1773/130 1544/1900/146 1410/1899/556
f 1537/1773/130 1538/1776/130 1543/1901/146 1544/1900/146
f 1538/1776/130 1539/1778/130 1542/1902/146 1543/1901/146
f 1539/1778/130 1540/1513/130 1541/1516/146 1542/1902/146
f 1860/1903/137 1732/1904/505 1731/1905/506 1861/1906/153
f 1861/1906/153 1731/1905/506 1734/1907/507 1865/1908/169
f 1865/1908/169 1734/1907/507 1736/1909/508 1869/1910/185
f 1869/1910/185 1736/1909/508 1738/1911/509 1873/1912/201
f 1873/1912/201 1738/1911/509 1740/1913/510 1877/1914/217
f 1877/1914/217 1740/1913/510 1742/1915/511 1881/1916/233
f 1881/1916/233 1742/1915/511 1744/1917/512 1885/1918/249
f 1885/1918/249 1744/1917/512 1746/1919/513 1889/1920/4
f 1889/1920/4 1746/1919/513 1748/1921/514 1893/1922/3
f 1893/1922/3 1748/1921/514 1750/1923/515 1897/1924/34
f 1897/1924/34 1750/1923/515 1752/1925/516 1901/1926/50
f 1901/1926/50 1752/1925/516 1754/1927/517 1905/1928/66
f 1905/1928/66 1754/1927/517 1756/1929/518 1909/1930/82
f 1909/1930/82 1756/1929/518 1758/1931/519 1913/1932/98
f 1913/1932/98 1758/1931/519 1760/1933/520 1917/1934/114
f 1917/1934/114 1760/1933/520 1762/1935/521 1921/1936/130
f 1921/1936/130 1762/1935/521 1764/1937/522 1925/1938/146
f 1925/1938/146 1764/1937/522 1766/1939/523 1929/1940/162
f 1929/1940/162 1766/1939/523 1768/1941/524 1933/1942/178
f 1933/1942/178 1768/1941/524 1770/1943/525 1937/1944/194
f 1937/1944/194 1770/1943/525 1772/1945/526 1941/1946/210
f 1941/1946/210 1772/1945/526 1774/1947/527 1945/1948/226
f 1945/1948/226 1774/1947/527 1776/1949/529 1949/1950/242
f 1949/1950/242 1776/1949/529 1778/1951/497 1953/1952/17
f 1953/1952/17 1778/1951/497 1780/1953/498 1957/1954/18
f 1957/1954/18 1780/1953/498 1782/1955/499 1961/1956/41
f 1961/1956/41 1782/1955/499 1784/1957/500 1965/1958/57
f 1965/1958/57 1784/1957/500 1786/1959/501 1969/1960/73
f 1969/1960/73 1786/1959/501 1788/1961/502 1973/1962/89
f 1973/1962/89 1788/1961/502 1790/1963/503 1977/1964/105
f 1668/1965/528 1666/1966/528 1728/1967/528 1726/1968/528 1724/1969/528 1722/1970/528 1720/1971/528 1718/1972/528 1716/1973/528 1714/1974/528 1712/1975/528 1710/1976/528 1708/1977/528 1706/1978/528 1704/1979/528 1702/1980/528 1700/1981/528 1698/1982/528 1696/1983/528 1694/1984/528 1692/1985/528 1690/1986/528 1688/1987/528 1686/1988/528 1684/1989/528 1682/1990/528 1680/1991/528 1678/1992/528 1676/1993/528 1674/1994/528 1672/1995/528 1670/1996/528
f 1977/1997/105 1790/1998/503 1792/1999/504 1981/2000/121
f 1981/2000/121 1792/1999/504 1732/1904/505 1860/1903/137
f 1665/2001/530 1667/2002/530 1669/2003/530 1671/2004/530 1673/2005/530 1675/2006/530 1677/2007/530 1679/2008/530 1681/2009/530 1683/2010/530 1685/2011/530 1687/2012/530 1689/2013/530 1691/2014/530 1693/2015/530 1695/2016/530 1697/2017/530 1699/2018/530 1701/2019/530 1703/2020/530 1705/2021/530 1707/2022/530 1709/2023/530 1711/2024/530 1713/2025/530 1715/2026/530 1717/2027/530 1719/2028/530 1721/2029/530 1723/2030/530 1725/2031/530 1727/2032/530
f 1794/2033/530 1793/2034/530 1729/2035/539 1730/2036/540
f 1796/2037/528 1795/2038/528 1731/2039/506 1732/2040/505
f 1797/2041/530 1794/2033/530 1730/2036/540 1733/2042/541
f 1795/2038/528 1798/2043/528 1734/2044/507 1731/2039/506
f 1799/2045/530 1797/2041/530 1733/2042/541 1735/2046/542
f 1798/2043/528 1800/2047/528 1736/2048/508 1734/2044/507
f 1801/2049/530 1799/2045/530 1735/2046/542 1737/2050/543
f 1800/2047/528 1802/2051/528 1738/2052/509 1736/2048/508
f 1803/2053/530 1801/2049/530 1737/2050/543 1739/2054/544
f 1802/2051/528 1804/2055/528 1740/2056/510 1738/2052/509
f 1805/2057/530 1803/2053/530 1739/2054/544 1741/2058/545
f 1804/2055/528 1806/2059/528 1742/2060/511 1740/2056/510
f 1807/2061/530 1805/2057/530 1741/2058/545 1743/2062/546
f 1806/2059/528 1808/2063/528 1744/2064/512 1742/2060/511
f 1809/2065/530 1807/2061/530 1743/2062/546 1745/2066/547
f 1808/2063/528 1810/2067/528 1746/2068/513 1744/2064/512
f 1811/2069/530 1809/2065/530 1745/2066/547 1747/2070/548
f 1810/2067/528 1812/2071/528 1748/2072/514 1746/2068/513
f 1813/2073/530 1811/2069/530 1747/2070/548 1749/2074/549
f 1812/2071/528 1814/2075/528 1750/2076/515 1748/2072/514
f 1815/2077/530 1813/2073/530 1749/2074/549 1751/2078/550
f 1814/2075/528 1816/2079/528 1752/2080/516 1750/2076/515
f 1817/2081/530 1815/2077/530 1751/2078/550 1753/2082/551
f 1816/2079/528 1818/2083/528 1754/2084/517 1752/2080/516
f 1819/2085/530 1817/2081/530 1753/2082/551 1755/2086/552
f 1818/2083/528 1820/2087/528 1756/2088/518 1754/2084/517
f 1821/2089/530 1819/2085/530 1755/2086/552 1757/2090/553
f 1820/2087/528 1822/2091/528 1758/2092/519 1756/2088/518
f 1823/2093/530 1821/2089/530 1757/2090/553 1759/2094/554
f 1822/2091/528 1824/2095/528 1760/2096/520 1758/2092/519
f 1825/2097/530 1823/2093/530 1759/2094/554 1761/2098/555
f 1824/2095/528 1826/2099/528 1762/2100/521 1760/2096/520
f 1827/2101/530 1825/2097/530 1761/2098/555 1763/2102/556
f 1826/2099/528 1828/2103/528 1764/2104/522 1762/2100/521
f 1829/2105/530 1827/2101/530 1763/2102/556 1765/2106/557
f 1828/2103/528 1830/2107/528 1766/2108/523 1764/2104/522
f 1831/2109/530 1829/2105/530 1765/2106/557 1767/2110/558
f 1830/2107/528 1832/2111/528 1768/2112/524 1766/2108/523
f 1833/2113/530 1831/2109/530 1767/2110/558 1769/2114/559
f 1832/2111/528 1834/2115/528 1770/2116/525 1768/2112/524
f 1835/2117/530 1833/2113/530 1769/2114/559 1771/2118/560
f 1834/2115/528 1836/2119/528 1772/2120/526 1770/2116/525
f 1837/2121/530 1835/2117/530 1771/2118/560 1773/2122/561
f 1836/2119/528 1838/2123/528 1774/2124/527 1772/2120/526
f 1839/2125/530 1837/2121/530 1773/2122/561 1775/2126/562
f 1838/2123/528 1840/2127/528 1776/2128/529 1774/2124/527
f 1841/2129/530 1839/2125/530 1775/2126/562 1777/2130/531
f 1840/2127/528 1842/2131/528 1778/2132/497 1776/2128/529
f 1843/2133/530 1841/2129/530 1777/2130/531 1779/2134/532
f 1842/2131/528 1844/2135/528 1780/2136/498 1778/2132/497
f 1845/2137/530 1843/2133/530 1779/2134/532 1781/2138/533
f 1844/2135/528 1846/2139/528 1782/2140/499 1780/2136/498
f 1847/2141/530 1845/2137/530 1781/2138/533 1783/2142/534
f 1846/2139/528 1848/2143/528 1784/2144/500 1782/2140/499
f 1849/2145/530 1847/2141/530 1783/2142/534 1785/2146/535
f 1848/2143/528 1850/2147/528 1786/2148/501 1784/2144/500
f 1851/2149/530 1849/2145/530 1785/2146/535 1787/2150/536
f 1850/2147/528 1852/2151/528 1788/2152/502 1786/2148/501
f 1853/2153/530 1851/2149/530 1787/2150/536 1789/2154/537
f 1852/2151/528 1854/2155/528 1790/2156/503 1788/2152/502
f 1855/2157/530 1853/2153/530 1789/2154/537 1791/2158/538
f 1854/2155/528 1856/2159/528 1792/2160/504 1790/2156/503
f 1793/2034/530 1855/2157/530 1791/2158/538 1729/2035/539
f 1856/2159/528 1796/2037/528 1732/2040/505 1792/2160/504
f 1667/2002/530 1665/2001/530 1793/2034/530 1794/2033/530
f 1666/1966/528 1668/1965/528 1795/2038/528 1796/2037/528
f 1669/2003/530 1667/2002/530 1794/2033/530 1797/2041/530
f 1668/1965/528 1670/1996/528 1798/2043/528 1795/2038/528
f 1671/2004/530 1669/2003/530 1797/2041/530 1799/2045/530
f 1670/1996/528 1672/1995/528 1800/2047/528 1798/2043/528
f 1673/2005/530 1671/2004/530 1799/2045/530 1801/2049/530
f 1672/1995/528 1674/1994/528 1802/2051/528 1800/2047/528
f 1675/2006/530 1673/2005/530 1801/2049/530 1803/2053/530
f 1674/1994/528 1676/1993/528 1804/2055/528 1802/2051/528
f 1677/2007/530 1675/2006/530 1803/2053/530 1805/2057/530
f 1676/1993/528 1678/1992/528 1806/2059/528 1804/2055/528
f 1679/2008/530 1677/2007/530 1805/2057/530 1807/2061/530
f 1678/1992/528 1680/1991/528 1808/2063/528 1806/2059/528
f 1681/2009/530 1679/2008/530 1807/2061/530 1809/2065/530
f 1680/1991/528 1682/1990/528 1810/2067/528 1808/2063/528
f 1683/2010/530 1681/2009/530 1809/2065/530 1811/2069/530
f 1682/1990/528 1684/1989/528 1812/2071/528 1810/2067/528
f 1685/2011/530 1683/2010/530 1811/2069/530 1813/2073/530
f 1684/1989/528 1686/1988/528 1814/2075/528 1812/2071/528
f 1687/2012/530 1685/2011/530 1813/2073/530 1815/2077/530
f 1686/1988/528 1688/1987/528 1816/2079/528 1814/2075/528
f 1689/2013/530 1687/2012/530 1815/2077/530 1817/2081/530
f 1688/1987/528 1690/1986/528 1818/2083/528 1816/2079/528
f 1691/2014/530 1689/2013/530 1817/2081/530 1819/2085/530
f 1690/1986/528 1692/1985/528 1820/2087/528 1818/2083/528
f 1693/2015/530 1691/2014/530 1819/2085/530 1821/2089/530
f 1692/1985/528 1694/1984/528 1822/2091/528 1820/2087/528
f 1695/2016/530 1693/2015/530 1821/2089/530 1823/2093/530
f 1694/1984/528 1696/1983/528 1824/2095/528 1822/2091/528
f 1697/2017/530 1695/2016/530 1823/2093/530 1825/2097/530
f 1696/1983/528 1698/1982/528 1826/2099/528 1824/2095/528
f 1699/2018/530 1697/2017/530 1825/2097/530 1827/2101/530
f 1698/1982/528 1700/1981/528 1828/2103/528 1826/2099/528
f 1701/2019/530 1699/2018/530 1827/2101/530 1829/2105/530
f 1700/1981/528 1702/1980/528 1830/2107/528 1828/2103/528
f 1703/2020/530 1701/2019/530 1829/2105/530 1831/2109/530
f 1702/1980/528 1704/1979/528 1832/2111/528 1830/2107/528
f 1705/2021/530 1703/2020/530 1831/2109/530 1833/2113/530
f 1704/1979/528 1706/1978/528 1834/2115/528 1832/2111/528
f 1707/2022/530 1705/2021/530 1833/2113/530 1835/2117/530
f 1706/1978/528 1708/1977/528 1836/2119/528 1834/2115/528
f 1709/2023/530 1707/2022/530 1835/2117/530 1837/2121/530
f 1708/1977/528 1710/1976/528 1838/2123/528 1836/2119/528
f 1711/2024/530 1709/2023/530 1837/2121/530 1839/2125/530
f 1710/1976/528 1712/1975/528 1840/2127/528 1838/2123/528
f 1713/2025/530 1711/2024/530 1839/2125/530 1841/2129/530
f 1712/1975/528 1714/1974/528 1842/2131/528 1840/2127/528
f 1715/2026/530 1713/2025/530 1841/2129/530 1843/2133/530
f 1714/1974/528 1716/1973/528 1844/2135/528 1842/2131/528
f 1717/2027/530 1715/2026/530 1843/2133/530 1845/2137/530
f 1716/1973/528 1718/1972/528 1846/2139/528 1844/2135/528
f 1719/2028/530 1717/2027/530 1845/2137/530 1847/2141/530
f 1718/1972/528 1720/1971/528 1848/2143/528 1846/2139/528
f 1721/2029/530 1719/2028/530 1847/2141/530 1849/2145/530
f 1720/1971/528 1722/1970/528 1850/2147/528 1848/2143/528
f 1723/2030/530 1721/2029/530 1849/2145/530 1851/2149/530
f 1722/1970/528 1724/1969/528 1852/2151/528 1850/2147/528
f 1725/2031/530 1723/2030/530 1851/2149/530 1853/2153/530
f 1724/1969/528 1726/1968/528 1854/2155/528 1852/2151/528
f 1727/2032/530 1725/2031/530 1853/2153/530 1855/2157/530
f 1726/1968/528 1728/1967/528 1856/2159/528 1854/2155/528
f 1665/2001/530 1727/2032/530 1855/2157/530 1793/2034/530
f 1728/1967/528 1666/1966/528 1796/2037/528 1856/2159/528
f 1791/2161/538 1984/2162/121 1857/2163/137 1729/2164/539
f 1984/2162/121 1983/2165/121 1858/2166/137 1857/2163/137
f 1983/2165/121 1982/2167/121 1859/2168/137 1858/2166/137
f 1982/2167/121 1981/2000/121 1860/1903/137 1859/2168/137
f 1789/2169/537 1980/2170/105 1984/2162/121 1791/2161/538
f 1980/2170/105 1979/2171/105 1983/2165/121 1984/2162/121
f 1979/2171/105 1978/2172/105 1982/2167/121 1983/2165/121
f 1978/2172/105 1977/1997/105 1981/2000/121 1982/2167/121
f 1787/2173/536 1976/2174/89 1980/2175/105 1789/2176/537
f 1976/2174/89 1975/2177/89 1979/2178/105 1980/2175/105
f 1975/2177/89 1974/2179/89 1978/2180/105 1979/2178/105
f 1974/2179/89 1973/1962/89 1977/1964/105 1978/2180/105
f 1785/2181/535 1972/2182/73 1976/2174/89 1787/2173/536
f 1972/2182/73 1971/2183/73 1975/2177/89 1976/2174/89
f 1971/2183/73 1970/2184/73 1974/2179/89 1975/2177/89
f 1970/2184/73 1969/1960/73 1973/1962/89 1974/2179/89
f 1783/2185/534 1968/2186/57 1972/2182/73 1785/2181/535
f 1968/2186/57 1967/2187/57 1971/2183/73 1972/2182/73
f 1967/2187/57 1966/2188/57 1970/2184/73 1971/2183/73
f 1966/2188/57 1965/1958/57 1969/1960/73 1970/2184/73
f 1781/2189/533 1964/2190/41 1968/2186/57 1783/2185/534
f 1964/2190/41 1963/2191/41 1967/2187/57 1968/2186/57
f 1963/2191/41 1962/2192/41 1966/2188/57 1967/2187/57
f 1962/2192/41 1961/1956/41 1965/1958/57 1966/2188/57
f 1779/2193/532 1960/2194/18 1964/2190/41 1781/2189/533
f 1960/2194/18 1959/2195/18 1963/2191/41 1964/2190/41
f 1959/2195/18 1958/2196/18 1962/2192/41 1963/2191/41
f 1958/2196/18 1957/1954/18 1961/1956/41 1962/2192/41
f 1777/2197/531 1956/2198/17 1960/2194/18 1779/2193/532
f 1956/2198/17 1955/2199/17 1959/2195/18 1960/2194/18
f 1955/2199/17 1954/2200/17 1958/2196/18 1959/2195/18
f 1954/2200/17 1953/1952/17 1957/1954/18 1958/2196/18
f 1775/2201/562 1952/2202/242 1956/2198/17 1777/2197/531
f 1952/2202/242 1951/2203/242 1955/2199/17 1956/2198/17
f 1951/2203/242 1950/2204/242 1954/2200/17 1955/2199/17
f 1950/2204/242 1949/1950/242 1953/1952/17 1954/2200/17
f 1773/2205/561 1948/2206/226 1952/2202/242 1775/2201/562
f 1948/2206/226 1947/2207/226 1951/2203/242 1952/2202/242
f 1947/2207/226 1946/2208/226 1950/2204/242 1951/2203/242
f 1946/2208/226 1945/1948/226 1949/1950/242 1950/2204/242
f 1771/2209/560 1944/2210/210 1948/2206/226 1773/2205/561
f 1944/2210/210 1943/2211/210 1947/2207/226 1948/2206/226
f 1943/2211/210 1942/2212/210 1946/2208/226 1947/2207/226
f 1942/2212/210 1941/1946/210 1945/1948/226 1946/2208/226
f 1769/2213/559 1940/2214/194 1944/2210/210 1771/2209/560
f 1940/2214/194 1939/2215/194 1943/2211/210 1944/2210/210
f 1939/2215/194 1938/2216/194 1942/2212/210 1943/2211/210
f 1938/2216/194 1937/1944/194 1941/1946/210 1942/2212/210
f 1767/2217/558 1936/2218/178 1940/2214/194 1769/2213/559
f 1936/2218/178 1935/2219/178 1939/2215/194 1940/2214/194
f 1935/2219/178 1934/2220/178 1938/2216/194 1939/2215/194
f 1934/2220/178 1933/1942/178 1937/1944/194 1938/2216/194
f 1765/2221/557 1932/2222/162 1936/2218/178 1767/2217/558
f 1932/2222/162 1931/2223/162 1935/2219/178 1936/2218/178
f 1931/2223/162 1930/2224/162 1934/2220/178 1935/2219/178
f 1930/2224/162 1929/1940/162 1933/1942/178 1934/2220/178
f 1763/2225/556 1928/2226/146 1932/2222/162 1765/2221/557
f 1928/2226/146 1927/2227/146 1931/2223/162 1932/2222/162
f 1927/2227/146 1926/2228/146 1930/2224/162 1931/2223/162
f 1926/2228/146 1925/1938/146 1929/1940/162 1930/2224/162
f 1761/2229/555 1924/2230/130 1928/2226/146 1763/2225/556
f 1924/2230/130 1923/2231/130 1927/2227/146 1928/2226/146
f 1923/2231/130 1922/2232/130 1926/2228/146 1927/2227/146
f 1922/2232/130 1921/1936/130 1925/1938/146 1926/2228/146
f 1759/2233/554 1920/2234/114 1924/2230/130 1761/2229/555
f 1920/2234/114 1919/2235/114 1923/2231/130 1924/2230/130
f 1919/2235/114 1918/2236/114 1922/2232/130 1923/2231/130
f 1918/2236/114 1917/1934/114 1921/1936/130 1922/2232/130
f 1757/2237/553 1916/2238/98 1920/2234/114 1759/2233/554
f 1916/2238/98 1915/2239/98 1919/2235/114 1920/2234/114
f 1915/2239/98 1914/2240/98 1918/2236/114 1919/2235/114
f 1914/2240/98 1913/1932/98 1917/1934/114 1918/2236/114
f 1755/2241/552 1912/2242/82 1916/2238/98 1757/2237/553
f 1912/2242/82 1911/2243/82 1915/2239/98 1916/2238/98
f 1911/2243/82 1910/2244/82 1914/2240/98 1915/2239/98
f 1910/2244/82 1909/1930/82 1913/1932/98 1914/2240/98
f 1753/2245/551 1908/2246/66 1912/2242/82 1755/2241/552
f 1908/2246/66 1907/2247/66 1911/2243/82 1912/2242/82
f 1907/2247/66 1906/2248/66 1910/2244/82 1911/2243/82
f 1906/2248/66 1905/1928/66 1909/1930/82 1910/2244/82
f 1751/2249/550 1904/2250/50 1908/2246/66 1753/2245/551
f 1904/2250/50 1903/2251/50 1907/2247/66 1908/2246/66
f 1903/2251/50 1902/2252/50 1906/2248/66 1907/2247/66
f 1902/2252/50 1901/1926/50 1905/1928/66 1906/2248/66
f 1749/2253/549 1900/2254/34 1904/2250/50 1751/2249/550
f 1900/2254/34 1899/2255/34 1903/2251/50 1904/2250/50
f 1899/2255/34 1898/2256/34 1902/2252/50 1903/2251/50
f 1898/2256/34 1897/1924/34 1901/1926/50 1902/2252/50
f 1747/2257/548 1896/2258/3 1900/2254/34 1749/2253/549
f 1896/2258/3 1895/2259/3 1899/2255/34 1900/2254/34
f 1895/2259/3 1894/2260/3 1898/2256/34 1899/2255/34
f 1894/2260/3 1893/1922/3 1897/1924/34 1898/2256/34
f 1745/2261/547 1892/2262/4 1896/2258/3 1747/2257/548
f 1892/2262/4 1891/2263/4 1895/2259/3 1896/2258/3
f 1891/2263/4 1890/2264/4 1894/2260/3 1895/2259/3
f 1890/2264/4 1889/1920/4 1893/1922/3 1894/2260/3
f 1743/2265/546 1888/2266/249 1892/2262/4 1745/2261/547
f 1888/2266/249 1887/2267/249 1891/2263/4 1892/2262/4
f 1887/2267/249 1886/2268/249 1890/2264/4 1891/2263/4
f 1886/2268/249 1885/1918/249 1889/1920/4 1890/2264/4
f 1741/2269/545 1884/2270/233 1888/2266/249 1743/2265/546
f 1884/2270/233 1883/2271/233 1887/2267/249 1888/2266/249
f 1883/2271/233 1882/2272/233 1886/2268/249 1887/2267/249
f 1882/2272/233 1881/1916/233 1885/1918/249 1886/2268/249
f 1739/2273/544 1880/2274/217 1884/2270/233 1741/2269/545
f 1880/2274/217 1879/2275/217 1883/2271/233 1884/2270/233
f 1879/2275/217 1878/2276/217 1882/2272/233 1883/2271/233
f 1878/2276/217 1877/1914/217 1881/1916/233 1882/2272/233
f 1737/2277/543 1876/2278/201 1880/2274/217 1739/2273/544
f 1876/2278/201 1875/2279/201 1879/2275/217 1880/2274/217
f 1875/2279/201 1874/2280/201 1878/2276/217 1879/2275/217
f 1874/2280/201 1873/1912/201 1877/1914/217 1878/2276/217
f 1735/2281/542 1872/2282/185 1876/2278/201 1737/2277/543
f 1872/2282/185 1871/2283/185 1875/2279/201 1876/2278/201
f 1871/2283/185 1870/2284/185 1874/2280/201 1875/2279/201
f 1870/2284/185 1869/1910/185 1873/1912/201 1874/2280/201
f 1733/2285/541 1868/2286/169 1872/2282/185 1735/2281/542
f 1868/2286/169 1867/2287/169 1871/2283/185 1872/2282/185
f 1867/2287/169 1866/2288/169 1870/2284/185 1871/2283/185
f 1866/2288/169 1865/1908/169 1869/1910/185 1870/2284/185
f 1730/2289/540 1864/2290/153 1868/2286/169 1733/2285/541
f 1864/2290/153 1863/2291/153 1867/2287/169 1868/2286/169
f 1863/2291/153 1862/2292/153 1866/2288/169 1867/2287/169
f 1862/2292/153 1861/1906/153 1865/1908/169 1866/2288/169
f 1729/2164/539 1857/2163/137 1864/2290/153 1730/2289/540
f 1857/2163/137 1858/2166/137 1863/2291/153 1864/2290/153
f 1858/2166/137 1859/2168/137 1862/2292/153 1863/2291/153
f 1859/2168/137 1860/1903/137 1861/1906/153 1862/2292/153
f 2180/2293/4 2052/2294/513 2051/2295/514 2181/2296/3
f 2181/2296/3 2051/2295/514 2054/2297/515 2185/2298/34
f 2185/2298/34 2054/2297/515 2056/2299/516 2189/2300/50
f 2189/2300/50 2056/2299/516 2058/2301/517 2193/2302/66
f 2193/2302/66 2058/2301/517 2060/2303/518 2197/2304/82
f 2197/2304/82 2060/2303/518 2062/2305/519 2201/2306/98
f 2201/2306/98 2062/2305/519 2064/2307/520 2205/2308/114
f 2205/2308/114 2064/2307/520 2066/2309/521 2209/2310/130
f 2209/2310/130 2066/2309/521 2068/2311/522 2213/2312/146
f 2213/2312/146 2068/2311/522 2070/2313/523 2217/2314/162
f 2217/2314/162 2070/2313/523 2072/2315/524 2221/2316/178
f 2221/2316/178 2072/2315/524 2074/2317/525 2225/2318/194
f 2225/2318/194 2074/2317/525 2076/2319/526 2229/2320/210
f 2229/2320/210 2076/2319/526 2078/2321/527 2233/2322/226
f 2233/2322/226 2078/2321/527 2080/2323/529 2237/2324/242
f 2237/2324/242 2080/2323/529 2082/2325/497 2241/2326/17
f 2241/2326/17 2082/2325/497 2084/2327/498 2245/2328/18
f 2245/2328/18 2084/2327/498 2086/2329/499 2249/2330/41
f 2249/2330/41 2086/2329/499 2088/2331/500 2253/2332/57
f 2253/2332/57 2088/2331/500 2090/2333/501 2257/2334/73
f 2257/2334/73 2090/2333/501 2092/2335/502 2261/2336/89
f 2261/2336/89 2092/2335/502 2094/2337/503 2265/2338/105
f 2265/2339/105 2094/2340/503 2096/2341/504 2269/2342/121
f 2269/2342/121 2096/2341/504 2098/2343/505 2273/2344/137
f 2273/2344/137 2098/2343/505 2100/2345/506 2277/2346/153
f 2277/2346/153 2100/2345/506 2102/2347/507 2281/2348/169
f 2281/2348/169 2102/2347/507 2104/2349/508 2285/2350/185
f 2285/2350/185 2104/2349/508 2106/2351/509 2289/2352/201
f 2289/2352/201 2106/2351/509 2108/2353/510 2293/2354/217
f 2293/2354/217 2108/2353/510 2110/2355/511 2297/2356/233
f 1988/2357/528 1986/2358/528 2048/2359/528 2046/2360/528 2044/2361/528 2042/2362/528 2040/2363/528 2038/2364/528 2036/2365/528 2034/2366/528 2032/2367/528 2030/2368/528 2028/2369/528 2026/2370/528 2024/2371/528 2022/2372/528 2020/2373/528 2018/2374/528 2016/2375/528 2014/2376/528 2012/2377/528 2010/2378/528 2008/2379/528 2006/2380/528 2004/2381/528 2002/2382/528 2000/2383/528 1998/2384/528 1996/2385/528 1994/2386/528 1992/2387/528 1990/2388/528
f 2297/2356/233 2110/2355/511 2112/2389/512 2301/2390/249
f 2301/2390/249 2112/2389/512 2052/2294/513 2180/2293/4
f 1985/2391/530 1987/2392/530 1989/2393/530 1991/2394/530 1993/2395/530 1995/2396/530 1997/2397/530 1999/2398/530 2001/2399/530 2003/2400/530 2005/2401/530 2007/2402/530 2009/2403/530 2011/2404/530 2013/2405/530 2015/2406/530 2017/2407/530 2019/2408/530 2021/2409/530 2023/2410/530 2025/2411/530 2027/2412/530 2029/2413/530 2031/2414/530 2033/2415/530 2035/2416/530 2037/2417/530 2039/2418/530 2041/2419/530 2043/2420/530 2045/2421/530 2047/2422/530
f 2114/2423/530 2113/2424/530 2049/2425/547 2050/2426/548
f 2116/2427/528 2115/2428/528 2051/2429/514 2052/2430/513
f 2117/2431/530 2114/2423/530 2050/2426/548 2053/2432/549
f 2115/2428/528 2118/2433/528 2054/2434/515 2051/2429/514
f 2119/2435/530 2117/2431/530 2053/2432/549 2055/2436/550
f 2118/2433/528 2120/2437/528 2056/2438/516 2054/2434/515
f 2121/2439/530 2119/2435/530 2055/2436/550 2057/2440/551
f 2120/2437/528 2122/2441/528 2058/2442/517 2056/2438/516
f 2123/2443/530 2121/2439/530 2057/2440/551 2059/2444/552
f 2122/2441/528 2124/2445/528 2060/2446/518 2058/2442/517
f 2125/2447/530 2123/2443/530 2059/2444/552 2061/2448/553
f 2124/2445/528 2126/2449/528 2062/2450/519 2060/2446/518
f 2127/2451/530 2125/2447/530 2061/2448/553 2063/2452/554
f 2126/2449/528 2128/2453/528 2064/2454/520 2062/2450/519
f 2129/2455/530 2127/2451/530 2063/2452/554 2065/2456/555
f 2128/2453/528 2130/2457/528 2066/2458/521 2064/2454/520
f 2131/2459/530 2129/2455/530 2065/2456/555 2067/2460/556
f 2130/2457/528 2132/2461/528 2068/2462/522 2066/2458/521
f 2133/2463/530 2131/2459/530 2067/2460/556 2069/2464/557
f 2132/2461/528 2134/2465/528 2070/2466/523 2068/2462/522
f 2135/2467/530 2133/2463/530 2069/2464/557 2071/2468/558
f 2134/2465/528 2136/2469/528 2072/2470/524 2070/2466/523
f 2137/2471/530 2135/2467/530 2071/2468/558 2073/2472/559
f 2136/2469/528 2138/2473/528 2074/2474/525 2072/2470/524
f 2139/2475/530 2137/2471/530 2073/2472/559 2075/2476/560
f 2138/2473/528 2140/2477/528 2076/2478/526 2074/2474/525
f 2141/2479/530 2139/2475/530 2075/2476/560 2077/2480/561
f 2140/2477/528 2142/2481/528 2078/2482/527 2076/2478/526
f 2143/2483/530 2141/2479/530 2077/2480/561 2079/2484/562
f 2142/2481/528 2144/2485/528 2080/2486/529 2078/2482/527
f 2145/2487/530 2143/2483/530 2079/2484/562 2081/2488/531
f 2144/2485/528 2146/2489/528 2082/2490/497 2080/2486/529
f 2147/2491/530 2145/2487/530 2081/2488/531 2083/2492/532
f 2146/2489/528 2148/2493/528 2084/2494/498 2082/2490/497
f 2149/2495/530 2147/2491/530 2083/2492/532 2085/2496/533
f 2148/2493/528 2150/2497/528 2086/2498/499 2084/2494/498
f 2151/2499/530 2149/2495/530 2085/2496/533 2087/2500/534
f 2150/2497/528 2152/2501/528 2088/2502/500 2086/2498/499
f 2153/2503/530 2151/2499/530 2087/2500/534 2089/2504/535
f 2152/2501/528 2154/2505/528 2090/2506/501 2088/2502/500
f 2155/2507/530 2153/2503/530 2089/2504/535 2091/2508/536
f 2154/2505/528 2156/2509/528 2092/2510/502 2090/2506/501
f 2157/2511/530 2155/2507/530 2091/2508/536 2093/2512/537
f 2156/2509/528 2158/2513/528 2094/2514/503 2092/2510/502
f 2159/2515/530 2157/2511/530 2093/2512/537 2095/2516/538
f 2158/2513/528 2160/2517/528 2096/2518/504 2094/2514/503
f 2161/2519/530 2159/2515/530 2095/2516/538 2097/2520/539
f 2160/2517/528 2162/2521/528 2098/2522/505 2096/2518/504
f 2163/2523/530 2161/2519/530 2097/2520/539 2099/2524/540
f 2162/2521/528 2164/2525/528 2100/2526/506 2098/2522/505
f 2165/2527/530 2163/2523/530 2099/2524/540 2101/2528/541
f 2164/2525/528 2166/2529/528 2102/2530/507 2100/2526/506
f 2167/2531/530 2165/2527/530 2101/2528/541 2103/2532/542
f 2166/2529/528 2168/2533/528 2104/2534/508 2102/2530/507
f 2169/2535/530 2167/2531/530 2103/2532/542 2105/2536/543
f 2168/2533/528 2170/2537/528 2106/2538/509 2104/2534/508
f 2171/2539/530 2169/2535/530 2105/2536/543 2107/2540/544
f 2170/2537/528 2172/2541/528 2108/2542/510 2106/2538/509
f 2173/2543/530 2171/2539/530 2107/2540/544 2109/2544/545
f 2172/2541/528 2174/2545/528 2110/2546/511 2108/2542/510
f 2175/2547/530 2173/2543/530 2109/2544/545 2111/2548/546
f 2174/2545/528 2176/2549/528 2112/2550/512 2110/2546/511
f 2113/2424/530 2175/2547/530 2111/2548/546 2049/2425/547
f 2176/2549/528 2116/2427/528 2052/2430/513 2112/2550/512
f 1987/2392/530 1985/2391/530 2113/2424/530 2114/2423/530
f 1986/2358/528 1988/2357/528 2115/2428/528 2116/2427/528
f 1989/2393/530 1987/2392/530 2114/2423/530 2117/2431/530
f 1988/2357/528 1990/2388/528 2118/2433/528 2115/2428/528
f 1991/2394/530 1989/2393/530 2117/2431/530 2119/2435/530
f 1990/2388/528 1992/2387/528 2120/2437/528 2118/2433/528
f 1993/2395/530 1991/2394/530 2119/2435/530 2121/2439/530
f 1992/2387/528 1994/2386/528 2122/2441/528 2120/2437/528
f 1995/2396/530 1993/2395/530 2121/2439/530 2123/2443/530
f 1994/2386/528 1996/2385/528 2124/2445/528 2122/2441/528
f 1997/2397/530 1995/2396/530 2123/2443/530 2125/2447/530
f 1996/2385/528 1998/2384/528 2126/2449/528 2124/2445/528
f 1999/2398/530 1997/2397/530 2125/2447/530 2127/2451/530
f 1998/2384/528 2000/2383/528 2128/2453/528 2126/2449/528
f 2001/2399/530 1999/2398/530 2127/2451/530 2129/2455/530
f 2000/2383/528 2002/2382/528 2130/2457/528 2128/2453/528
f 2003/2400/530 2001/2399/530 2129/2455/530 2131/2459/530
f 2002/2382/528 2004/2381/528 2132/2461/528 2130/2457/528
f 2005/2401/530 2003/2400/530 2131/2459/530 2133/2463/530
f 2004/2381/528 2006/2380/528 2134/2465/528 2132/2461/528
f 2007/2402/530 2005/2401/530 2133/2463/530 2135/2467/530
f 2006/2380/528 2008/2379/528 2136/2469/528 2134/2465/528
f 2009/2403/530 2007/2402/530 2135/2467/530 2137/2471/530
f 2008/2379/528 2010/2378/528 2138/2473/528 2136/2469/528
f 2011/2404/530 2009/2403/530 2137/2471/530 2139/2475/530
f 2010/2378/528 2012/2377/528 2140/2477/528 2138/2473/528
f 2013/2405/530 2011/2404/530 2139/2475/530 2141/2479/530
f 2012/2377/528 2014/2376/528 2142/2481/528 2140/2477/528
f 2015/2406/530 2013/2405/530 2141/2479/530 2143/2483/530
f 2014/2376/528 2016/2375/528 2144/2485/528 2142/2481/528
f 2017/2407/530 2015/2406/530 2143/2483/530 2145/2487/530
f 2016/2375/528 2018/2374/528 2146/2489/528 2144/2485/528
f 2019/2408/530 2017/2407/530 2145/2487/530 2147/2491/530
f 2018/2374/528 2020/2373/528 2148/2493/528 2146/2489/528
f 2021/2409/530 2019/2408/530 2147/2491/530 2149/2495/530
f 2020/2373/528 2022/2372/528 2150/2497/528 2148/2493/528
f 2023/2410/530 2021/2409/530 2149/2495/530 2151/2499/530
f 2022/2372/528 2024/2371/528 2152/2501/528 2150/2497/528
f 2025/2411/530 2023/2410/530 2151/2499/530 2153/2503/530
f 2024/2371/528 2026/2370/528 2154/2505/528 2152/2501/528
f 2027/2412/530 2025/2411/530 2153/2503/530 2155/2507/530
f 2026/2370/528 2028/2369/528 2156/2509/528 2154/2505/528
f 2029/2413/530 2027/2412/530 2155/2507/530 2157/2511/530
f 2028/2369/528 2030/2368/528 2158/2513/528 2156/2509/528
f 2031/2414/530 2029/2413/530 2157/2511/530 2159/2515/530
f 2030/2368/528 2032/2367/528 2160/2517/528 2158/2513/528
f 2033/2415/530 2031/2414/530 2159/2515/530 2161/2519/530
f 2032/2367/528 2034/2366/528 2162/2521/528 2160/2517/528
f 2035/2416/530 2033/2415/530 2161/2519/530 2163/2523/530
f 2034/2366/528 2036/2365/528 2164/2525/528 2162/2521/528
f 2037/2417/530 2035/2416/530 2163/2523/530 2165/2527/530
f 2036/2365/528 2038/2364/528 2166/2529/528 2164/2525/528
f 2039/2418/530 2037/2417/530 2165/2527/530 2167/2531/530
f 2038/2364/528 2040/2363/528 2168/2533/528 2166/2529/528
f 2041/2419/530 2039/2418/530 2167/2531/530 2169/2535/530
f 2040/2363/528 2042/2362/528 2170/2537/528 2168/2533/528
f 2043/2420/530 2041/2419/530 2169/2535/530 2171/2539/530
f 2042/2362/528 2044/2361/528 2172/2541/528 2170/2537/528
f 2045/2421/530 2043/2420/530 2171/2539/530 2173/2543/530
f 2044/2361/528 2046/2360/528 2174/2545/528 2172/2541/528
f 2047/2422/530 2045/2421/530 2173/2543/530 2175/2547/530
f 2046/2360/528 2048/2359/528 2176/2549/528 2174/2545/528
f 1985/2391/530 2047/2422/530 2175/2547/530 2113/2424/530
f 2048/2359/528 1986/2358/528 2116/2427/528 2176/2549/528
f 2111/2551/546 2304/2552/249 2177/2553/4 2049/2554/547
f 2304/2552/249 2303/2555/249 2178/2556/4 2177/2553/4
f 2303/2555/249 2302/2557/249 2179/2558/4 2178/2556/4
f 2302/2557/249 2301/2390/249 2180/2293/4 2179/2558/4
f 2109/2559/545 2300/2560/233 2304/2552/249 2111/2551/546
f 2300/2560/233 2299/2561/233 2303/2555/249 2304/2552/249
f 2299/2561/233 2298/2562/233 2302/2557/249 2303/2555/249
f 2298/2562/233 2297/2356/233 2301/2390/249 2302/2557/249
f 2107/2563/544 2296/2564/217 2300/2560/233 2109/2559/545
f 2296/2564/217 2295/2565/217 2299/2561/233 2300/2560/233
f 2295/2565/217 2294/2566/217 2298/2562/233 2299/2561/233
f 2294/2566/217 2293/2354/217 2297/2356/233 2298/2562/233
f 2105/2567/543 2292/2568/201 2296/2564/217 2107/2563/544
f 2292/2568/201 2291/2569/201 2295/2565/217 2296/2564/217
f 2291/2569/201 2290/2570/201 2294/2566/217 2295/2565/217
f 2290/2570/201 2289/2352/201 2293/2354/217 2294/2566/217
f 2103/2571/542 2288/2572/185 2292/2568/201 2105/2567/543
f 2288/2572/185 2287/2573/185 2291/2569/201 2292/2568/201
f 2287/2573/185 2286/2574/185 2290/2570/201 2291/2569/201
f 2286/2574/185 2285/2350/185 2289/2352/201 2290/2570/201
f 2101/2575/541 2284/2576/169 2288/2572/185 2103/2571/542
f 2284/2576/169 2283/2577/169 2287/2573/185 2288/2572/185
f 2283/2577/169 2282/2578/169 2286/2574/185 2287/2573/185
f 2282/2578/169 2281/2348/169 2285/2350/185 2286/2574/185
f 2099/2579/540 2280/2580/153 2284/2576/169 2101/2575/541
f 2280/2580/153 2279/2581/153 2283/2577/169 2284/2576/169
f 2279/2581/153 2278/2582/153 2282/2578/169 2283/2577/169
f 2278/2582/153 2277/2346/153 2281/2348/169 2282/2578/169
f 2097/2583/539 2276/2584/137 2280/2580/153 2099/2579/540
f 2276/2584/137 2275/2585/137 2279/2581/153 2280/2580/153
f 2275/2585/137 2274/2586/137 2278/2582/153 2279/2581/153
f 2274/2586/137 2273/2344/137 2277/2346/153 2278/2582/153
f 2095/2587/538 2272/2588/121 2276/2584/137 2097/2583/539
f 2272/2588/121 2271/2589/121 2275/2585/137 2276/2584/137
f 2271/2589/121 2270/2590/121 2274/2586/137 2275/2585/137
f 2270/2590/121 2269/2342/121 2273/2344/137 2274/2586/137
f 2093/2591/537 2268/2592/105 2272/2588/121 2095/2587/538
f 2268/2592/105 2267/2593/105 2271/2589/121 2272/2588/121
f 2267/2593/105 2266/2594/105 2270/2590/121 2271/2589/121
f 2266/2594/105 2265/2339/105 2269/2342/121 2270/2590/121
f 2091/2595/536 2264/2596/89 2268/2597/105 2093/2598/537
f 2264/2596/89 2263/2599/89 2267/2600/105 2268/2597/105
f 2263/2599/89 2262/2601/89 2266/2602/105 2267/2600/105
f 2262/2601/89 2261/2336/89 2265/2338/105 2266/2602/105
f 2089/2603/535 2260/2604/73 2264/2596/89 2091/2595/536
f 2260/2604/73 2259/2605/73 2263/2599/89 2264/2596/89
f 2259/2605/73 2258/2606/73 2262/2601/89 2263/2599/89
f 2258/2606/73 2257/2334/73 2261/2336/89 2262/2601/89
f 2087/2607/534 2256/2608/57 2260/2604/73 2089/2603/535
f 2256/2608/57 2255/2609/57 2259/2605/73 2260/2604/73
f 2255/2609/57 2254/2610/57 2258/2606/73 2259/2605/73
f 2254/2610/57 2253/2332/57 2257/2334/73 2258/2606/73
f 2085/2611/533 2252/2612/41 2256/2608/57 2087/2607/534
f 2252/2612/41 2251/2613/41 2255/2609/57 2256/2608/57
f 2251/2613/41 2250/2614/41 2254/2610/57 2255/2609/57
f 2250/2614/41 2249/2330/41 2253/2332/57 2254/2610/57
f 2083/2615/532 2248/2616/18 2252/2612/41 2085/2611/533
f 2248/2616/18 2247/2617/18 2251/2613/41 2252/2612/41
f 2247/2617/18 2246/2618/18 2250/2614/41 2251/2613/41
f 2246/2618/18 2245/2328/18 2249/2330/41 2250/2614/41
f 2081/2619/531 2244/2620/17 2248/2616/18 2083/2615/532
f 2244/2620/17 2243/2621/17 2247/2617/18 2248/2616/18
f 2243/2621/17 2242/2622/17 2246/2618/18 2247/2617/18
f 2242/2622/17 2241/2326/17 2245/2328/18 2246/2618/18
f 2079/2623/562 2240/2624/242 2244/2620/17 2081/2619/531
f 2240/2624/242 2239/2625/242 2243/2621/17 2244/2620/17
f 2239/2625/242 2238/2626/242 2242/2622/17 2243/2621/17
f 2238/2626/242 2237/2324/242 2241/2326/17 2242/2622/17
f 2077/2627/561 2236/2628/226 2240/2624/242 2079/2623/562
f 2236/2628/226 2235/2629/226 2239/2625/242 2240/2624/242
f 2235/2629/226 2234/2630/226 2238/2626/242 2239/2625/242
f 2234/2630/226 2233/2322/226 2237/2324/242 2238/2626/242
f 2075/2631/560 2232/2632/210 2236/2628/226 2077/2627/561
f 2232/2632/210 2231/2633/210 2235/2629/226 2236/2628/226
f 2231/2633/210 2230/2634/210 2234/2630/226 2235/2629/226
f 2230/2634/210 2229/2320/210 2233/2322/226 2234/2630/226
f 2073/2635/559 2228/2636/194 2232/2632/210 2075/2631/560
f 2228/2636/194 2227/2637/194 2231/2633/210 2232/2632/210
f 2227/2637/194 2226/2638/194 2230/2634/210 2231/2633/210
f 2226/2638/194 2225/2318/194 2229/2320/210 2230/2634/210
f 2071/2639/558 2224/2640/178 2228/2636/194 2073/2635/559
f 2224/2640/178 2223/2641/178 2227/2637/194 2228/2636/194
f 2223/2641/178 2222/2642/178 2226/2638/194 2227/2637/194
f 2222/2642/178 2221/2316/178 2225/2318/194 2226/2638/194
f 2069/2643/557 2220/2644/162 2224/2640/178 2071/2639/558
f 2220/2644/162 2219/2645/162 2223/2641/178 2224/2640/178
f 2219/2645/162 2218/2646/162 2222/2642/178 2223/2641/178
f 2218/2646/162 2217/2314/162 2221/2316/178 2222/2642/178
f 2067/2647/556 2216/2648/146 2220/2644/162 2069/2643/557
f 2216/2648/146 2215/2649/146 2219/2645/162 2220/2644/162
f 2215/2649/146 2214/2650/146 2218/2646/162 2219/2645/162
f 2214/2650/146 2213/2312/146 2217/2314/162 2218/2646/162
f 2065/2651/555 2212/2652/130 2216/2648/146 2067/2647/556
f 2212/2652/130 2211/2653/130 2215/2649/146 2216/2648/146
f 2211/2653/130 2210/2654/130 2214/2650/146 2215/2649/146
f 2210/2654/130 2209/2310/130 2213/2312/146 2214/2650/146
f 2063/2655/554 2208/2656/114 2212/2652/130 2065/2651/555
f 2208/2656/114 2207/2657/114 2211/2653/130 2212/2652/130
f 2207/2657/114 2206/2658/114 2210/2654/130 2211/2653/130
f 2206/2658/114 2205/2308/114 2209/2310/130 2210/2654/130
f 2061/2659/553 2204/2660/98 2208/2656/114 2063/2655/554
f 2204/2660/98 2203/2661/98 2207/2657/114 2208/2656/114
f 2203/2661/98 2202/2662/98 2206/2658/114 2207/2657/114
f 2202/2662/98 2201/2306/98 2205/2308/114 2206/2658/114
f 2059/2663/552 2200/2664/82 2204/2660/98 2061/2659/553
f 2200/2664/82 2199/2665/82 2203/2661/98 2204/2660/98
f 2199/2665/82 2198/2666/82 2202/2662/98 2203/2661/98
f 2198/2666/82 2197/2304/82 2201/2306/98 2202/2662/98
f 2057/2667/551 2196/2668/66 2200/2664/82 2059/2663/552
f 2196/2668/66 2195/2669/66 2199/2665/82 2200/2664/82
f 2195/2669/66 2194/2670/66 2198/2666/82 2199/2665/82
f 2194/2670/66 2193/2302/66 2197/2304/82 2198/2666/82
f 2055/2671/550 2192/2672/50 2196/2668/66 2057/2667/551
f 2192/2672/50 2191/2673/50 2195/2669/66 2196/2668/66
f 2191/2673/50 2190/2674/50 2194/2670/66 2195/2669/66
f 2190/2674/50 2189/2300/50 2193/2302/66 2194/2670/66
f 2053/2675/549 2188/2676/34 2192/2672/50 2055/2671/550
f 2188/2676/34 2187/2677/34 2191/2673/50 2192/2672/50
f 2187/2677/34 2186/2678/34 2190/2674/50 2191/2673/50
f 2186/2678/34 2185/2298/34 2189/2300/50 2190/2674/50
f 2050/2679/548 2184/2680/3 2188/2676/34 2053/2675/549
f 2184/2680/3 2183/2681/3 2187/2677/34 2188/2676/34
f 2183/2681/3 2182/2682/3 2186/2678/34 2187/2677/34
f 2182/2682/3 2181/2296/3 2185/2298/34 2186/2678/34
f 2049/2554/547 2177/2553/4 2184/2680/3 2050/2679/548
f 2177/2553/4 2178/2556/4 2183/2681/3 2184/2680/3
f 2178/2556/4 2179/2558/4 2182/2682/3 2183/2681/3
f 2179/2558/4 2180/2293/4 2181/2296/3 2182/2682/3
f 2433/2683/497 2434/2684/498 2429/2685/18 2432/2686/17
f 2432/2686/17 2429/2685/18 2430/2687/18 2431/2688/17
f 2429/2685/18 2427/2689/41 2428/2690/41 2430/2687/18
f 2427/2689/41 2425/2691/57 2426/2692/57 2428/2690/41
f 2425/2691/57 2423/2693/73 2424/2694/73 2426/2692/57
f 2423/2693/73 2421/2695/89 2422/2696/89 2424/2694/73
f 2421/2695/89 2419/2697/105 2420/2698/105 2422/2696/89
f 2419/2697/105 2417/2699/121 2418/2700/121 2420/2698/105
f 2417/2699/121 2415/2701/137 2416/2702/137 2418/2700/121
f 2415/2701/137 2413/2703/153 2414/2704/153 2416/2702/137
f 2413/2703/153 2411/2705/169 2412/2706/169 2414/2704/153
f 2411/2705/169 2409/2707/185 2410/2708/185 2412/2706/169
f 2409/2707/185 2407/2709/201 2408/2710/201 2410/2708/185
f 2407/2711/201 2405/2712/217 2406/2713/217 2408/2714/201
f 2405/2712/217 2403/2715/233 2404/2716/233 2406/2713/217
f 2403/2715/233 2401/2717/249 2402/2718/249 2404/2716/233
f 2401/2717/249 2399/2719/4 2400/2720/4 2402/2718/249
f 2399/2719/4 2397/2721/3 2398/2722/3 2400/2720/4
f 2397/2721/3 2395/2723/34 2396/2724/34 2398/2722/3
f 2395/2723/34 2393/2725/50 2394/2726/50 2396/2724/34
f 2393/2725/50 2391/2727/66 2392/2728/66 2394/2726/50
f 2391/2727/66 2389/2729/82 2390/2730/82 2392/2728/66
f 2389/2729/82 2387/2731/98 2388/2732/98 2390/2730/82
f 2387/2731/98 2385/2733/114 2386/2734/114 2388/2732/98
f 2385/2733/114 2383/2735/130 2384/2736/130 2386/2734/114
f 2383/2735/130 2381/2737/146 2382/2738/146 2384/2736/130
f 2381/2737/146 2379/2739/162 2380/2740/162 2382/2738/146
f 2379/2739/162 2377/2741/178 2378/2742/178 2380/2740/162
f 2377/2741/178 2375/2743/194 2376/2744/194 2378/2742/178
f 2375/2743/194 2373/2745/210 2374/2746/210 2376/2744/194
f 2308/2747/530 2310/2748/530 2312/2749/530 2314/2750/530 2316/2751/530 2318/2752/530 2320/2753/530 2322/2754/530 2324/2755/530 2326/2756/530 2328/2757/530 2330/2758/530 2332/2759/530 2334/2760/530 2336/2761/530 2338/2762/530 2340/2763/530 2342/2764/530 2344/2765/530 2346/2766/530 2348/2767/530 2350/2768/530 2352/2769/530 2354/2770/530 2356/2771/530 2358/2772/530 2360/2773/530 2362/2774/530 2364/2775/530 2366/2776/530 2368/2777/530 2306/2778/530
f 2373/2745/210 2371/2779/226 2372/2780/226 2374/2746/210
f 2371/2779/226 2369/2781/242 2370/2782/242 2372/2780/226
f 2305/2783/528 2367/2784/528 2365/2785/528 2363/2786/528 2361/2787/528 2359/2788/528 2357/2789/528 2355/2790/528 2353/2791/528 2351/2792/528 2349/2793/528 2347/2794/528 2345/2795/528 2343/2796/528 2341/2797/528 2339/2798/528 2337/2799/528 2335/2800/528 2333/2801/528 2331/2802/528 2329/2803/528 2327/2804/528 2325/2805/528 2323/2806/528 2321/2807/528 2319/2808/528 2317/2809/528 2315/2810/528 2313/2811/528 2311/2812/528 2309/2813/528 2307/2814/528
f 2370/2782/242 2431/2688/17 2436/2815/531 2496/2816/562
f 2372/2780/226 2370/2782/242 2496/2816/562 2494/2817/561
f 2495/2818/529 2433/2683/497 2432/2686/17 2369/2781/242
f 2374/2746/210 2372/2780/226 2494/2817/561 2492/2819/560
f 2493/2820/527 2495/2818/529 2369/2781/242 2371/2779/226
f 2376/2744/194 2374/2746/210 2492/2819/560 2490/2821/559
f 2491/2822/526 2493/2820/527 2371/2779/226 2373/2745/210
f 2378/2742/178 2376/2744/194 2490/2821/559 2488/2823/558
f 2489/2824/525 2491/2822/526 2373/2745/210 2375/2743/194
f 2380/2740/162 2378/2742/178 2488/2823/558 2486/2825/557
f 2487/2826/524 2489/2824/525 2375/2743/194 2377/2741/178
f 2382/2738/146 2380/2740/162 2486/2825/557 2484/2827/556
f 2485/2828/523 2487/2826/524 2377/2741/178 2379/2739/162
f 2384/2736/130 2382/2738/146 2484/2827/556 2482/2829/555
f 2483/2830/522 2485/2828/523 2379/2739/162 2381/2737/146
f 2386/2734/114 2384/2736/130 2482/2829/555 2480/2831/554
f 2481/2832/521 2483/2830/522 2381/2737/146 2383/2735/130
f 2388/2732/98 2386/2734/114 2480/2831/554 2478/2833/553
f 2479/2834/520 2481/2832/521 2383/2735/130 2385/2733/114
f 2390/2730/82 2388/2732/98 2478/2833/553 2476/2835/552
f 2477/2836/519 2479/2834/520 2385/2733/114 2387/2731/98
f 2392/2728/66 2390/2730/82 2476/2835/552 2474/2837/551
f 2475/2838/518 2477/2836/519 2387/2731/98 2389/2729/82
f 2394/2726/50 2392/2728/66 2474/2837/551 2472/2839/550
f 2473/2840/517 2475/2838/518 2389/2729/82 2391/2727/66
f 2396/2724/34 2394/2726/50 2472/2839/550 2470/2841/549
f 2471/2842/516 2473/2840/517 2391/2727/66 2393/2725/50
f 2398/2722/3 2396/2724/34 2470/2841/549 2468/2843/548
f 2469/2844/515 2471/2842/516 2393/2725/50 2395/2723/34
f 2400/2720/4 2398/2722/3 2468/2843/548 2466/2845/547
f 2467/2846/514 2469/2844/515 2395/2723/34 2397/2721/3
f 2402/2718/249 2400/2720/4 2466/2845/547 2464/2847/546
f 2465/2848/513 2467/2846/514 2397/2721/3 2399/2719/4
f 2404/2716/233 2402/2718/249 2464/2847/546 2462/2849/545
f 2463/2850/512 2465/2848/513 2399/2719/4 2401/2717/249
f 2406/2713/217 2404/2716/233 2462/2849/545 2460/2851/544
f 2461/2852/511 2463/2850/512 2401/2717/249 2403/2715/233
f 2408/2714/201 2406/2713/217 2460/2851/544 2458/2853/543
f 2459/2854/510 2461/2852/511 2403/2715/233 2405/2712/217
f 2410/2708/185 2408/2710/201 2458/2855/543 2456/2856/542
f 2457/2857/509 2459/2854/510 2405/2712/217 2407/2711/201
f 2412/2706/169 2410/2708/185 2456/2856/542 2454/2858/541
f 2455/2859/508 2457/2860/509 2407/2709/201 2409/2707/185
f 2414/2704/153 2412/2706/169 2454/2858/541 2452/2861/540
f 2453/2862/507 2455/2859/508 2409/2707/185 2411/2705/169
f 2416/2702/137 2414/2704/153 2452/2861/540 2450/2863/539
f 2451/2864/506 2453/2862/507 2411/2705/169 2413/2703/153
f 2418/2700/121 2416/2702/137 2450/2863/539 2448/2865/538
f 2449/2866/505 2451/2864/506 2413/2703/153 2415/2701/137
f 2420/2698/105 2418/2700/121 2448/2865/538 2446/2867/537
f 2447/2868/504 2449/2866/505 2415/2701/137 2417/2699/121
f 2422/2696/89 2420/2698/105 2446/2867/537 2444/2869/536
f 2445/2870/503 2447/2868/504 2417/2699/121 2419/2697/105
f 2424/2694/73 2422/2696/89 2444/2869/536 2442/2871/535
f 2443/2872/502 2445/2870/503 2419/2697/105 2421/2695/89
f 2426/2692/57 2424/2694/73 2442/2871/535 2440/2873/534
f 2441/2874/501 2443/2872/502 2421/2695/89 2423/2693/73
f 2428/2690/41 2426/2692/57 2440/2873/534 2438/2875/533
f 2439/2876/500 2441/2874/501 2423/2693/73 2425/2691/57
f 2430/2687/18 2428/2690/41 2438/2875/533 2435/2877/532
f 2437/2878/499 2439/2876/500 2425/2691/57 2427/2689/41
f 2431/2688/17 2430/2687/18 2435/2877/532 2436/2815/531
f 2434/2684/498 2437/2878/499 2427/2689/41 2429/2685/18
f 2498/2879/528 2434/2880/498 2433/2881/497 2497/2882/528
f 2500/2883/530 2436/2884/531 2435/2885/532 2499/2886/530
f 2501/2887/528 2437/2888/499 2434/2880/498 2498/2879/528
f 2499/2886/530 2435/2885/532 2438/2889/533 2502/2890/530
f 2503/2891/528 2439/2892/500 2437/2888/499 2501/2887/528
f 2502/2890/530 2438/2889/533 2440/2893/534 2504/2894/530
f 2505/2895/528 2441/2896/501 2439/2892/500 2503/2891/528
f 2504/2894/530 2440/2893/534 2442/2897/535 2506/2898/530
f 2507/2899/528 2443/2900/502 2441/2896/501 2505/2895/528
f 2506/2898/530 2442/2897/535 2444/2901/536 2508/2902/530
f 2509/2903/528 2445/2904/503 2443/2900/502 2507/2899/528
f 2508/2902/530 2444/2901/536 2446/2905/537 2510/2906/530
f 2511/2907/528 2447/2908/504 2445/2904/503 2509/2903/528
f 2510/2906/530 2446/2905/537 2448/2909/538 2512/2910/530
f 2513/2911/528 2449/2912/505 2447/2908/504 2511/2907/528
f 2512/2910/530 2448/2909/538 2450/2913/539 2514/2914/530
f 2515/2915/528 2451/2916/506 2449/2912/505 2513/2911/528
f 2514/2914/530 2450/2913/539 2452/2917/540 2516/2918/530
f 2517/2919/528 2453/2920/507 2451/2916/506 2515/2915/528
f 2516/2918/530 2452/2917/540 2454/2921/541 2518/2922/530
f 2519/2923/528 2455/2924/508 2453/2920/507 2517/2919/528
f 2518/2922/530 2454/2921/541 2456/2925/542 2520/2926/530
f 2521/2927/528 2457/2928/509 2455/2924/508 2519/2923/528
f 2520/2926/530 2456/2925/542 2458/2929/543 2522/2930/530
f 2523/2931/528 2459/2932/510 2457/2928/509 2521/2927/528
f 2522/2930/530 2458/2929/543 2460/2933/544 2524/2934/530
f 2525/2935/528 2461/2936/511 2459/2932/510 2523/2931/528
f 2524/2934/530 2460/2933/544 2462/2937/545 2526/2938/530
f 2527/2939/528 2463/2940/512 2461/2936/511 2525/2935/528
f 2526/2938/530 2462/2937/545 2464/2941/546 2528/2942/530
f 2529/2943/528 2465/2944/513 2463/2940/512 2527/2939/528
f 2528/2942/530 2464/2941/546 2466/2945/547 2530/2946/530
f 2531/2947/528 2467/2948/514 2465/2944/513 2529/2943/528
f 2530/2946/530 2466/2945/547 2468/2949/548 2532/2950/530
f 2533/2951/528 2469/2952/515 2467/2948/514 2531/2947/528
f 2532/2950/530 2468/2949/548 2470/2953/549 2534/2954/530
f 2535/2955/528 2471/2956/516 2469/2952/515 2533/2951/528
f 2534/2954/530 2470/2953/549 2472/2957/550 2536/2958/530
f 2537/2959/528 2473/2960/517 2471/2956/516 2535/2955/528
f 2536/2958/530 2472/2957/550 2474/2961/551 2538/2962/530
f 2539/2963/528 2475/2964/518 2473/2960/517 2537/2959/528
f 2538/2962/530 2474/2961/551 2476/2965/552 2540/2966/530
f 2541/2967/528 2477/2968/519 2475/2964/518 2539/2963/528
f 2540/2966/530 2476/2965/552 2478/2969/553 2542/2970/530
f 2543/2971/528 2479/2972/520 2477/2968/519 2541/2967/528
f 2542/2970/530 2478/2969/553 2480/2973/554 2544/2974/530
f 2545/2975/528 2481/2976/521 2479/2972/520 2543/2971/528
f 2544/2974/530 2480/2973/554 2482/2977/555 2546/2978/530
f 2547/2979/528 2483/2980/522 2481/2976/521 2545/2975/528
f 2546/2978/530 2482/2977/555 2484/2981/556 2548/2982/530
f 2549/2983/528 2485/2984/523 2483/2980/522 2547/2979/528
f 2548/2982/530 2484/2981/556 2486/2985/557 2550/2986/530
f 2551/2987/528 2487/2988/524 2485/2984/523 2549/2983/528
f 2550/2986/530 2486/2985/557 2488/2989/558 2552/2990/530
f 2553/2991/528 2489/2992/525 2487/2988/524 2551/2987/528
f 2552/2990/530 2488/2989/558 2490/2993/559 2554/2994/530
f 2555/2995/528 2491/2996/526 2489/2992/525 2553/2991/528
f 2554/2994/530 2490/2993/559 2492/2997/560 2556/2998/530
f 2557/2999/528 2493/3000/527 2491/2996/526 2555/2995/528
f 2556/2998/530 2492/2997/560 2494/3001/561 2558/3002/530
f 2559/3003/528 2495/3004/529 2493/3000/527 2557/2999/528
f 2558/3002/530 2494/3001/561 2496/3005/562 2560/3006/530
f 2497/2882/528 2433/2881/497 2495/3004/529 2559/3003/528
f 2560/3006/530 2496/3005/562 2436/2884/531 2500/2883/530
f 2307/2814/528 2498/2879/528 2497/2882/528 2305/2783/528
f 2306/2778/530 2500/2883/530 2499/2886/530 2308/2747/530
f 2309/2813/528 2501/2887/528 2498/2879/528 2307/2814/528
f 2308/2747/530 2499/2886/530 2502/2890/530 2310/2748/530
f 2311/2812/528 2503/2891/528 2501/2887/528 2309/2813/528
f 2310/2748/530 2502/2890/530 2504/2894/530 2312/2749/530
f 2313/2811/528 2505/2895/528 2503/2891/528 2311/2812/528
f 2312/2749/530 2504/2894/530 2506/2898/530 2314/2750/530
f 2315/2810/528 2507/2899/528 2505/2895/528 2313/2811/528
f 2314/2750/530 2506/2898/530 2508/2902/530 2316/2751/530
f 2317/2809/528 2509/2903/528 2507/2899/528 2315/2810/528
f 2316/2751/530 2508/2902/530 2510/2906/530 2318/2752/530
f 2319/2808/528 2511/2907/528 2509/2903/528 2317/2809/528
f 2318/2752/530 2510/2906/530 2512/2910/530 2320/2753/530
f 2321/2807/528 2513/2911/528 2511/2907/528 2319/2808/528
f 2320/2753/530 2512/2910/530 2514/2914/530 2322/2754/530
f 2323/2806/528 2515/2915/528 2513/2911/528 2321/2807/528
f 2322/2754/530 2514/2914/530 2516/2918/530 2324/2755/530
f 2325/2805/528 2517/2919/528 2515/2915/528 2323/2806/528
f 2324/2755/530 2516/2918/530 2518/2922/530 2326/2756/530
f 2327/2804/528 2519/2923/528 2517/2919/528 2325/2805/528
f 2326/2756/530 2518/2922/530 2520/2926/530 2328/2757/530
f 2329/2803/528 2521/2927/528 2519/2923/528 2327/2804/528
f 2328/2757/530 2520/2926/530 2522/2930/530 2330/2758/530
f 2331/2802/528 2523/2931/528 2521/2927/528 2329/2803/528
f 2330/2758/530 2522/2930/530 2524/2934/530 2332/2759/530
f 2333/2801/528 2525/2935/528 2523/2931/528 2331/2802/528
f 2332/2759/530 2524/2934/530 2526/2938/530 2334/2760/530
f 2335/2800/528 2527/2939/528 2525/2935/528 2333/2801/528
f 2334/2760/530 2526/2938/530 2528/2942/530 2336/2761/530
f 2337/2799/528 2529/2943/528 2527/2939/528 2335/2800/528
f 2336/2761/530 2528/2942/530 2530/2946/530 2338/2762/530
f 2339/2798/528 2531/2947/528 2529/2943/528 2337/2799/528
f 2338/2762/530 2530/2946/530 2532/2950/530 2340/2763/530
f 2341/2797/528 2533/2951/528 2531/2947/528 2339/2798/528
f 2340/2763/530 2532/2950/530 2534/2954/530 2342/2764/530
f 2343/2796/528 2535/2955/528 2533/2951/528 2341/2797/528
f 2342/2764/530 2534/2954/530 2536/2958/530 2344/2765/530
f 2345/2795/528 2537/2959/528 2535/2955/528 2343/2796/528
f 2344/2765/530 2536/2958/530 2538/2962/530 2346/2766/530
f 2347/2794/528 2539/2963/528 2537/2959/528 2345/2795/528
f 2346/2766/530 2538/2962/530 2540/2966/530 2348/2767/530
f 2349/2793/528 2541/2967/528 2539/2963/528 2347/2794/528
f 2348/2767/530 2540/2966/530 2542/2970/530 2350/2768/530
f 2351/2792/528 2543/2971/528 2541/2967/528 2349/2793/528
f 2350/2768/530 2542/2970/530 2544/2974/530 2352/2769/530
f 2353/2791/528 2545/2975/528 2543/2971/528 2351/2792/528
f 2352/2769/530 2544/2974/530 2546/2978/530 2354/2770/530
f 2355/2790/528 2547/2979/528 2545/2975/528 2353/2791/528
f 2354/2770/530 2546/2978/530 2548/2982/530 2356/2771/530
f 2357/2789/528 2549/2983/528 2547/2979/528 2355/2790/528
f 2356/2771/530 2548/2982/530 2550/2986/530 2358/2772/530
f 2359/2788/528 2551/2987/528 2549/2983/528 2357/2789/528
f 2358/2772/530 2550/2986/530 2552/2990/530 2360/2773/530
f 2361/2787/528 2553/2991/528 2551/2987/528 2359/2788/528
f 2360/2773/530 2552/2990/530 2554/2994/530 2362/2774/530
f 2363/2786/528 2555/2995/528 2553/2991/528 2361/2787/528
f 2362/2774/530 2554/2994/530 2556/2998/530 2364/2775/530
f 2365/2785/528 2557/2999/528 2555/2995/528 2363/2786/528
f 2364/2775/530 2556/2998/530 2558/3002/530 2366/2776/530
f 2367/2784/528 2559/3003/528 2557/2999/528 2365/2785/528
f 2366/2776/530 2558/3002/530 2560/3006/530 2368/2777/530
f 2305/2783/528 2497/2882/528 2559/3003/528 2367/2784/528
f 2368/2777/530 2560/3006/530 2500/2883/530 2306/2778/530
f 2369/2781/242 2432/2686/17 2431/2688/17 2370/2782/242
o Chair_seat
v -0.000000 0.894147 -0.097701
v -0.000000 0.884596 -0.146220
v -0.000000 0.872264 -0.172478
v 0.006667 0.899312 -0.033649
v 0.013078 0.897360 -0.066005
v 0.018987 0.894147 -0.095824
v 0.024166 0.889804 -0.121961
v 0.028416 0.884596 -0.143411
v 0.031574 0.878681 -0.159349
v 0.033519 0.872264 -0.169164
v 0.013078 0.899312 -0.031697
v 0.025654 0.897360 -0.062175
v 0.037244 0.894145 -0.090264
v 0.047403 0.889803 -0.114884
v 0.055740 0.884595 -0.135090
v 0.061935 0.878681 -0.150104
v 0.065750 0.872264 -0.159349
v 0.018987 0.899312 -0.028526
v 0.037244 0.897360 -0.055956
v 0.054070 0.894142 -0.081236
v 0.068819 0.889803 -0.103393
v 0.080922 0.884595 -0.121578
v 0.089916 0.878681 -0.135090
v 0.095454 0.872264 -0.143411
v 0.024166 0.899312 -0.024260
v 0.047403 0.897360 -0.047587
v 0.068819 0.894138 -0.069085
v 0.087589 0.889802 -0.087929
v 0.102994 0.884595 -0.103393
v 0.114441 0.878681 -0.114884
v 0.121490 0.872264 -0.121961
v 0.028416 0.899312 -0.019061
v 0.055740 0.897360 -0.037389
v 0.080922 0.894135 -0.054280
v 0.102994 0.889801 -0.069085
v 0.121108 0.884595 -0.081236
v 0.134568 0.878681 -0.090264
v 0.142857 0.872264 -0.095824
v -0.000000 0.899971 -0.000000
v 0.031574 0.899312 -0.013129
v 0.061935 0.897360 -0.025754
v 0.089916 0.894131 -0.037389
v 0.114441 0.889800 -0.047587
v 0.134568 0.884595 -0.055956
v 0.149524 0.878681 -0.062175
v 0.158734 0.872264 -0.066005
v 0.033519 0.899312 -0.006693
v 0.065750 0.897360 -0.013129
v 0.095454 0.894129 -0.019061
v 0.121490 0.889799 -0.024260
v 0.142857 0.884595 -0.028526
v 0.158734 0.878681 -0.031697
v 0.168511 0.872264 -0.033649
v 0.034176 0.899312 -0.000000
v 0.067038 0.897360 -0.000000
v 0.097324 0.894129 -0.000000
v 0.123870 0.889799 -0.000000
v 0.145656 0.884595 -0.000000
v 0.161844 0.878681 -0.000000
v 0.171813 0.872264 -0.000000
v 0.033519 0.899312 0.006693
v 0.065750 0.897360 0.013129
v 0.095454 0.894129 0.019060
v 0.121490 0.889799 0.024259
v 0.142857 0.884595 0.028526
v 0.158734 0.878681 0.031696
v 0.168511 0.872264 0.033649
v 0.031574 0.899312 0.013129
v 0.061935 0.897360 0.025753
v 0.089916 0.894131 0.037388
v 0.114441 0.889800 0.047586
v 0.134568 0.884595 0.055956
v 0.149524 0.878681 0.062175
v 0.158734 0.872264 0.066004
v 0.028416 0.899312 0.019060
v 0.055740 0.897360 0.037388
v 0.080922 0.894135 0.054280
v 0.102994 0.889801 0.069085
v 0.121108 0.884595 0.081235
v 0.134568 0.878681 0.090264
v 0.142857 0.872264 0.095824
v 0.024166 0.899312 0.024259
v 0.047403 0.897360 0.047586
v 0.068818 0.894138 0.069085
v 0.087589 0.889802 0.087928
v 0.102994 0.884595 0.103393
v 0.114441 0.878681 0.114884
v 0.121490 0.872264 0.121960
v 0.018987 0.899312 0.028526
v 0.037244 0.897360 0.055956
v 0.054070 0.894142 0.081235
v 0.068818 0.889803 0.103393
v 0.080922 0.884595 0.121577
v 0.089916 0.878681 0.135089
v 0.095454 0.872264 0.143410
v 0.013078 0.899312 0.031696
v 0.025654 0.897360 0.062175
v 0.037244 0.894145 0.090264
v 0.047403 0.889803 0.114884
v 0.055740 0.884595 0.135089
v 0.061935 0.878681 0.150103
v 0.065750 0.872264 0.159349
v 0.006667 0.899312 0.033649
v 0.013078 0.897360 0.066004
v 0.018987 0.894147 0.095823
v 0.024166 0.889804 0.121960
v 0.028416 0.884596 0.143410
v 0.031574 0.878681 0.159349
v 0.033519 0.872264 0.169164
v -0.000000 0.899312 0.034308
v -0.000000 0.897360 0.067297
v -0.000000 0.894147 0.097701
v -0.000000 0.889804 0.124350
v -0.000000 0.884596 0.146220
v 0.000000 0.878681 0.162471
v -0.000000 0.872264 0.172478
v -0.006667 0.899312 0.033649
v -0.013078 0.897360 0.066004
v -0.018987 0.894147 0.095823
v -0.024166 0.889804 0.121960
v -0.028416 0.884596 0.143410
v -0.031574 0.878681 0.159349
v -0.033519 0.872264 0.169164
v -0.013078 0.899312 0.031696
v -0.025654 0.897360 0.062175
v -0.037244 0.894145 0.090264
v -0.047403 0.889803 0.114884
v -0.055740 0.884595 0.135089
v -0.061935 0.878681 0.150103
v -0.065750 0.872264 0.159349
v -0.018987 0.899312 0.028526
v -0.037244 0.897360 0.055956
v -0.054070 0.894142 0.081235
v -0.068818 0.889803 0.103393
v -0.080922 0.884595 0.121577
v -0.089916 0.878681 0.135089
v -0.095454 0.872264 0.143410
v -0.024166 0.899312 0.024259
v -0.047403 0.897360 0.047586
v -0.068818 0.894138 0.069085
v -0.087589 0.889802 0.087928
v -0.102994 0.884595 0.103393
v -0.114441 0.878681 0.114884
v -0.121490 0.872264 0.121960
v -0.028416 0.899312 0.019060
v -0.055740 0.897360 0.037388
v -0.080922 0.894135 0.054280
v -0.102994 0.889801 0.069085
v -0.121108 0.884595 0.081235
v -0.134568 0.878681 0.090264
v -0.142857 0.872264 0.095823
v -0.031574 0.899312 0.013129
v -0.061935 0.897360 0.025753
v -0.089916 0.894131 0.037388
v -0.114441 0.889800 0.047586
v -0.134568 0.884595 0.055956
v -0.149524 0.878681 0.062175
v -0.158734 0.872264 0.066004
v -0.033519 0.899312 0.006693
v -0.065750 0.897360 0.013129
v -0.095454 0.894129 0.019060
v -0.121490 0.889799 0.024259
v -0.142857 0.884595 0.028526
v -0.158734 0.878681 0.031696
v -0.168511 0.872264 0.033649
v -0.034176 0.899312 -0.000000
v -0.067038 0.897360 -0.000000
v -0.097324 0.894129 -0.000000
v -0.123870 0.889799 -0.000000
v -0.145656 0.884595 -0.000000
v -0.161844 0.878681 -0.000000
v -0.171813 0.872264 -0.000000
v -0.033519 0.899312 -0.006693
v -0.065750 0.897360 -0.013129
v -0.095454 0.894129 -0.019061
v -0.121490 0.889799 -0.024260
v -0.142857 0.884595 -0.028526
v -0.158734 0.878681 -0.031697
v -0.168511 0.872264 -0.033649
v -0.031574 0.899312 -0.013129
v -0.061935 0.897360 -0.025754
v -0.089916 0.894131 -0.037389
v -0.114441 0.889800 -0.047587
v -0.134568 0.884595 -0.055956
v -0.149524 0.878681 -0.062175
v -0.158734 0.872264 -0.066005
v -0.028416 0.899312 -0.019061
v -0.055740 0.897360 -0.037389
v -0.080922 0.894135 -0.054280
v -0.102994 0.889801 -0.069085
v -0.121108 0.884595 -0.081236
v -0.134568 0.878681 -0.090264
v -0.142857 0.872264 -0.095824
v -0.024166 0.899312 -0.024260
v -0.047403 0.897360 -0.047587
v -0.068818 0.894138 -0.069085
v -0.087589 0.889802 -0.087929
v -0.102994 0.884595 -0.103393
v -0.114441 0.878681 -0.114884
v -0.121490 0.872264 -0.121961
v -0.033519 0.772466 -0.169164
v -0.065750 0.772466 -0.159349
v -0.095454 0.772466 -0.143410
v -0.018987 0.899312 -0.028526
v -0.037244 0.897360 -0.055956
v -0.054070 0.894142 -0.081236
v -0.068818 0.889803 -0.103393
v -0.080922 0.884595 -0.121578
v -0.089916 0.878681 -0.135090
v -0.095454 0.872264 -0.143411
v -0.121490 0.772466 -0.121961
v -0.142857 0.772466 -0.095824
v -0.158734 0.772466 -0.066005
v -0.168511 0.772466 -0.033649
v -0.171813 0.772466 -0.000000
v -0.168511 0.772466 0.033649
v -0.158734 0.772466 0.066004
v -0.142857 0.772466 0.095823
v -0.013078 0.899312 -0.031697
v -0.025654 0.897360 -0.062175
v -0.037244 0.894145 -0.090264
v -0.047403 0.889803 -0.114884
v -0.055740 0.884595 -0.135090
v -0.061935 0.878681 -0.150104
v -0.065750 0.872264 -0.159349
v -0.121490 0.772466 0.121960
v -0.095454 0.772466 0.143410
v -0.065750 0.772466 0.159349
v -0.033519 0.772466 0.169164
v -0.000000 0.772466 0.172478
v 0.033519 0.772466 0.169164
v 0.065750 0.772466 0.159349
v 0.095454 0.772466 0.143410
v -0.006667 0.899312 -0.033649
v -0.013078 0.897360 -0.066005
v -0.018987 0.894147 -0.095824
v -0.024166 0.889804 -0.121961
v -0.028416 0.884596 -0.143410
v -0.031574 0.878681 -0.159349
v -0.033519 0.872264 -0.169164
v 0.121490 0.772466 0.121960
v 0.142857 0.772466 0.095824
v 0.158734 0.772466 0.066004
v 0.168511 0.772466 0.033649
v 0.171813 0.772466 -0.000000
v 0.168511 0.772466 -0.033649
v 0.158734 0.772466 -0.066005
v 0.142857 0.772466 -0.095824
v 0.000000 0.899312 -0.034308
v 0.000000 0.897360 -0.067298
v 0.000000 0.889804 -0.124350
v 0.000000 0.878681 -0.162471
v 0.121490 0.772466 -0.121961
v 0.095454 0.772466 -0.143411
v 0.065750 0.772466 -0.159349
v 0.033519 0.772466 -0.169164
v -0.000000 0.772466 -0.172478
v -0.031558 0.772466 -0.159268
v -0.061903 0.772466 -0.150027
v -0.089870 0.772466 -0.135021
v -0.114383 0.772466 -0.114826
v -0.134500 0.772466 -0.090218
v -0.149448 0.772466 -0.062144
v -0.158653 0.772466 -0.031681
v -0.161762 0.772466 -0.000000
v -0.158654 0.772466 0.031680
v -0.149448 0.772466 0.062143
v -0.134500 0.772466 0.090218
v -0.114383 0.772466 0.114826
v -0.089870 0.772466 0.135021
v -0.061904 0.772466 0.150027
v -0.031558 0.772466 0.159268
v -0.000000 0.772466 0.162388
v 0.031558 0.772466 0.159268
v 0.061904 0.772466 0.150027
v 0.089870 0.772466 0.135021
v 0.114383 0.772466 0.114826
v 0.134500 0.772466 0.090218
v 0.149448 0.772466 0.062143
v 0.158654 0.772466 0.031680
v 0.161762 0.772466 -0.000000
v 0.158654 0.772466 -0.031681
v 0.149448 0.772466 -0.062143
v 0.134500 0.772466 -0.090218
v 0.114383 0.772466 -0.114826
v 0.089870 0.772466 -0.135021
v 0.061904 0.772466 -0.150027
v 0.031558 0.772466 -0.159268
v 0.000000 0.772466 -0.162389
v -0.027877 0.772466 -0.140691
v -0.054683 0.772466 -0.132528
v -0.079388 0.772466 -0.119272
v -0.101041 0.772466 -0.101433
v -0.118812 0.772466 -0.079695
v -0.132017 0.772466 -0.054895
v -0.140148 0.772466 -0.027985
v -0.142894 0.772466 -0.000000
v -0.140148 0.772466 0.027985
v -0.132017 0.772466 0.054895
v -0.118812 0.772466 0.079695
v -0.101041 0.772466 0.101432
v -0.079388 0.772466 0.119272
v -0.054683 0.772466 0.132528
v -0.027877 0.772466 0.140691
v -0.000000 0.772466 0.143447
v 0.027877 0.772466 0.140691
v 0.054683 0.772466 0.132528
v 0.079388 0.772466 0.119272
v 0.101041 0.772466 0.101432
v 0.118812 0.772466 0.079695
v 0.132017 0.772466 0.054895
v 0.140148 0.772466 0.027985
v 0.142894 0.772466 -0.000000
v 0.140148 0.772466 -0.027985
v 0.132017 0.772466 -0.054895
v 0.118812 0.772466 -0.079695
v 0.101041 0.772466 -0.101433
v 0.079388 0.772466 -0.119272
v 0.054683 0.772466 -0.132528
v 0.027877 0.772466 -0.140691
v 0.000000 0.772466 -0.143448
v -0.133226 0.772466 -0.001214
v -0.120919 0.772466 -0.030101
v -0.103702 0.772466 -0.057566
v -0.082235 0.772466 -0.082554
v -0.057344 0.772466 -0.104104
v -0.029984 0.772466 -0.121388
v -0.001209 0.772466 -0.133742
v -0.120220 0.772466 0.026571
v -0.103496 0.772466 -0.002465
v -0.082487 0.772466 -0.031097
v -0.058000 0.772466 -0.058225
v -0.030977 0.772466 -0.082807
v -0.002455 0.772466 -0.103897
v 0.026469 0.772466 -0.120686
v -0.101932 0.772466 0.054001
v -0.080940 0.772466 0.026427
v -0.056643 0.772466 -0.001967
v -0.029974 0.772466 -0.030091
v -0.001959 0.772466 -0.056862
v 0.026325 0.772466 -0.081253
v 0.053793 0.772466 -0.102327
v -0.079388 0.772466 0.079695
v -0.054683 0.772466 0.054895
v -0.027877 0.772466 0.027985
v 0.000000 0.772466 -0.000000
v 0.027877 0.772466 -0.027985
v 0.054683 0.772466 -0.054895
v 0.079388 0.772466 -0.079695
v -0.053793 0.772466 0.102326
v -0.026325 0.772466 0.081253
v 0.001960 0.772466 0.056862
v 0.029974 0.772466 0.030090
v 0.056643 0.772466 0.001967
v 0.080940 0.772466 -0.026427
v 0.101932 0.772466 -0.054001
v -0.026469 0.772466 0.120686
v 0.002455 0.772466 0.103897
v 0.030977 0.772466 0.082806
v 0.058000 0.772466 0.058225
v 0.082487 0.772466 0.031096
v 0.103496 0.772466 0.002464
v 0.120220 0.772466 -0.026571
v 0.001209 0.772466 0.133742
v 0.029985 0.772466 0.121387
v 0.057344 0.772466 0.104103
v 0.082235 0.772466 0.082553
v 0.103702 0.772466 0.057566
v 0.120919 0.772466 0.030101
v 0.133226 0.772466 0.001213
v 0.033519 0.854198 0.169164
v -0.158734 0.854198 -0.066005
v -0.065750 0.854198 0.159349
v 0.065750 0.854198 -0.159349
v -0.095454 0.854198 -0.143410
v 0.142857 0.854198 -0.095824
v -0.142857 0.854198 0.095823
v 0.065750 0.854198 0.159349
v 0.095454 0.854198 0.143410
v -0.033519 0.854198 0.169164
v -0.000000 0.854198 0.172478
v -0.168511 0.854198 -0.033649
v -0.171813 0.854198 -0.000000
v -0.121490 0.854198 -0.121961
v -0.142857 0.854198 -0.095824
v 0.171813 0.854198 -0.000000
v 0.033519 0.854198 -0.169164
v -0.121490 0.854198 0.121960
v -0.095454 0.854198 0.143410
v 0.121490 0.854198 -0.121961
v 0.095454 0.854198 -0.143411
v 0.121490 0.854198 0.121960
v 0.142857 0.854198 0.095824
v -0.168511 0.854198 0.033649
v -0.158734 0.854198 0.066004
v -0.065750 0.854198 -0.159349
v 0.168511 0.854198 -0.033649
v 0.158734 0.854198 -0.066005
v 0.158734 0.854198 0.066004
v 0.168511 0.854198 0.033649
v -0.000000 0.854198 -0.172478
v -0.033519 0.854198 -0.169164
v 0.065750 0.813332 0.159349
v -0.033519 0.813332 0.169164
v -0.168511 0.813332 -0.033649
v -0.121490 0.813332 -0.121961
v 0.033519 0.813332 -0.169164
v -0.121490 0.813332 0.121960
v 0.121490 0.813332 -0.121961
v 0.121490 0.813332 0.121960
v -0.168511 0.813332 0.033649
v 0.168511 0.813332 -0.033649
v 0.158734 0.813332 0.066004
v -0.000000 0.813332 -0.172478
v 0.033519 0.813332 0.169164
v -0.158734 0.813332 -0.066005
v -0.065750 0.813332 0.159349
v 0.065750 0.813332 -0.159349
v -0.095454 0.813332 -0.143410
v 0.142857 0.813332 -0.095824
v -0.142857 0.813332 0.095823
v 0.095454 0.813332 0.143410
v -0.000000 0.813332 0.172478
v -0.171813 0.813332 -0.000000
v -0.142857 0.813332 -0.095824
v 0.171813 0.813332 -0.000000
v -0.095454 0.813332 0.143410
v 0.095454 0.813332 -0.143411
v 0.142857 0.813332 0.095824
v -0.158734 0.813332 0.066004
v -0.065750 0.813332 -0.159349
v 0.158734 0.813332 -0.066005
v 0.168511 0.813332 0.033649
v -0.033519 0.813332 -0.169164
v 0.065750 0.792899 0.159349
v -0.033519 0.792899 0.169164
v -0.168511 0.792899 -0.033649
v -0.121490 0.792899 -0.121961
v 0.033519 0.792899 -0.169164
v -0.121490 0.792899 0.121960
v 0.121490 0.792899 -0.121961
v 0.121490 0.792899 0.121960
v -0.168511 0.792899 0.033649
v 0.168511 0.792899 -0.033649
v 0.158734 0.792899 0.066004
v -0.000000 0.792899 -0.172478
v 0.033519 0.792899 0.169164
v -0.158734 0.792899 -0.066005
v -0.065750 0.792899 0.159349
v 0.065750 0.792899 -0.159349
v -0.095454 0.792899 -0.143410
v 0.142857 0.792899 -0.095824
v -0.142857 0.792899 0.095823
v 0.095454 0.792899 0.143410
v -0.000000 0.792899 0.172478
v -0.171813 0.792899 -0.000000
v -0.142857 0.792899 -0.095824
v 0.171813 0.792899 -0.000000
v -0.095454 0.792899 0.143410
v 0.095454 0.792899 -0.143411
v 0.142857 0.792899 0.095824
v -0.158734 0.792899 0.066004
v -0.065750 0.792899 -0.159349
v 0.158734 0.792899 -0.066005
v 0.168511 0.792899 0.033649
v -0.033519 0.792899 -0.169164
vn -0.0000 0.9992 -0.0404
vn -0.0000 1.0000 -0.0000
vn 0.0079 0.9992 -0.0396
vn -0.0000 0.9965 -0.0835
vn 0.0164 0.9965 -0.0819
vn -0.0000 0.9909 -0.1348
vn 0.0264 0.9909 -0.1322
vn -0.0000 0.9801 -0.1986
vn 0.0389 0.9801 -0.1947
vn -0.0000 0.9568 -0.2906
vn 0.0569 0.9568 -0.2850
vn -0.0000 0.8935 -0.4491
vn 0.0880 0.8934 -0.4405
vn -0.0000 0.4675 -0.8840
vn 0.1731 0.4675 -0.8669
vn 0.1725 0.8934 -0.4149
vn 0.3394 0.4674 -0.8163
vn 0.0155 0.9992 -0.0373
vn 0.0321 0.9965 -0.0772
vn 0.0518 0.9909 -0.1245
vn 0.0763 0.9801 -0.1834
vn 0.1116 0.9568 -0.2685
vn 0.0752 0.9909 -0.1120
vn 0.1107 0.9801 -0.1650
vn 0.1621 0.9568 -0.2416
vn 0.2504 0.8933 -0.3733
vn 0.4924 0.4673 -0.7343
vn 0.0225 0.9992 -0.0336
vn 0.0467 0.9965 -0.0695
vn 0.0287 0.9992 -0.0286
vn 0.0595 0.9965 -0.0591
vn 0.0957 0.9908 -0.0952
vn 0.1409 0.9800 -0.1402
vn 0.2062 0.9567 -0.2054
vn 0.3187 0.8931 -0.3174
vn 0.6263 0.4672 -0.6241
vn 0.1125 0.9908 -0.0748
vn 0.1656 0.9800 -0.1101
vn 0.2425 0.9566 -0.1614
vn 0.3746 0.8930 -0.2493
vn 0.7360 0.4670 -0.4900
vn 0.0337 0.9992 -0.0224
vn 0.0699 0.9965 -0.0465
vn 0.0375 0.9992 -0.0155
vn 0.0777 0.9965 -0.0320
vn 0.1250 0.9908 -0.0515
vn 0.1839 0.9800 -0.0758
vn 0.2694 0.9566 -0.1111
vn 0.4162 0.8929 -0.1717
vn 0.8174 0.4669 -0.3373
vn 0.1952 0.9800 -0.0386
vn 0.2859 0.9566 -0.0566
vn 0.4418 0.8928 -0.0875
vn 0.8675 0.4669 -0.1719
vn 0.0398 0.9992 -0.0079
vn 0.0825 0.9965 -0.0163
vn 0.1327 0.9908 -0.0262
vn 0.0405 0.9992 -0.0000
vn 0.0842 0.9965 -0.0000
vn 0.1353 0.9908 -0.0000
vn 0.1990 0.9800 -0.0000
vn 0.2915 0.9566 -0.0000
vn 0.4504 0.8928 -0.0000
vn 0.8843 0.4668 -0.0000
vn 0.2859 0.9566 0.0566
vn 0.4418 0.8928 0.0875
vn 0.8675 0.4669 0.1719
vn 0.0398 0.9992 0.0079
vn 0.0825 0.9965 0.0163
vn 0.1327 0.9908 0.0262
vn 0.1952 0.9800 0.0386
vn 0.0375 0.9992 0.0155
vn 0.0777 0.9965 0.0320
vn 0.1250 0.9908 0.0515
vn 0.1839 0.9800 0.0758
vn 0.2694 0.9566 0.1111
vn 0.4162 0.8929 0.1717
vn 0.8174 0.4669 0.3373
vn 0.2425 0.9566 0.1614
vn 0.3746 0.8930 0.2493
vn 0.7360 0.4670 0.4900
vn 0.0337 0.9992 0.0224
vn 0.0699 0.9965 0.0465
vn 0.1125 0.9908 0.0748
vn 0.1656 0.9800 0.1101
vn 0.0594 0.9965 0.0591
vn 0.0957 0.9908 0.0952
vn 0.1409 0.9800 0.1402
vn 0.2062 0.9567 0.2054
vn 0.3187 0.8931 0.3174
vn 0.6263 0.4672 0.6241
vn 0.0287 0.9992 0.0286
vn 0.2504 0.8933 0.3733
vn 0.4924 0.4673 0.7343
vn 0.0225 0.9992 0.0336
vn 0.0467 0.9965 0.0695
vn 0.0752 0.9909 0.1120
vn 0.1107 0.9801 0.1650
vn 0.1621 0.9568 0.2416
vn 0.0322 0.9965 0.0772
vn 0.0518 0.9909 0.1245
vn 0.0763 0.9801 0.1834
vn 0.1116 0.9568 0.2685
vn 0.1725 0.8934 0.4149
vn 0.3394 0.4674 0.8163
vn 0.0155 0.9992 0.0373
vn 0.0880 0.8934 0.4405
vn 0.1731 0.4675 0.8669
vn 0.0079 0.9992 0.0396
vn 0.0164 0.9965 0.0819
vn 0.0264 0.9909 0.1322
vn 0.0389 0.9801 0.1947
vn 0.0569 0.9568 0.2850
vn -0.0000 0.9909 0.1348
vn -0.0000 0.9801 0.1986
vn -0.0000 0.9568 0.2906
vn -0.0000 0.8935 0.4491
vn -0.0000 0.4675 0.8840
vn -0.0000 0.9992 0.0404
vn -0.0000 0.9965 0.0835
vn -0.0079 0.9992 0.0396
vn -0.0164 0.9965 0.0819
vn -0.0264 0.9909 0.1322
vn -0.0389 0.9801 0.1947
vn -0.0569 0.9568 0.2850
vn -0.0880 0.8934 0.4405
vn -0.1731 0.4675 0.8669
vn -0.0763 0.9801 0.1834
vn -0.1116 0.9568 0.2685
vn -0.1725 0.8934 0.4149
vn -0.3394 0.4674 0.8163
vn -0.0155 0.9992 0.0373
vn -0.0321 0.9965 0.0772
vn -0.0518 0.9909 0.1245
vn -0.0225 0.9992 0.0336
vn -0.0467 0.9965 0.0695
vn -0.0752 0.9909 0.1120
vn -0.1107 0.9801 0.1650
vn -0.1621 0.9568 0.2416
vn -0.2504 0.8933 0.3733
vn -0.4924 0.4673 0.7343
vn -0.1409 0.9800 0.1402
vn -0.2062 0.9567 0.2054
vn -0.3187 0.8931 0.3174
vn -0.6263 0.4672 0.6241
vn -0.0287 0.9992 0.0286
vn -0.0595 0.9965 0.0591
vn -0.0957 0.9908 0.0952
vn -0.0337 0.9992 0.0224
vn -0.0699 0.9965 0.0465
vn -0.1125 0.9908 0.0748
vn -0.1656 0.9800 0.1101
vn -0.2425 0.9566 0.1614
vn -0.3746 0.8930 0.2493
vn -0.7360 0.4670 0.4900
vn -0.2694 0.9566 0.1111
vn -0.4162 0.8929 0.1717
vn -0.8174 0.4669 0.3373
vn -0.0375 0.9992 0.0155
vn -0.0777 0.9965 0.0320
vn -0.1250 0.9908 0.0515
vn -0.1839 0.9800 0.0758
vn -0.0398 0.9992 0.0079
vn -0.0825 0.9965 0.0163
vn -0.1327 0.9908 0.0262
vn -0.1952 0.9800 0.0386
vn -0.2859 0.9566 0.0566
vn -0.4418 0.8928 0.0875
vn -0.8675 0.4669 0.1719
vn -0.2915 0.9566 -0.0000
vn -0.4504 0.8928 -0.0000
vn -0.8843 0.4668 -0.0000
vn -0.0405 0.9992 -0.0000
vn -0.0842 0.9965 -0.0000
vn -0.1353 0.9908 -0.0000
vn -0.1990 0.9800 -0.0000
vn -0.0825 0.9965 -0.0163
vn -0.1327 0.9908 -0.0262
vn -0.1952 0.9800 -0.0386
vn -0.2859 0.9566 -0.0566
vn -0.4418 0.8928 -0.0875
vn -0.8675 0.4669 -0.1719
vn -0.0398 0.9992 -0.0079
vn -0.4162 0.8929 -0.1717
vn -0.8174 0.4669 -0.3373
vn -0.0375 0.9992 -0.0155
vn -0.0777 0.9965 -0.0320
vn -0.1250 0.9908 -0.0515
vn -0.1839 0.9800 -0.0758
vn -0.2694 0.9566 -0.1111
vn -0.1125 0.9908 -0.0748
vn -0.1656 0.9800 -0.1101
vn -0.2425 0.9566 -0.1614
vn -0.3746 0.8930 -0.2493
vn -0.7360 0.4670 -0.4900
vn -0.0337 0.9992 -0.0224
vn -0.0699 0.9965 -0.0465
vn -0.0287 0.9992 -0.0286
vn -0.0594 0.9965 -0.0591
vn -0.0957 0.9908 -0.0952
vn -0.1409 0.9800 -0.1402
vn -0.2062 0.9567 -0.2054
vn -0.3187 0.8931 -0.3174
vn -0.6263 0.4672 -0.6241
vn -0.0752 0.9909 -0.1120
vn -0.1107 0.9801 -0.1650
vn -0.9809 -0.0000 -0.1944
vn -0.9244 -0.0000 -0.3814
vn -0.6728 -0.6858 -0.2776
vn -0.7139 -0.6858 -0.1415
vn -0.1621 0.9568 -0.2416
vn -0.7084 -0.0000 0.7058
vn -0.8324 -0.0000 0.5541
vn -0.6059 -0.6857 0.4033
vn -0.5157 -0.6857 0.5137
vn -0.2504 0.8933 -0.3733
vn -0.1958 -0.0000 0.9806
vn -0.3839 -0.0000 0.9234
vn -0.2795 -0.6857 0.6721
vn -0.1425 -0.6856 0.7139
vn -0.4924 0.4673 -0.7343
vn 0.3839 -0.0000 0.9234
vn 0.1958 -0.0000 0.9806
vn 0.1425 -0.6856 0.7139
vn 0.2795 -0.6857 0.6721
vn -0.0225 0.9992 -0.0336
vn -0.7084 -0.0000 -0.7058
vn -0.5570 -0.0000 -0.8305
vn -0.4055 -0.6857 -0.6045
vn -0.5157 -0.6857 -0.5137
vn 0.9809 -0.0000 -0.1944
vn 1.0000 -0.0000 -0.0000
vn 0.7278 -0.6858 -0.0000
vn 0.7139 -0.6858 -0.1415
vn -0.0467 0.9965 -0.0695
vn 0.7084 -0.0000 -0.7058
vn 0.8324 -0.0000 -0.5541
vn 0.6059 -0.6857 -0.4033
vn 0.5157 -0.6857 -0.5137
vn -0.9809 -0.0000 0.1944
vn -1.0000 -0.0000 -0.0000
vn -0.7278 -0.6858 -0.0000
vn -0.7139 -0.6858 0.1415
vn -0.0155 0.9992 -0.0373
vn -0.0000 -0.0000 1.0000
vn -0.0000 -0.6856 0.7280
vn 0.7084 -0.0000 0.7058
vn 0.5570 -0.0000 0.8305
vn 0.4055 -0.6857 0.6045
vn 0.5157 -0.6857 0.5137
vn -0.0322 0.9965 -0.0772
vn 0.1958 -0.0000 -0.9806
vn 0.3839 -0.0000 -0.9234
vn 0.2795 -0.6857 -0.6721
vn 0.1425 -0.6856 -0.7139
vn -0.0518 0.9909 -0.1245
vn -0.8324 -0.0000 -0.5541
vn -0.6059 -0.6857 -0.4033
vn -0.0763 0.9801 -0.1834
vn -0.5570 -0.0000 0.8305
vn -0.4055 -0.6857 0.6045
vn -0.1116 0.9568 -0.2685
vn 0.9244 -0.0000 0.3814
vn 0.8324 -0.0000 0.5541
vn 0.6059 -0.6857 0.4033
vn 0.6728 -0.6858 0.2776
vn -0.1725 0.8934 -0.4149
vn 0.5570 -0.0000 -0.8305
vn 0.4055 -0.6857 -0.6045
vn -0.3394 0.4674 -0.8163
vn -0.3839 -0.0000 -0.9234
vn -0.2795 -0.6857 -0.6721
vn 0.9244 -0.0000 -0.3814
vn 0.6728 -0.6858 -0.2776
vn -0.0389 0.9801 -0.1947
vn -0.0569 0.9568 -0.2850
vn -0.9244 -0.0000 0.3814
vn -0.6728 -0.6858 0.2776
vn -0.0880 0.8934 -0.4405
vn -0.1731 0.4675 -0.8669
vn -0.0079 0.9992 -0.0396
vn -0.0164 0.9965 -0.0819
vn 0.9809 -0.0000 0.1944
vn 0.7139 -0.6858 0.1415
vn -0.0264 0.9909 -0.1322
vn -0.0000 -0.0000 -1.0000
vn -0.0000 -0.6856 -0.7280
vn -0.1958 -0.0000 -0.9806
vn -0.1425 -0.6856 -0.7139
vn -0.0000 -1.0000 -0.0000
vt 0.186146 0.603373
vt 0.183109 0.570954
vt 0.191971 0.602199
vt 0.189071 0.634606
vt 0.200507 0.632301
vt 0.191781 0.663533
vt 0.208408 0.660182
vt 0.194179 0.689134
vt 0.215395 0.684858
vt 0.196182 0.710525
vt 0.221226 0.705479
vt 0.197733 0.727079
vt 0.225733 0.721445
vt 0.198806 0.738533
vt 0.228885 0.732534
vt 0.252166 0.710094
vt 0.257308 0.720367
vt 0.197456 0.599824
vt 0.211275 0.627641
vt 0.224069 0.653412
vt 0.235386 0.676228
vt 0.244839 0.695308
vt 0.238166 0.643477
vt 0.253391 0.663562
vt 0.266122 0.680368
vt 0.276007 0.693401
vt 0.282954 0.702453
vt 0.202390 0.596341
vt 0.220964 0.620804
vt 0.206583 0.591881
vt 0.229201 0.612051
vt 0.250156 0.630753
vt 0.268715 0.647330
vt 0.284249 0.661210
vt 0.296322 0.671979
vt 0.304812 0.679455
vt 0.259576 0.615723
vt 0.280763 0.628146
vt 0.298509 0.638556
vt 0.312313 0.646638
vt 0.322021 0.652244
vt 0.209874 0.586617
vt 0.235667 0.601717
vt 0.212137 0.580751
vt 0.240114 0.590197
vt 0.266057 0.598963
vt 0.289059 0.606744
vt 0.308339 0.613271
vt 0.323344 0.618344
vt 0.333901 0.621859
vt 0.293270 0.583946
vt 0.313338 0.586323
vt 0.328970 0.588178
vt 0.339975 0.589458
vt 0.213284 0.574508
vt 0.242368 0.577936
vt 0.269343 0.581118
vt 0.213270 0.568129
vt 0.242341 0.565406
vt 0.269303 0.562880
vt 0.293218 0.560640
vt 0.313280 0.558761
vt 0.328919 0.557296
vt 0.339974 0.556261
vt 0.308218 0.531668
vt 0.323234 0.526942
vt 0.333810 0.523640
vt 0.212099 0.561858
vt 0.240040 0.553089
vt 0.265955 0.544952
vt 0.288941 0.537730
vt 0.209813 0.555936
vt 0.235549 0.541459
vt 0.259413 0.528028
vt 0.280570 0.516111
vt 0.298302 0.506117
vt 0.312105 0.498346
vt 0.321825 0.492932
vt 0.283948 0.483097
vt 0.296010 0.472592
vt 0.304509 0.465281
vt 0.206500 0.550592
vt 0.229040 0.530966
vt 0.249932 0.512763
vt 0.268444 0.496621
vt 0.220767 0.522012
vt 0.237885 0.499744
vt 0.253043 0.480009
vt 0.265729 0.463486
vt 0.275592 0.450662
vt 0.282546 0.441740
vt 0.202289 0.546031
vt 0.251652 0.433385
vt 0.256797 0.423200
vt 0.197340 0.542428
vt 0.211048 0.514940
vt 0.223740 0.489468
vt 0.234970 0.466905
vt 0.244360 0.448027
vt 0.200258 0.510022
vt 0.208044 0.482324
vt 0.214927 0.457802
vt 0.220673 0.437299
vt 0.225126 0.421410
vt 0.228271 0.410360
vt 0.191845 0.539921
vt 0.197045 0.415165
vt 0.198083 0.403684
vt 0.186015 0.538607
vt 0.188812 0.507443
vt 0.191398 0.478580
vt 0.193681 0.453035
vt 0.195582 0.431690
vt 0.174437 0.478374
vt 0.172039 0.452773
vt 0.170036 0.431383
vt 0.168485 0.414828
vt 0.167412 0.403374
vt 0.180072 0.538535
vt 0.177147 0.507302
vt 0.174247 0.539709
vt 0.165711 0.509607
vt 0.157810 0.481726
vt 0.150823 0.457050
vt 0.144992 0.436429
vt 0.140485 0.420463
vt 0.137333 0.409374
vt 0.130832 0.465679
vt 0.121379 0.446600
vt 0.114052 0.431814
vt 0.108910 0.421540
vt 0.168762 0.542083
vt 0.154943 0.514266
vt 0.142149 0.488496
vt 0.163828 0.545567
vt 0.145254 0.521103
vt 0.128052 0.498431
vt 0.112827 0.478346
vt 0.100096 0.461540
vt 0.090211 0.448507
vt 0.083264 0.439455
vt 0.097503 0.494578
vt 0.081969 0.480698
vt 0.069896 0.469929
vt 0.061406 0.462453
vt 0.159635 0.550027
vt 0.137017 0.529856
vt 0.116062 0.511155
vt 0.156344 0.555290
vt 0.130551 0.540191
vt 0.106642 0.526185
vt 0.085455 0.513761
vt 0.067709 0.503351
vt 0.053905 0.495269
vt 0.044197 0.489664
vt 0.057879 0.528637
vt 0.042874 0.523564
vt 0.032317 0.520049
vt 0.154081 0.561157
vt 0.126104 0.551711
vt 0.100161 0.542945
vt 0.077159 0.535164
vt 0.152934 0.567400
vt 0.123850 0.563972
vt 0.096875 0.560789
vt 0.072948 0.557961
vt 0.052880 0.555584
vt 0.037248 0.553730
vt 0.026243 0.552449
vt 0.052938 0.583146
vt 0.037299 0.584611
vt 0.026244 0.585647
vt 0.152948 0.573779
vt 0.123877 0.576502
vt 0.096915 0.579027
vt 0.073000 0.581267
vt 0.126178 0.588819
vt 0.100263 0.596955
vt 0.077277 0.604178
vt 0.058000 0.610240
vt 0.042984 0.614965
vt 0.032408 0.618267
vt 0.154119 0.580050
vt 0.054113 0.643562
vt 0.044393 0.648976
vt 0.156405 0.585971
vt 0.130669 0.600448
vt 0.106805 0.613880
vt 0.085648 0.625797
vt 0.067916 0.635790
vt 0.116286 0.629144
vt 0.097774 0.645286
vt 0.082270 0.658811
vt 0.070208 0.669315
vt 0.061709 0.676626
vt 0.159718 0.591315
vt 0.137178 0.610942
vt 0.163929 0.595876
vt 0.145451 0.619896
vt 0.128333 0.642164
vt 0.113175 0.661899
vt 0.100489 0.678422
vt 0.090626 0.691246
vt 0.083672 0.700168
vt 0.142478 0.652439
vt 0.131248 0.675002
vt 0.219567 0.021063
vt 0.188684 0.021063
vt 0.188684 0.001496
vt 0.219567 0.001496
vt 0.121858 0.693880
vt 0.373635 0.021063
vt 0.341416 0.021063
vt 0.341416 0.001496
vt 0.373635 0.001496
vt 0.114566 0.708522
vt 0.468248 0.021063
vt 0.437551 0.021063
vt 0.437551 0.001496
vt 0.468248 0.001496
vt 0.109421 0.718707
vt 0.558585 0.021063
vt 0.527702 0.021063
vt 0.527702 0.001496
vt 0.558585 0.001496
vt 0.168878 0.599479
vt 0.125607 0.021063
vt 0.093933 0.021063
vt 0.093933 0.001496
vt 0.125607 0.001496
vt 0.775076 0.021063
vt 0.745768 0.021063
vt 0.745768 0.001496
vt 0.775076 0.001496
vt 0.155170 0.626967
vt 0.869690 0.021063
vt 0.837471 0.021063
vt 0.837471 0.001496
vt 0.869690 0.001496
vt 0.279021 0.021063
vt 0.249713 0.021063
vt 0.249713 0.001496
vt 0.279021 0.001496
vt 0.174373 0.601986
vt 0.497556 0.021063
vt 0.497556 0.001496
vt 0.621662 0.021063
vt 0.589989 0.021063
vt 0.589989 0.001496
vt 0.621662 0.001496
vt 0.165960 0.631886
vt 0.964303 0.021063
vt 0.933606 0.021063
vt 0.933606 0.001496
vt 0.964303 0.001496
vt 0.158174 0.659584
vt 0.157280 0.021063
vt 0.157280 0.001496
vt 0.151291 0.684105
vt 0.405853 0.021063
vt 0.405853 0.001496
vt 0.145545 0.704608
vt 0.684740 0.021063
vt 0.653336 0.021063
vt 0.653336 0.001496
vt 0.684740 0.001496
vt 0.141092 0.720498
vt 0.901908 0.021063
vt 0.901908 0.001496
vt 0.137947 0.731547
vt 0.062529 0.021063
vt 0.062529 0.001496
vt 0.805774 0.021063
vt 0.805774 0.001496
vt 0.172537 0.688872
vt 0.170636 0.710217
vt 0.309718 0.021063
vt 0.309718 0.001496
vt 0.169173 0.726743
vt 0.168135 0.738224
vt 0.180203 0.603301
vt 0.177406 0.634465
vt 0.715623 0.021063
vt 0.715623 0.001496
vt 0.174820 0.663328
vt 0.993611 0.021063
vt 0.993611 0.001496
vt 0.031646 0.021063
vt 0.031646 0.001496
vt 0.001500 0.021063
vt 0.001500 0.001496
vt 0.521255 0.403376
vt 0.553073 0.409259
vt 0.550391 0.417867
vt 0.520434 0.412327
vt 0.404173 0.675248
vt 0.380994 0.653932
vt 0.388378 0.648226
vt 0.410201 0.668295
vt 0.671274 0.541340
vt 0.671696 0.571483
vt 0.662074 0.570600
vt 0.661677 0.542221
vt 0.348643 0.511748
vt 0.360636 0.483901
vt 0.369211 0.488142
vt 0.357920 0.514360
vt 0.613598 0.675266
vt 0.586928 0.692011
vt 0.582265 0.684077
vt 0.607375 0.668313
vt 0.488898 0.403373
vt 0.489970 0.412325
vt 0.431311 0.691997
vt 0.435752 0.684064
vt 0.664547 0.511776
vt 0.655344 0.514386
vt 0.342744 0.541311
vt 0.352366 0.542194
vt 0.636179 0.653954
vt 0.628635 0.648247
vt 0.653805 0.628893
vt 0.645230 0.624652
vt 0.457245 0.409251
vt 0.460168 0.417859
vt 0.461367 0.703535
vt 0.464049 0.694927
vt 0.651774 0.483926
vt 0.643318 0.488166
vt 0.343167 0.571454
vt 0.352764 0.570573
vt 0.665798 0.601046
vt 0.656521 0.598434
vt 0.427512 0.420783
vt 0.432175 0.428716
vt 0.493185 0.709418
vt 0.494006 0.700466
vt 0.633447 0.458862
vt 0.626062 0.464568
vt 0.349893 0.601018
vt 0.359097 0.598408
vt 0.610268 0.437546
vt 0.604240 0.444498
vt 0.400843 0.437527
vt 0.407066 0.444481
vt 0.525542 0.709421
vt 0.524471 0.700469
vt 0.583129 0.420797
vt 0.578689 0.428729
vt 0.362666 0.628867
vt 0.371122 0.624628
vt 0.378261 0.458840
vt 0.385805 0.464547
vt 0.557196 0.703543
vt 0.554272 0.694935
vt 0.370428 0.543850
vt 0.370780 0.568920
vt 0.627444 0.496124
vt 0.612201 0.475279
vt 0.629132 0.616691
vt 0.639106 0.593531
vt 0.376374 0.593508
vt 0.592923 0.457550
vt 0.644012 0.568944
vt 0.386997 0.616670
vt 0.570352 0.443621
vt 0.402240 0.637515
vt 0.545356 0.434025
vt 0.421517 0.655244
vt 0.518893 0.429132
vt 0.444088 0.669173
vt 0.491982 0.429129
vt 0.469085 0.678769
vt 0.465657 0.434018
vt 0.495547 0.683662
vt 0.440928 0.443609
vt 0.522458 0.683665
vt 0.418748 0.457535
vt 0.548784 0.678776
vt 0.399967 0.475260
vt 0.573512 0.669185
vt 0.385308 0.496103
vt 0.643661 0.543874
vt 0.595693 0.655259
vt 0.375334 0.519263
vt 0.638066 0.519286
vt 0.614473 0.637534
vt 0.519261 0.437849
vt 0.491702 0.447001
vt 0.464051 0.460891
vt 0.437708 0.478722
vt 0.414036 0.499538
vt 0.394296 0.522267
vt 0.379585 0.545776
vt 0.545802 0.451336
vt 0.518025 0.464436
vt 0.488631 0.481998
vt 0.459339 0.502893
vt 0.431887 0.525844
vt 0.407943 0.549496
vt 0.389015 0.572485
vt 0.570586 0.469072
vt 0.543612 0.485651
vt 0.513723 0.506122
vt 0.482811 0.529121
vt 0.452836 0.553169
vt 0.425725 0.576743
vt 0.403262 0.598363
vt 0.592661 0.490377
vt 0.567482 0.509833
vt 0.538363 0.532333
vt 0.507220 0.556397
vt 0.476077 0.580461
vt 0.446959 0.602961
vt 0.421779 0.622417
vt 0.611178 0.514430
vt 0.588715 0.536051
vt 0.561604 0.559625
vt 0.531630 0.583673
vt 0.500717 0.606672
vt 0.470828 0.627142
vt 0.443854 0.643722
vt 0.625425 0.540309
vt 0.606497 0.563298
vt 0.582553 0.586950
vt 0.555101 0.609901
vt 0.525809 0.630795
vt 0.496416 0.648358
vt 0.468638 0.661458
vt 0.634856 0.567018
vt 0.620145 0.590527
vt 0.600405 0.613256
vt 0.576733 0.634072
vt 0.550389 0.651903
vt 0.522738 0.665793
vt 0.495180 0.674945
vt 0.031646 0.097065
vt 0.001500 0.097065
vt 0.001500 0.079764
vt 0.031646 0.079764
vt 0.715623 0.097065
vt 0.684740 0.097065
vt 0.684740 0.079764
vt 0.715623 0.079764
vt 0.805774 0.097065
vt 0.775076 0.097065
vt 0.775076 0.079764
vt 0.805774 0.079764
vt 0.062529 0.097065
vt 0.062529 0.079764
vt 0.309718 0.097065
vt 0.279021 0.097065
vt 0.279021 0.079764
vt 0.309718 0.079764
vt 0.653336 0.097065
vt 0.621662 0.097065
vt 0.621662 0.079764
vt 0.653336 0.079764
vt 0.901908 0.097065
vt 0.869690 0.097065
vt 0.869690 0.079764
vt 0.901908 0.079764
vt 0.405853 0.097065
vt 0.373635 0.097065
vt 0.373635 0.079764
vt 0.405853 0.079764
vt 0.993611 0.097065
vt 0.964303 0.097065
vt 0.964303 0.079764
vt 0.993611 0.079764
vt 0.745768 0.097065
vt 0.745768 0.079764
vt 0.157280 0.097065
vt 0.125607 0.097065
vt 0.125607 0.079764
vt 0.157280 0.079764
vt 0.249713 0.097065
vt 0.219567 0.097065
vt 0.219567 0.079764
vt 0.249713 0.079764
vt 0.497556 0.097065
vt 0.468248 0.097065
vt 0.468248 0.079764
vt 0.497556 0.079764
vt 0.589989 0.097065
vt 0.558585 0.097065
vt 0.558585 0.079764
vt 0.589989 0.079764
vt 0.341416 0.097065
vt 0.341416 0.079764
vt 0.837471 0.097065
vt 0.837471 0.079764
vt 0.093933 0.097065
vt 0.093933 0.079764
vt 0.933606 0.097065
vt 0.933606 0.079764
vt 0.437551 0.097065
vt 0.437551 0.079764
vt 0.188684 0.097065
vt 0.188684 0.079764
vt 0.527702 0.097065
vt 0.527702 0.079764
vt 0.001500 0.040630
vt 0.031646 0.040630
vt 0.684740 0.040630
vt 0.715623 0.040630
vt 0.775076 0.040630
vt 0.805774 0.040630
vt 0.062529 0.040630
vt 0.279021 0.040630
vt 0.309718 0.040630
vt 0.621662 0.040630
vt 0.653336 0.040630
vt 0.869690 0.040630
vt 0.901908 0.040630
vt 0.373635 0.040630
vt 0.405853 0.040630
vt 0.964303 0.040630
vt 0.993611 0.040630
vt 0.745768 0.040630
vt 0.125607 0.040630
vt 0.157280 0.040630
vt 0.219567 0.040630
vt 0.249713 0.040630
vt 0.468248 0.040630
vt 0.497556 0.040630
vt 0.558585 0.040630
vt 0.589989 0.040630
vt 0.341416 0.040630
vt 0.837471 0.040630
vt 0.093933 0.040630
vt 0.933606 0.040630
vt 0.437551 0.040630
vt 0.188684 0.040630
vt 0.527702 0.040630
s 1
usemtl Guitar_Chair_Textures
f 2809/3007/563 2599/3008/564 2564/3009/565
f 2810/3010/566 2809/3007/563 2564/3009/565 2565/3011/567
f 2561/3012/568 2810/3010/566 2565/3011/567 2566/3013/569
f 2811/3014/570 2561/3012/568 2566/3013/569 2567/3015/571
f 2562/3016/572 2811/3014/570 2567/3015/571 2568/3017/573
f 2812/3018/574 2562/3016/572 2568/3017/573 2569/3019/575
f 2563/3020/576 2812/3018/574 2569/3019/575 2570/3021/577
f 2570/3021/577 2569/3019/575 2576/3022/578 2577/3023/579
f 2564/3009/565 2599/3008/564 2571/3024/580
f 2565/3011/567 2564/3009/565 2571/3024/580 2572/3025/581
f 2566/3013/569 2565/3011/567 2572/3025/581 2573/3026/582
f 2567/3015/571 2566/3013/569 2573/3026/582 2574/3027/583
f 2568/3017/573 2567/3015/571 2574/3027/583 2575/3028/584
f 2569/3019/575 2568/3017/573 2575/3028/584 2576/3022/578
f 2574/3027/583 2573/3026/582 2580/3029/585 2581/3030/586
f 2575/3028/584 2574/3027/583 2581/3030/586 2582/3031/587
f 2576/3022/578 2575/3028/584 2582/3031/587 2583/3032/588
f 2577/3023/579 2576/3022/578 2583/3032/588 2584/3033/589
f 2571/3024/580 2599/3008/564 2578/3034/590
f 2572/3025/581 2571/3024/580 2578/3034/590 2579/3035/591
f 2573/3026/582 2572/3025/581 2579/3035/591 2580/3029/585
f 2578/3034/590 2599/3008/564 2585/3036/592
f 2579/3035/591 2578/3034/590 2585/3036/592 2586/3037/593
f 2580/3029/585 2579/3035/591 2586/3037/593 2587/3038/594
f 2581/3030/586 2580/3029/585 2587/3038/594 2588/3039/595
f 2582/3031/587 2581/3030/586 2588/3039/595 2589/3040/596
f 2583/3032/588 2582/3031/587 2589/3040/596 2590/3041/597
f 2584/3033/589 2583/3032/588 2590/3041/597 2591/3042/598
f 2588/3039/595 2587/3038/594 2594/3043/599 2595/3044/600
f 2589/3040/596 2588/3039/595 2595/3044/600 2596/3045/601
f 2590/3041/597 2589/3040/596 2596/3045/601 2597/3046/602
f 2591/3042/598 2590/3041/597 2597/3046/602 2598/3047/603
f 2585/3036/592 2599/3008/564 2592/3048/604
f 2586/3037/593 2585/3036/592 2592/3048/604 2593/3049/605
f 2587/3038/594 2586/3037/593 2593/3049/605 2594/3043/599
f 2592/3048/604 2599/3008/564 2600/3050/606
f 2593/3049/605 2592/3048/604 2600/3050/606 2601/3051/607
f 2594/3043/599 2593/3049/605 2601/3051/607 2602/3052/608
f 2595/3044/600 2594/3043/599 2602/3052/608 2603/3053/609
f 2596/3045/601 2595/3044/600 2603/3053/609 2604/3054/610
f 2597/3046/602 2596/3045/601 2604/3054/610 2605/3055/611
f 2598/3047/603 2597/3046/602 2605/3055/611 2606/3056/612
f 2604/3054/610 2603/3053/609 2610/3057/613 2611/3058/614
f 2605/3055/611 2604/3054/610 2611/3058/614 2612/3059/615
f 2606/3056/612 2605/3055/611 2612/3059/615 2613/3060/616
f 2600/3050/606 2599/3008/564 2607/3061/617
f 2601/3051/607 2600/3050/606 2607/3061/617 2608/3062/618
f 2602/3052/608 2601/3051/607 2608/3062/618 2609/3063/619
f 2603/3053/609 2602/3052/608 2609/3063/619 2610/3057/613
f 2608/3062/618 2607/3061/617 2614/3064/620 2615/3065/621
f 2609/3063/619 2608/3062/618 2615/3065/621 2616/3066/622
f 2610/3057/613 2609/3063/619 2616/3066/622 2617/3067/623
f 2611/3058/614 2610/3057/613 2617/3067/623 2618/3068/624
f 2612/3059/615 2611/3058/614 2618/3068/624 2619/3069/625
f 2613/3060/616 2612/3059/615 2619/3069/625 2620/3070/626
f 2607/3061/617 2599/3008/564 2614/3064/620
f 2619/3069/625 2618/3068/624 2625/3071/627 2626/3072/628
f 2620/3070/626 2619/3069/625 2626/3072/628 2627/3073/629
f 2614/3064/620 2599/3008/564 2621/3074/630
f 2615/3065/621 2614/3064/620 2621/3074/630 2622/3075/631
f 2616/3066/622 2615/3065/621 2622/3075/631 2623/3076/632
f 2617/3067/623 2616/3066/622 2623/3076/632 2624/3077/633
f 2618/3068/624 2617/3067/623 2624/3077/633 2625/3071/627
f 2622/3075/631 2621/3074/630 2628/3078/634 2629/3079/635
f 2623/3076/632 2622/3075/631 2629/3079/635 2630/3080/636
f 2624/3077/633 2623/3076/632 2630/3080/636 2631/3081/637
f 2625/3071/627 2624/3077/633 2631/3081/637 2632/3082/638
f 2626/3072/628 2625/3071/627 2632/3082/638 2633/3083/639
f 2627/3073/629 2626/3072/628 2633/3083/639 2634/3084/640
f 2621/3074/630 2599/3008/564 2628/3078/634
f 2633/3083/639 2632/3082/638 2639/3085/641 2640/3086/642
f 2634/3084/640 2633/3083/639 2640/3086/642 2641/3087/643
f 2628/3078/634 2599/3008/564 2635/3088/644
f 2629/3079/635 2628/3078/634 2635/3088/644 2636/3089/645
f 2630/3080/636 2629/3079/635 2636/3089/645 2637/3090/646
f 2631/3081/637 2630/3080/636 2637/3090/646 2638/3091/647
f 2632/3082/638 2631/3081/637 2638/3091/647 2639/3085/641
f 2637/3090/646 2636/3089/645 2643/3092/648 2644/3093/649
f 2638/3091/647 2637/3090/646 2644/3093/649 2645/3094/650
f 2639/3085/641 2638/3091/647 2645/3094/650 2646/3095/651
f 2640/3086/642 2639/3085/641 2646/3095/651 2647/3096/652
f 2641/3087/643 2640/3086/642 2647/3096/652 2648/3097/653
f 2635/3088/644 2599/3008/564 2642/3098/654
f 2636/3089/645 2635/3088/644 2642/3098/654 2643/3092/648
f 2648/3097/653 2647/3096/652 2654/3099/655 2655/3100/656
f 2642/3098/654 2599/3008/564 2649/3101/657
f 2643/3092/648 2642/3098/654 2649/3101/657 2650/3102/658
f 2644/3093/649 2643/3092/648 2650/3102/658 2651/3103/659
f 2645/3094/650 2644/3093/649 2651/3103/659 2652/3104/660
f 2646/3095/651 2645/3094/650 2652/3104/660 2653/3105/661
f 2647/3096/652 2646/3095/651 2653/3105/661 2654/3099/655
f 2651/3103/659 2650/3102/658 2657/3106/662 2658/3107/663
f 2652/3104/660 2651/3103/659 2658/3107/663 2659/3108/664
f 2653/3105/661 2652/3104/660 2659/3108/664 2660/3109/665
f 2654/3099/655 2653/3105/661 2660/3109/665 2661/3110/666
f 2655/3100/656 2654/3099/655 2661/3110/666 2662/3111/667
f 2649/3101/657 2599/3008/564 2656/3112/668
f 2650/3102/658 2649/3101/657 2656/3112/668 2657/3106/662
f 2662/3111/667 2661/3110/666 2668/3113/669 2669/3114/670
f 2656/3112/668 2599/3008/564 2663/3115/671
f 2657/3106/662 2656/3112/668 2663/3115/671 2664/3116/672
f 2658/3107/663 2657/3106/662 2664/3116/672 2665/3117/673
f 2659/3108/664 2658/3107/663 2665/3117/673 2666/3118/674
f 2660/3109/665 2659/3108/664 2666/3118/674 2667/3119/675
f 2661/3110/666 2660/3109/665 2667/3119/675 2668/3113/669
f 2666/3118/674 2665/3117/673 2672/3120/676 2673/3121/677
f 2667/3119/675 2666/3118/674 2673/3121/677 2674/3122/678
f 2668/3113/669 2667/3119/675 2674/3122/678 2675/3123/679
f 2669/3114/670 2668/3113/669 2675/3123/679 2676/3124/680
f 2663/3115/671 2599/3008/564 2670/3125/681
f 2664/3116/672 2663/3115/671 2670/3125/681 2671/3126/682
f 2665/3117/673 2664/3116/672 2671/3126/682 2672/3120/676
f 2670/3125/681 2599/3008/564 2677/3127/683
f 2671/3126/682 2670/3125/681 2677/3127/683 2678/3128/684
f 2672/3120/676 2671/3126/682 2678/3128/684 2679/3129/685
f 2673/3121/677 2672/3120/676 2679/3129/685 2680/3130/686
f 2674/3122/678 2673/3121/677 2680/3130/686 2681/3131/687
f 2675/3123/679 2674/3122/678 2681/3131/687 2682/3132/688
f 2676/3124/680 2675/3123/679 2682/3132/688 2683/3133/689
f 2681/3131/687 2680/3130/686 2687/3134/690 2688/3135/691
f 2682/3132/688 2681/3131/687 2688/3135/691 2689/3136/692
f 2683/3133/689 2682/3132/688 2689/3136/692 2690/3137/693
f 2677/3127/683 2599/3008/564 2684/3138/694
f 2678/3128/684 2677/3127/683 2684/3138/694 2685/3139/695
f 2679/3129/685 2678/3128/684 2685/3139/695 2686/3140/696
f 2680/3130/686 2679/3129/685 2686/3140/696 2687/3134/690
f 2684/3138/694 2599/3008/564 2691/3141/697
f 2685/3139/695 2684/3138/694 2691/3141/697 2692/3142/698
f 2686/3140/696 2685/3139/695 2692/3142/698 2693/3143/699
f 2687/3134/690 2686/3140/696 2693/3143/699 2694/3144/700
f 2688/3135/691 2687/3134/690 2694/3144/700 2695/3145/701
f 2689/3136/692 2688/3135/691 2695/3145/701 2696/3146/702
f 2690/3137/693 2689/3136/692 2696/3146/702 2697/3147/703
f 2695/3145/701 2694/3144/700 2701/3148/704 2702/3149/705
f 2696/3146/702 2695/3145/701 2702/3149/705 2703/3150/706
f 2697/3147/703 2696/3146/702 2703/3150/706 2704/3151/707
f 2691/3141/697 2599/3008/564 2698/3152/708
f 2692/3142/698 2691/3141/697 2698/3152/708 2699/3153/709
f 2693/3143/699 2692/3142/698 2699/3153/709 2700/3154/710
f 2694/3144/700 2693/3143/699 2700/3154/710 2701/3148/704
f 2699/3153/709 2698/3152/708 2705/3155/711 2706/3156/712
f 2700/3154/710 2699/3153/709 2706/3156/712 2707/3157/713
f 2701/3148/704 2700/3154/710 2707/3157/713 2708/3158/714
f 2702/3149/705 2701/3148/704 2708/3158/714 2709/3159/715
f 2703/3150/706 2702/3149/705 2709/3159/715 2710/3160/716
f 2704/3151/707 2703/3150/706 2710/3160/716 2711/3161/717
f 2698/3152/708 2599/3008/564 2705/3155/711
f 2710/3160/716 2709/3159/715 2716/3162/718 2717/3163/719
f 2711/3161/717 2710/3160/716 2717/3163/719 2718/3164/720
f 2705/3155/711 2599/3008/564 2712/3165/721
f 2706/3156/712 2705/3155/711 2712/3165/721 2713/3166/722
f 2707/3157/713 2706/3156/712 2713/3166/722 2714/3167/723
f 2708/3158/714 2707/3157/713 2714/3167/723 2715/3168/724
f 2709/3159/715 2708/3158/714 2715/3168/724 2716/3162/718
f 2713/3166/722 2712/3165/721 2719/3169/725 2720/3170/726
f 2714/3167/723 2713/3166/722 2720/3170/726 2721/3171/727
f 2715/3168/724 2714/3167/723 2721/3171/727 2722/3172/728
f 2716/3162/718 2715/3168/724 2722/3172/728 2723/3173/729
f 2717/3163/719 2716/3162/718 2723/3173/729 2724/3174/730
f 2718/3164/720 2717/3163/719 2724/3174/730 2725/3175/731
f 2712/3165/721 2599/3008/564 2719/3169/725
f 2724/3174/730 2723/3173/729 2730/3176/732 2731/3177/733
f 2725/3175/731 2724/3174/730 2731/3177/733 2732/3178/734
f 2719/3169/725 2599/3008/564 2726/3179/735
f 2720/3170/726 2719/3169/725 2726/3179/735 2727/3180/736
f 2721/3171/727 2720/3170/726 2727/3180/736 2728/3181/737
f 2722/3172/728 2721/3171/727 2728/3181/737 2729/3182/738
f 2723/3173/729 2722/3172/728 2729/3182/738 2730/3176/732
f 2728/3181/737 2727/3180/736 2734/3183/739 2735/3184/740
f 2729/3182/738 2728/3181/737 2735/3184/740 2736/3185/741
f 2730/3176/732 2729/3182/738 2736/3185/741 2737/3186/742
f 2731/3177/733 2730/3176/732 2737/3186/742 2738/3187/743
f 2732/3178/734 2731/3177/733 2738/3187/743 2739/3188/744
f 2726/3179/735 2599/3008/564 2733/3189/745
f 2727/3180/736 2726/3179/735 2733/3189/745 2734/3183/739
f 2739/3188/744 2738/3187/743 2745/3190/746 2746/3191/747
f 2733/3189/745 2599/3008/564 2740/3192/748
f 2734/3183/739 2733/3189/745 2740/3192/748 2741/3193/749
f 2735/3184/740 2734/3183/739 2741/3193/749 2742/3194/750
f 2736/3185/741 2735/3184/740 2742/3194/750 2743/3195/751
f 2737/3186/742 2736/3185/741 2743/3195/751 2744/3196/752
f 2738/3187/743 2737/3186/742 2744/3196/752 2745/3190/746
f 2743/3195/751 2742/3194/750 2749/3197/753 2750/3198/754
f 2744/3196/752 2743/3195/751 2750/3198/754 2751/3199/755
f 2745/3190/746 2744/3196/752 2751/3199/755 2752/3200/756
f 2746/3191/747 2745/3190/746 2752/3200/756 2753/3201/757
f 2740/3192/748 2599/3008/564 2747/3202/758
f 2741/3193/749 2740/3192/748 2747/3202/758 2748/3203/759
f 2742/3194/750 2741/3193/749 2748/3203/759 2749/3197/753
f 2747/3202/758 2599/3008/564 2754/3204/760
f 2748/3203/759 2747/3202/758 2754/3204/760 2755/3205/761
f 2749/3197/753 2748/3203/759 2755/3205/761 2756/3206/762
f 2750/3198/754 2749/3197/753 2756/3206/762 2757/3207/763
f 2751/3199/755 2750/3198/754 2757/3207/763 2758/3208/764
f 2752/3200/756 2751/3199/755 2758/3208/764 2759/3209/765
f 2753/3201/757 2752/3200/756 2759/3209/765 2760/3210/766
f 2757/3207/763 2756/3206/762 2766/3211/767 2767/3212/768
f 2997/3213/769 3008/3214/770 2773/3215/771 2774/3216/772
f 2758/3208/764 2757/3207/763 2767/3212/768 2768/3217/773
f 3000/3218/774 3013/3219/775 2778/3220/776 2786/3221/777
f 2759/3209/765 2758/3208/764 2768/3217/773 2769/3222/778
f 2996/3223/779 3009/3224/780 2788/3225/781 2789/3226/782
f 2760/3210/766 2759/3209/765 2769/3222/778 2770/3227/783
f 2995/3228/784 3007/3229/785 2791/3230/786 2792/3231/787
f 2754/3204/760 2599/3008/564 2764/3232/788
f 2998/3233/789 3011/3234/790 2763/3235/791 2771/3236/792
f 3004/3237/793 3018/3238/794 2805/3239/795 2806/3240/796
f 2755/3205/761 2754/3204/760 2764/3232/788 2765/3241/797
f 3001/3242/798 3012/3243/799 2808/3244/800 2813/3245/801
f 2756/3206/762 2755/3205/761 2765/3241/797 2766/3211/767
f 3003/3246/802 3016/3247/803 2775/3248/804 2776/3249/805
f 2764/3232/788 2599/3008/564 2779/3250/806
f 3007/3229/785 3015/3251/807 2790/3252/808 2791/3230/786
f 3002/3253/809 3014/3254/810 2793/3255/811 2801/3256/812
f 2765/3241/797 2764/3232/788 2779/3250/806 2780/3257/813
f 2999/3258/814 3010/3259/815 2815/3260/816 2816/3261/817
f 2766/3211/767 2765/3241/797 2780/3257/813 2781/3262/818
f 3008/3214/770 3017/3263/819 2772/3264/820 2773/3215/771
f 2767/3212/768 2766/3211/767 2781/3262/818 2782/3265/821
f 3009/3224/780 3019/3266/822 2787/3267/823 2788/3225/781
f 2768/3217/773 2767/3212/768 2782/3265/821 2783/3268/824
f 3005/3269/825 3021/3270/826 2802/3271/827 2803/3272/828
f 2769/3222/778 2768/3217/773 2783/3268/824 2784/3273/829
f 3010/3259/815 3020/3274/830 2814/3275/831 2815/3260/816
f 2770/3227/783 2769/3222/778 2784/3273/829 2785/3276/832
f 3011/3234/790 3023/3277/833 2762/3278/834 2763/3235/791
f 3012/3243/799 3024/3279/835 2807/3280/836 2808/3244/800
f 2783/3268/824 2782/3265/821 2797/3281/837 2798/3282/838
f 3013/3219/775 3022/3283/839 2777/3284/840 2778/3220/776
f 2784/3273/829 2783/3268/824 2798/3282/838 2799/3285/841
f 3014/3254/810 2995/3228/784 2792/3231/787 2793/3255/811
f 2785/3276/832 2784/3273/829 2799/3285/841 2800/3286/842
f 3015/3251/807 2996/3223/779 2789/3226/782 2790/3252/808
f 2779/3250/806 2599/3008/564 2794/3287/843
f 3016/3247/803 2997/3213/769 2774/3216/772 2775/3248/804
f 3017/3263/819 2998/3233/789 2771/3236/792 2772/3264/820
f 2780/3257/813 2779/3250/806 2794/3287/843 2795/3288/844
f 3018/3238/794 3025/3289/845 2804/3290/846 2805/3239/795
f 2781/3262/818 2780/3257/813 2795/3288/844 2796/3291/847
f 3006/3292/848 2999/3258/814 2816/3261/817 2817/3293/849
f 2782/3265/821 2781/3262/818 2796/3291/847 2797/3281/837
f 2794/3287/843 2599/3008/564 2809/3007/563
f 3019/3266/822 3000/3218/774 2786/3221/777 2787/3267/823
f 3020/3274/830 3001/3242/798 2813/3245/801 2814/3275/831
f 2795/3288/844 2794/3287/843 2809/3007/563 2810/3010/566
f 3021/3270/826 3002/3253/809 2801/3256/812 2802/3271/827
f 2796/3291/847 2795/3288/844 2810/3010/566 2561/3012/568
f 3022/3283/839 3003/3246/802 2776/3249/805 2777/3284/840
f 2797/3281/837 2796/3291/847 2561/3012/568 2811/3014/570
f 3023/3277/833 3026/3294/850 2761/3295/851 2762/3278/834
f 2798/3282/838 2797/3281/837 2811/3014/570 2562/3016/572
f 3024/3279/835 3004/3237/793 2806/3240/796 2807/3280/836
f 2799/3285/841 2798/3282/838 2562/3016/572 2812/3018/574
f 3025/3289/845 3005/3269/825 2803/3272/828 2804/3290/846
f 2800/3286/842 2799/3285/841 2812/3018/574 2563/3020/576
f 3026/3294/850 3006/3296/848 2817/3297/849 2761/3295/851
f 2775/3298/804 2774/3299/772 2824/3300/852 2825/3301/852
f 2802/3302/827 2801/3303/812 2837/3304/852 2838/3305/852
f 2761/3306/851 2817/3307/849 2849/3308/852 2818/3309/852
f 2789/3310/782 2788/3311/781 2831/3312/852 2832/3313/852
f 2813/3314/801 2808/3315/800 2844/3316/852 2845/3317/852
f 2776/3318/805 2775/3298/804 2825/3301/852 2826/3319/852
f 2803/3320/828 2802/3302/827 2838/3305/852 2839/3321/852
f 2762/3322/834 2761/3306/851 2818/3309/852 2819/3323/852
f 2790/3324/808 2789/3310/782 2832/3313/852 2833/3325/852
f 2814/3326/831 2813/3314/801 2845/3317/852 2846/3327/852
f 2815/3328/816 2814/3326/831 2846/3327/852 2847/3329/852
f 2777/3330/840 2776/3318/805 2826/3319/852 2827/3331/852
f 2804/3332/846 2803/3320/828 2839/3321/852 2840/3333/852
f 2763/3334/791 2762/3322/834 2819/3323/852 2820/3335/852
f 2791/3336/786 2790/3324/808 2833/3325/852 2834/3337/852
f 2816/3338/817 2815/3328/816 2847/3329/852 2848/3339/852
f 2778/3340/776 2777/3330/840 2827/3331/852 2828/3341/852
f 2805/3342/795 2804/3332/846 2840/3333/852 2841/3343/852
f 2771/3344/792 2763/3334/791 2820/3335/852 2821/3345/852
f 2792/3346/787 2791/3336/786 2834/3337/852 2835/3347/852
f 2817/3307/849 2816/3338/817 2848/3339/852 2849/3308/852
f 2772/3348/820 2771/3344/792 2821/3345/852 2822/3349/852
f 2786/3350/777 2778/3340/776 2828/3341/852 2829/3351/852
f 2806/3352/796 2805/3342/795 2841/3343/852 2842/3353/852
f 2773/3354/771 2772/3348/820 2822/3349/852 2823/3355/852
f 2793/3356/811 2792/3346/787 2835/3347/852 2836/3357/852
f 2787/3358/823 2786/3350/777 2829/3351/852 2830/3359/852
f 2807/3360/836 2806/3352/796 2842/3353/852 2843/3361/852
f 2774/3299/772 2773/3354/771 2823/3355/852 2824/3300/852
f 2801/3303/812 2793/3356/811 2836/3357/852 2837/3304/852
f 2788/3311/781 2787/3358/823 2830/3359/852 2831/3312/852
f 2808/3315/800 2807/3360/836 2843/3361/852 2844/3316/852
f 2834/3337/852 2833/3325/852 2865/3362/852 2866/3363/852
f 2821/3345/852 2820/3335/852 2852/3364/852 2853/3365/852
f 2848/3339/852 2847/3329/852 2879/3366/852 2880/3367/852
f 2835/3347/852 2834/3337/852 2866/3363/852 2867/3368/852
f 2822/3349/852 2821/3345/852 2853/3365/852 2854/3369/852
f 2849/3308/852 2848/3339/852 2880/3367/852 2881/3370/852
f 2836/3357/852 2835/3347/852 2867/3368/852 2868/3371/852
f 2823/3355/852 2822/3349/852 2854/3369/852 2855/3372/852
f 2837/3304/852 2836/3357/852 2868/3371/852 2869/3373/852
f 2824/3300/852 2823/3355/852 2855/3372/852 2856/3374/852
f 2838/3305/852 2837/3304/852 2869/3373/852 2870/3375/852
f 2825/3301/852 2824/3300/852 2856/3374/852 2857/3376/852
f 2839/3321/852 2838/3305/852 2870/3375/852 2871/3377/852
f 2826/3319/852 2825/3301/852 2857/3376/852 2858/3378/852
f 2840/3333/852 2839/3321/852 2871/3377/852 2872/3379/852
f 2827/3331/852 2826/3319/852 2858/3378/852 2859/3380/852
f 2841/3343/852 2840/3333/852 2872/3379/852 2873/3381/852
f 2828/3341/852 2827/3331/852 2859/3380/852 2860/3382/852
f 2842/3353/852 2841/3343/852 2873/3381/852 2874/3383/852
f 2829/3351/852 2828/3341/852 2860/3382/852 2861/3384/852
f 2843/3361/852 2842/3353/852 2874/3383/852 2875/3385/852
f 2830/3359/852 2829/3351/852 2861/3384/852 2862/3386/852
f 2844/3316/852 2843/3361/852 2875/3385/852 2876/3387/852
f 2831/3312/852 2830/3359/852 2862/3386/852 2863/3388/852
f 2818/3309/852 2849/3308/852 2881/3370/852 2850/3389/852
f 2845/3317/852 2844/3316/852 2876/3387/852 2877/3390/852
f 2832/3313/852 2831/3312/852 2863/3388/852 2864/3391/852
f 2819/3323/852 2818/3309/852 2850/3389/852 2851/3392/852
f 2846/3327/852 2845/3317/852 2877/3390/852 2878/3393/852
f 2833/3325/852 2832/3313/852 2864/3391/852 2865/3362/852
f 2820/3335/852 2819/3323/852 2851/3392/852 2852/3364/852
f 2847/3329/852 2846/3327/852 2878/3393/852 2879/3366/852
f 2856/3374/852 2882/3394/852 2858/3378/852 2857/3376/852
f 2882/3394/852 2889/3395/852 2859/3380/852 2858/3378/852
f 2889/3395/852 2896/3396/852 2860/3382/852 2859/3380/852
f 2896/3396/852 2903/3397/852 2861/3384/852 2860/3382/852
f 2903/3397/852 2910/3398/852 2862/3386/852 2861/3384/852
f 2910/3398/852 2917/3399/852 2863/3388/852 2862/3386/852
f 2917/3399/852 2924/3400/852 2864/3391/852 2863/3388/852
f 2924/3400/852 2866/3363/852 2865/3362/852 2864/3391/852
f 2855/3372/852 2883/3401/852 2882/3394/852 2856/3374/852
f 2883/3401/852 2890/3402/852 2889/3395/852 2882/3394/852
f 2890/3402/852 2897/3403/852 2896/3396/852 2889/3395/852
f 2897/3403/852 2904/3404/852 2903/3397/852 2896/3396/852
f 2904/3404/852 2911/3405/852 2910/3398/852 2903/3397/852
f 2911/3405/852 2918/3406/852 2917/3399/852 2910/3398/852
f 2918/3406/852 2925/3407/852 2924/3400/852 2917/3399/852
f 2925/3407/852 2867/3368/852 2866/3363/852 2924/3400/852
f 2854/3369/852 2884/3408/852 2883/3401/852 2855/3372/852
f 2884/3408/852 2891/3409/852 2890/3402/852 2883/3401/852
f 2891/3409/852 2898/3410/852 2897/3403/852 2890/3402/852
f 2898/3410/852 2905/3411/852 2904/3404/852 2897/3403/852
f 2905/3411/852 2912/3412/852 2911/3405/852 2904/3404/852
f 2912/3412/852 2919/3413/852 2918/3406/852 2911/3405/852
f 2919/3413/852 2926/3414/852 2925/3407/852 2918/3406/852
f 2926/3414/852 2868/3371/852 2867/3368/852 2925/3407/852
f 2853/3365/852 2885/3415/852 2884/3408/852 2854/3369/852
f 2885/3415/852 2892/3416/852 2891/3409/852 2884/3408/852
f 2892/3416/852 2899/3417/852 2898/3410/852 2891/3409/852
f 2899/3417/852 2906/3418/852 2905/3411/852 2898/3410/852
f 2906/3418/852 2913/3419/852 2912/3412/852 2905/3411/852
f 2913/3419/852 2920/3420/852 2919/3413/852 2912/3412/852
f 2920/3420/852 2927/3421/852 2926/3414/852 2919/3413/852
f 2927/3421/852 2869/3373/852 2868/3371/852 2926/3414/852
f 2852/3364/852 2886/3422/852 2885/3415/852 2853/3365/852
f 2886/3422/852 2893/3423/852 2892/3416/852 2885/3415/852
f 2893/3423/852 2900/3424/852 2899/3417/852 2892/3416/852
f 2900/3424/852 2907/3425/852 2906/3418/852 2899/3417/852
f 2907/3425/852 2914/3426/852 2913/3419/852 2906/3418/852
f 2914/3426/852 2921/3427/852 2920/3420/852 2913/3419/852
f 2921/3427/852 2928/3428/852 2927/3421/852 2920/3420/852
f 2928/3428/852 2870/3375/852 2869/3373/852 2927/3421/852
f 2851/3392/852 2887/3429/852 2886/3422/852 2852/3364/852
f 2887/3429/852 2894/3430/852 2893/3423/852 2886/3422/852
f 2894/3430/852 2901/3431/852 2900/3424/852 2893/3423/852
f 2901/3431/852 2908/3432/852 2907/3425/852 2900/3424/852
f 2908/3432/852 2915/3433/852 2914/3426/852 2907/3425/852
f 2915/3433/852 2922/3434/852 2921/3427/852 2914/3426/852
f 2922/3434/852 2929/3435/852 2928/3428/852 2921/3427/852
f 2929/3435/852 2871/3377/852 2870/3375/852 2928/3428/852
f 2850/3389/852 2888/3436/852 2887/3429/852 2851/3392/852
f 2888/3436/852 2895/3437/852 2894/3430/852 2887/3429/852
f 2895/3437/852 2902/3438/852 2901/3431/852 2894/3430/852
f 2902/3438/852 2909/3439/852 2908/3432/852 2901/3431/852
f 2909/3439/852 2916/3440/852 2915/3433/852 2908/3432/852
f 2916/3440/852 2923/3441/852 2922/3434/852 2915/3433/852
f 2923/3441/852 2930/3442/852 2929/3435/852 2922/3434/852
f 2930/3442/852 2872/3379/852 2871/3377/852 2929/3435/852
f 2881/3370/852 2880/3367/852 2888/3436/852 2850/3389/852
f 2880/3367/852 2879/3366/852 2895/3437/852 2888/3436/852
f 2879/3366/852 2878/3393/852 2902/3438/852 2895/3437/852
f 2878/3393/852 2877/3390/852 2909/3439/852 2902/3438/852
f 2877/3390/852 2876/3387/852 2916/3440/852 2909/3439/852
f 2876/3387/852 2875/3385/852 2923/3441/852 2916/3440/852
f 2875/3385/852 2874/3383/852 2930/3442/852 2923/3441/852
f 2874/3383/852 2873/3381/852 2872/3379/852 2930/3442/852
f 2800/3443/842 2563/3444/576 2961/3445/848 2962/3446/850
f 2627/3447/629 2634/3448/640 2959/3449/825 2960/3450/845
f 2606/3451/612 2613/3452/616 2957/3453/793 2958/3454/835
f 2785/3455/832 2800/3443/842 2962/3446/850 2956/3456/833
f 2718/3457/720 2725/3458/731 2954/3459/802 2955/3460/839
f 2641/3461/643 2648/3462/653 2952/3463/809 2953/3464/826
f 2584/3465/589 2591/3466/598 2950/3467/798 2951/3468/830
f 2697/3469/703 2704/3470/707 2948/3471/774 2949/3472/822
f 2563/3473/576 2570/3474/577 2947/3475/814 2961/3476/848
f 2620/3477/626 2627/3447/629 2960/3450/845 2946/3478/794
f 2753/3479/757 2760/3480/766 2944/3481/789 2945/3482/819
f 2732/3483/734 2739/3484/744 2942/3485/769 2943/3486/803
f 2676/3487/680 2683/3488/689 2940/3489/779 2941/3490/807
f 2655/3491/656 2662/3492/667 2938/3493/784 2939/3494/810
f 2711/3495/717 2718/3457/720 2955/3460/839 2937/3496/775
f 2598/3497/603 2606/3451/612 2958/3454/835 2936/3498/799
f 2770/3499/783 2785/3455/832 2956/3456/833 2935/3500/790
f 2577/3501/579 2584/3465/589 2951/3468/830 2934/3502/815
f 2634/3448/640 2641/3461/643 2953/3464/826 2959/3449/825
f 2690/3503/693 2697/3469/703 2949/3472/822 2933/3504/780
f 2746/3505/747 2753/3479/757 2945/3482/819 2932/3506/770
f 2570/3474/577 2577/3501/579 2934/3502/815 2947/3475/814
f 2648/3462/653 2655/3491/656 2939/3494/810 2952/3463/809
f 2669/3507/670 2676/3487/680 2941/3490/807 2931/3508/785
f 2725/3458/731 2732/3483/734 2943/3486/803 2954/3459/802
f 2591/3466/598 2598/3497/603 2936/3498/799 2950/3467/798
f 2613/3452/616 2620/3477/626 2946/3478/794 2957/3453/793
f 2760/3480/766 2770/3499/783 2935/3500/790 2944/3481/789
f 2662/3492/667 2669/3507/670 2931/3508/785 2938/3493/784
f 2683/3488/689 2690/3503/693 2933/3504/780 2940/3489/779
f 2704/3470/707 2711/3495/717 2937/3496/775 2948/3471/774
f 2739/3484/744 2746/3505/747 2932/3506/770 2942/3485/769
f 2962/3446/850 2961/3445/848 2974/3509/848 2994/3510/850
f 2960/3450/845 2959/3449/825 2973/3511/825 2993/3512/845
f 2958/3454/835 2957/3453/793 2972/3513/793 2992/3514/835
f 2956/3456/833 2962/3446/850 2994/3510/850 2991/3515/833
f 2955/3460/839 2954/3459/802 2971/3516/802 2990/3517/839
f 2953/3464/826 2952/3463/809 2970/3518/809 2989/3519/826
f 2951/3468/830 2950/3467/798 2969/3520/798 2988/3521/830
f 2949/3472/822 2948/3471/774 2968/3522/774 2987/3523/822
f 2961/3476/848 2947/3475/814 2967/3524/814 2974/3525/848
f 2946/3478/794 2960/3450/845 2993/3512/845 2986/3526/794
f 2945/3482/819 2944/3481/789 2966/3527/789 2985/3528/819
f 2943/3486/803 2942/3485/769 2965/3529/769 2984/3530/803
f 2941/3490/807 2940/3489/779 2964/3531/779 2983/3532/807
f 2939/3494/810 2938/3493/784 2963/3533/784 2982/3534/810
f 2937/3496/775 2955/3460/839 2990/3517/839 2981/3535/775
f 2936/3498/799 2958/3454/835 2992/3514/835 2980/3536/799
f 2935/3500/790 2956/3456/833 2991/3515/833 2979/3537/790
f 2934/3502/815 2951/3468/830 2988/3521/830 2978/3538/815
f 2959/3449/825 2953/3464/826 2989/3519/826 2973/3511/825
f 2933/3504/780 2949/3472/822 2987/3523/822 2977/3539/780
f 2932/3506/770 2945/3482/819 2985/3528/819 2976/3540/770
f 2947/3475/814 2934/3502/815 2978/3538/815 2967/3524/814
f 2952/3463/809 2939/3494/810 2982/3534/810 2970/3518/809
f 2931/3508/785 2941/3490/807 2983/3532/807 2975/3541/785
f 2954/3459/802 2943/3486/803 2984/3530/803 2971/3516/802
f 2950/3467/798 2936/3498/799 2980/3536/799 2969/3520/798
f 2957/3453/793 2946/3478/794 2986/3526/794 2972/3513/793
f 2944/3481/789 2935/3500/790 2979/3537/790 2966/3527/789
f 2938/3493/784 2931/3508/785 2975/3541/785 2963/3533/784
f 2940/3489/779 2933/3504/780 2977/3539/780 2964/3531/779
f 2948/3471/774 2937/3496/775 2981/3535/775 2968/3522/774
f 2942/3485/769 2932/3506/770 2976/3540/770 2965/3529/769
f 2994/3510/850 2974/3509/848 3006/3296/848 3026/3294/850
f 2993/3512/845 2973/3511/825 3005/3269/825 3025/3289/845
f 2992/3514/835 2972/3513/793 3004/3237/793 3024/3279/835
f 2991/3515/833 2994/3510/850 3026/3294/850 3023/3277/833
f 2990/3517/839 2971/3516/802 3003/3246/802 3022/3283/839
f 2989/3519/826 2970/3518/809 3002/3253/809 3021/3270/826
f 2988/3521/830 2969/3520/798 3001/3242/798 3020/3274/830
f 2987/3523/822 2968/3522/774 3000/3218/774 3019/3266/822
f 2974/3525/848 2967/3524/814 2999/3258/814 3006/3292/848
f 2986/3526/794 2993/3512/845 3025/3289/845 3018/3238/794
f 2985/3528/819 2966/3527/789 2998/3233/789 3017/3263/819
f 2984/3530/803 2965/3529/769 2997/3213/769 3016/3247/803
f 2983/3532/807 2964/3531/779 2996/3223/779 3015/3251/807
f 2982/3534/810 2963/3533/784 2995/3228/784 3014/3254/810
f 2981/3535/775 2990/3517/839 3022/3283/839 3013/3219/775
f 2980/3536/799 2992/3514/835 3024/3279/835 3012/3243/799
f 2979/3537/790 2991/3515/833 3023/3277/833 3011/3234/790
f 2978/3538/815 2988/3521/830 3020/3274/830 3010/3259/815
f 2973/3511/825 2989/3519/826 3021/3270/826 3005/3269/825
f 2977/3539/780 2987/3523/822 3019/3266/822 3009/3224/780
f 2976/3540/770 2985/3528/819 3017/3263/819 3008/3214/770
f 2967/3524/814 2978/3538/815 3010/3259/815 2999/3258/814
f 2970/3518/809 2982/3534/810 3014/3254/810 3002/3253/809
f 2975/3541/785 2983/3532/807 3015/3251/807 3007/3229/785
f 2971/3516/802 2984/3530/803 3016/3247/803 3003/3246/802
f 2969/3520/798 2980/3536/799 3012/3243/799 3001/3242/798
f 2972/3513/793 2986/3526/794 3018/3238/794 3004/3237/793
f 2966/3527/789 2979/3537/790 3011/3234/790 2998/3233/789
f 2963/3533/784 2975/3541/785 3007/3229/785 2995/3228/784
f 2964/3531/779 2977/3539/780 3009/3224/780 2996/3223/779
f 2968/3522/774 2981/3535/775 3013/3219/775 3000/3218/774
f 2965/3529/769 2976/3540/770 3008/3214/770 2997/3213/769
o Chair_legs
v -0.088327 0.775661 0.076027
v -0.092127 0.769371 0.070823
v -0.092816 0.760780 0.068216
v -0.090210 0.752189 0.068905
v -0.085006 0.745899 0.072705
v -0.078598 0.743597 0.078599
v -0.072705 0.745899 0.085006
v -0.068905 0.752189 0.090210
v -0.068216 0.760780 0.092816
v -0.070822 0.769371 0.092127
v -0.076027 0.775660 0.088327
v -0.082434 0.777963 0.082434
v -0.099927 0.770896 0.087627
v -0.102595 0.765082 0.081290
v -0.101736 0.757139 0.077135
v -0.097581 0.749197 0.076277
v -0.091244 0.743383 0.078944
v -0.084422 0.741254 0.084422
v -0.078944 0.743383 0.091244
v -0.076277 0.749197 0.097581
v -0.077135 0.757139 0.101736
v -0.081290 0.765082 0.102595
v -0.087627 0.770896 0.099928
v -0.094449 0.773024 0.094449
v -0.109663 0.762293 0.097363
v -0.111276 0.757409 0.089972
v -0.108978 0.750738 0.084378
v -0.103384 0.744067 0.082079
v -0.095993 0.739183 0.083693
v -0.088786 0.737395 0.088786
v -0.083693 0.739183 0.095993
v -0.082079 0.744067 0.103384
v -0.084377 0.750738 0.108978
v -0.089971 0.757409 0.111276
v -0.097362 0.762293 0.109663
v -0.104570 0.764080 0.104570
v -0.117235 0.750536 0.104935
v -0.118073 0.746837 0.096768
v -0.114715 0.741784 0.090115
v -0.108062 0.736730 0.086757
v -0.099895 0.733031 0.087595
v -0.092404 0.731677 0.092404
v -0.087595 0.733031 0.099895
v -0.086757 0.736730 0.108062
v -0.090114 0.741784 0.114715
v -0.096768 0.746837 0.118073
v -0.104934 0.750536 0.117235
v -0.112426 0.751890 0.112426
v -0.122711 0.736578 0.110411
v -0.123096 0.734003 0.101791
v -0.119119 0.730485 0.094519
v -0.111846 0.726967 0.090542
v -0.103226 0.724392 0.090926
v -0.095569 0.723450 0.095569
v -0.090926 0.724392 0.103227
v -0.090541 0.726967 0.111846
v -0.094518 0.730485 0.119119
v -0.101791 0.734003 0.123096
v -0.110411 0.736578 0.122711
v -0.118068 0.737520 0.118068
v -0.126487 0.721021 0.114187
v -0.126646 0.719343 0.105342
v -0.122362 0.717050 0.097761
v -0.114781 0.714758 0.093477
v -0.105936 0.713079 0.093636
v -0.098196 0.712465 0.098196
v -0.093636 0.713079 0.105936
v -0.093476 0.714758 0.114781
v -0.097761 0.717050 0.122362
v -0.105342 0.719343 0.126647
v -0.114187 0.721021 0.126487
v -0.121927 0.721636 0.121927
v -0.128979 0.704110 0.116679
v -0.129038 0.703086 0.107733
v -0.124615 0.701688 0.100015
v -0.116897 0.700289 0.095593
v -0.107951 0.699265 0.095651
v -0.100175 0.698891 0.100175
v -0.095651 0.699265 0.107952
v -0.095593 0.700289 0.116898
v -0.100015 0.701688 0.124616
v -0.107733 0.703086 0.129038
v -0.116679 0.704110 0.128979
v -0.124455 0.704484 0.124456
v -0.130512 0.685948 0.118212
v -0.130530 0.685381 0.109226
v -0.126052 0.684605 0.101452
v -0.118279 0.683830 0.096974
v -0.109292 0.683262 0.096992
v -0.101501 0.683054 0.101501
v -0.096992 0.683262 0.109292
v -0.096974 0.683830 0.118279
v -0.101452 0.684605 0.126052
v -0.109225 0.685381 0.130530
v -0.118212 0.685948 0.130512
v -0.126003 0.686156 0.126004
v -0.131337 0.666635 0.119037
v -0.131341 0.666372 0.110037
v -0.126844 0.666011 0.102244
v -0.119052 0.665651 0.097747
v -0.110051 0.665387 0.097751
v -0.102254 0.665291 0.102255
v -0.097751 0.665387 0.110051
v -0.097747 0.665651 0.119052
v -0.102244 0.666011 0.126845
v -0.110036 0.666372 0.131342
v -0.119037 0.666635 0.131338
v -0.126834 0.666732 0.126834
v -0.131665 0.646295 0.119365
v -0.131665 0.646218 0.110361
v -0.127164 0.646114 0.102563
v -0.119366 0.646010 0.098062
v -0.110362 0.645934 0.098062
v -0.102564 0.645906 0.102564
v -0.098062 0.645934 0.110362
v -0.098061 0.646010 0.119366
v -0.102563 0.646114 0.127164
v -0.110361 0.646218 0.131666
v -0.119365 0.646295 0.131665
v -0.127163 0.646323 0.127163
v -0.131684 0.625078 0.119384
v -0.131684 0.625097 0.110380
v -0.127182 0.625122 0.102582
v -0.119384 0.625148 0.098080
v -0.110380 0.625166 0.098080
v -0.102582 0.625173 0.102582
v -0.098079 0.625166 0.110380
v -0.098079 0.625148 0.119384
v -0.102582 0.625122 0.127183
v -0.110380 0.625097 0.131685
v -0.119384 0.625078 0.131685
v -0.127182 0.625071 0.127183
v -0.131574 0.603158 0.119274
v -0.131574 0.603194 0.110270
v -0.127072 0.603243 0.102472
v -0.119274 0.603292 0.097970
v -0.110270 0.603328 0.097970
v -0.102472 0.603341 0.102472
v -0.097970 0.603328 0.110270
v -0.097970 0.603292 0.119275
v -0.102472 0.603243 0.127073
v -0.110270 0.603194 0.131575
v -0.119274 0.603158 0.131575
v -0.127072 0.603145 0.127072
v -0.131508 0.580570 0.119208
v -0.131508 0.580619 0.110204
v -0.127006 0.580686 0.102406
v -0.119208 0.580753 0.097904
v -0.110204 0.580802 0.097904
v -0.102406 0.580820 0.102406
v -0.097903 0.580802 0.110204
v -0.097903 0.580753 0.119208
v -0.102405 0.580686 0.127006
v -0.110203 0.580619 0.131508
v -0.119208 0.580570 0.131508
v -0.127006 0.580552 0.127006
v -0.131364 0.562499 0.119064
v -0.131364 0.562600 0.110060
v -0.126863 0.562737 0.102263
v -0.119066 0.562874 0.097761
v -0.110062 0.562974 0.097762
v -0.102264 0.563011 0.102264
v -0.097761 0.562974 0.110062
v -0.097761 0.562874 0.119066
v -0.102262 0.562737 0.126863
v -0.110060 0.562600 0.131365
v -0.119064 0.562499 0.131364
v -0.126861 0.562463 0.126862
v -0.131009 0.537692 0.118709
v -0.131010 0.537821 0.109705
v -0.126509 0.537997 0.101909
v -0.118712 0.538173 0.097408
v -0.109709 0.538301 0.097408
v -0.101911 0.538349 0.101911
v -0.097408 0.538301 0.109709
v -0.097407 0.538173 0.118712
v -0.101908 0.537997 0.126509
v -0.109705 0.537821 0.131010
v -0.118709 0.537692 0.131009
v -0.126506 0.537645 0.126507
v -0.130580 0.507684 0.118280
v -0.130580 0.507797 0.109276
v -0.126079 0.507952 0.101479
v -0.118282 0.508107 0.096978
v -0.109278 0.508221 0.096978
v -0.101481 0.508262 0.101481
v -0.096978 0.508221 0.109279
v -0.096977 0.508107 0.118282
v -0.101479 0.507952 0.126079
v -0.109276 0.507797 0.130581
v -0.118279 0.507684 0.130580
v -0.126077 0.507642 0.126078
v -0.130211 0.473923 0.117911
v -0.130212 0.473993 0.108907
v -0.125710 0.474090 0.101109
v -0.117912 0.474186 0.096608
v -0.108908 0.474257 0.096608
v -0.101110 0.474283 0.101110
v -0.096608 0.474257 0.108908
v -0.096607 0.474186 0.117912
v -0.101109 0.474090 0.125710
v -0.108907 0.473993 0.130212
v -0.117911 0.473923 0.130212
v -0.125709 0.473897 0.125709
v -0.130038 0.437890 0.117738
v -0.130038 0.437892 0.108734
v -0.125536 0.437895 0.100936
v -0.117738 0.437899 0.096434
v -0.108734 0.437901 0.096434
v -0.100936 0.437902 0.100936
v -0.096433 0.437901 0.108734
v -0.096433 0.437899 0.117738
v -0.100936 0.437895 0.125536
v -0.108734 0.437892 0.130039
v -0.117738 0.437890 0.130039
v -0.125536 0.437889 0.125536
v -0.130195 0.401084 0.117895
v -0.130196 0.400987 0.108891
v -0.125694 0.400855 0.101094
v -0.117897 0.400723 0.096592
v -0.108893 0.400627 0.096593
v -0.101095 0.400592 0.101095
v -0.096593 0.400627 0.108893
v -0.096592 0.400723 0.117897
v -0.101094 0.400855 0.125694
v -0.108891 0.400987 0.130196
v -0.117895 0.401084 0.130195
v -0.125693 0.401119 0.125693
v -0.130814 0.365020 0.118514
v -0.130817 0.364782 0.109513
v -0.126319 0.364456 0.101719
v -0.118526 0.364130 0.097221
v -0.109524 0.363892 0.097224
v -0.101727 0.363804 0.101728
v -0.097224 0.363892 0.109525
v -0.097221 0.364130 0.118526
v -0.101719 0.364456 0.126320
v -0.109513 0.364782 0.130818
v -0.118514 0.365020 0.130814
v -0.126311 0.365107 0.126311
v -0.132023 0.331246 0.119723
v -0.132035 0.330797 0.110730
v -0.127548 0.330184 0.102947
v -0.119765 0.329570 0.098460
v -0.110772 0.329122 0.098471
v -0.102978 0.328957 0.102978
v -0.098471 0.329122 0.110772
v -0.098460 0.329570 0.119765
v -0.102947 0.330184 0.127548
v -0.110730 0.330797 0.132035
v -0.119723 0.331246 0.132024
v -0.127517 0.331410 0.127517
v -0.133936 0.301376 0.121636
v -0.133970 0.300593 0.112666
v -0.129514 0.299524 0.104914
v -0.121763 0.298456 0.100458
v -0.112793 0.297673 0.100493
v -0.105007 0.297387 0.105007
v -0.100492 0.297673 0.112793
v -0.100458 0.298456 0.121763
v -0.104914 0.299524 0.129515
v -0.112665 0.300593 0.133970
v -0.121636 0.301376 0.133936
v -0.129421 0.301662 0.129421
v -0.136606 0.277219 0.124306
v -0.136713 0.275843 0.115408
v -0.132356 0.273965 0.107755
v -0.124703 0.272086 0.103398
v -0.115805 0.270711 0.103504
v -0.108045 0.270207 0.108045
v -0.103504 0.270711 0.115805
v -0.103398 0.272086 0.124703
v -0.107755 0.273965 0.132356
v -0.115408 0.275843 0.136713
v -0.124306 0.277219 0.136606
v -0.132065 0.277722 0.132065
v -0.152951 0.238914 0.140650
v -0.153819 0.235155 0.132515
v -0.150503 0.230020 0.125903
v -0.143891 0.224885 0.122587
v -0.135755 0.221126 0.123455
v -0.128275 0.219750 0.128275
v -0.123455 0.221126 0.135756
v -0.122587 0.224885 0.143892
v -0.125902 0.230020 0.150503
v -0.132514 0.235155 0.153819
v -0.140650 0.238914 0.152951
v -0.148130 0.240290 0.148131
v -0.161130 0.218407 0.148830
v -0.161527 0.215790 0.140223
v -0.157569 0.212215 0.132969
v -0.150314 0.208640 0.129010
v -0.141708 0.206022 0.129408
v -0.134055 0.205064 0.134056
v -0.129408 0.206022 0.141708
v -0.129010 0.208640 0.150315
v -0.132968 0.212215 0.157569
v -0.140223 0.215790 0.161528
v -0.148829 0.218407 0.161130
v -0.156482 0.219365 0.156482
v -0.166788 0.195566 0.154488
v -0.166954 0.193849 0.145650
v -0.162680 0.191505 0.138080
v -0.155109 0.189160 0.133805
v -0.146272 0.187444 0.133972
v -0.138535 0.186815 0.138535
v -0.133971 0.187444 0.146272
v -0.133805 0.189160 0.155110
v -0.138079 0.191505 0.162680
v -0.145650 0.193849 0.166955
v -0.154487 0.195566 0.166788
v -0.162224 0.196194 0.162225
v -0.170473 0.171193 0.158173
v -0.170534 0.170148 0.149230
v -0.166115 0.168721 0.141515
v -0.158401 0.167295 0.137096
v -0.149457 0.166250 0.137157
v -0.141681 0.165868 0.141682
v -0.137157 0.166250 0.149457
v -0.137096 0.167295 0.158401
v -0.141515 0.168721 0.166116
v -0.149229 0.170148 0.170535
v -0.158173 0.171193 0.170474
v -0.165949 0.171575 0.165949
v -0.172617 0.145996 0.160317
v -0.172634 0.145447 0.151329
v -0.168155 0.144697 0.143554
v -0.160379 0.143946 0.139075
v -0.151392 0.143397 0.139092
v -0.143600 0.143196 0.143600
v -0.139091 0.143397 0.151392
v -0.139075 0.143946 0.160380
v -0.143554 0.144697 0.168155
v -0.151329 0.145447 0.172634
v -0.160317 0.145996 0.172617
v -0.168109 0.146198 0.168109
v -0.173574 0.120701 0.161274
v -0.173576 0.120515 0.152272
v -0.169077 0.120262 0.144476
v -0.161281 0.120009 0.139977
v -0.152279 0.119823 0.139979
v -0.144481 0.119755 0.144481
v -0.139978 0.119823 0.152279
v -0.139976 0.120009 0.161281
v -0.144476 0.120262 0.169077
v -0.152271 0.120515 0.173577
v -0.161274 0.120701 0.173575
v -0.169071 0.120769 0.169072
v -0.173662 0.096064 0.161362
v -0.173662 0.096142 0.152358
v -0.169161 0.096249 0.144560
v -0.161363 0.096356 0.140059
v -0.152359 0.096434 0.140059
v -0.144561 0.096462 0.144561
v -0.140059 0.096434 0.152359
v -0.140058 0.096356 0.161363
v -0.144560 0.096249 0.169161
v -0.152358 0.096142 0.173663
v -0.161362 0.096064 0.173662
v -0.169160 0.096035 0.169160
v -0.161732 0.008546 0.161733
v -0.158643 0.008558 0.163516
v -0.155077 0.008589 0.163516
v -0.151988 0.008631 0.161733
v -0.150205 0.008673 0.158644
v -0.150205 0.008704 0.155078
v -0.151988 0.008715 0.151989
v -0.155077 0.008704 0.150205
v -0.158644 0.008673 0.150205
v -0.161733 0.008631 0.151988
v -0.163516 0.008589 0.155077
v -0.163516 0.008558 0.158644
v -0.137499 0.272678 0.125199
v -0.145204 0.252013 0.132904
v -0.139356 0.265721 0.127056
v -0.142176 0.258157 0.129876
v -0.137873 0.270029 0.116569
v -0.145564 0.249317 0.124260
v -0.139739 0.263069 0.118435
v -0.142554 0.255488 0.121250
v -0.133890 0.266406 0.109289
v -0.141550 0.245658 0.116950
v -0.135764 0.259448 0.111164
v -0.138568 0.251854 0.113968
v -0.126617 0.262782 0.105312
v -0.134241 0.242015 0.112937
v -0.128497 0.255829 0.107192
v -0.131287 0.248227 0.109983
v -0.118000 0.260131 0.105700
v -0.125599 0.239351 0.113299
v -0.119883 0.253180 0.107582
v -0.122664 0.245574 0.110364
v -0.110344 0.259160 0.110344
v -0.117934 0.238376 0.117934
v -0.112228 0.252211 0.112228
v -0.115006 0.244603 0.115006
v -0.105700 0.260131 0.118000
v -0.113298 0.239351 0.125599
v -0.107582 0.253180 0.119883
v -0.110364 0.245574 0.122664
v -0.105312 0.262782 0.126617
v -0.112936 0.242015 0.134241
v -0.107192 0.255829 0.128497
v -0.109982 0.248227 0.131287
v -0.109289 0.266406 0.133890
v -0.116949 0.245658 0.141550
v -0.111163 0.259448 0.135764
v -0.113967 0.251854 0.138568
v -0.116569 0.270029 0.137874
v -0.124260 0.249317 0.145565
v -0.118434 0.263069 0.139739
v -0.121250 0.255488 0.142555
v -0.125199 0.272678 0.137500
v -0.132904 0.252013 0.145205
v -0.127055 0.265721 0.139356
v -0.129876 0.258157 0.142176
v -0.140569 0.253005 0.140569
v -0.132862 0.273647 0.132862
v -0.137535 0.259136 0.137535
v -0.134714 0.266692 0.134714
v -0.161362 0.008446 0.173662
v -0.169160 0.008417 0.169160
v -0.152358 0.008524 0.173663
v -0.144560 0.008631 0.169161
v -0.140058 0.008737 0.161363
v -0.140059 0.008816 0.152359
v -0.144561 0.008844 0.144561
v -0.152359 0.008816 0.140059
v -0.161363 0.008737 0.140059
v -0.169161 0.008631 0.144560
v -0.173662 0.008524 0.152358
v -0.173662 0.008446 0.161362
v -0.159941 0.008504 0.168361
v -0.165279 0.008485 0.165279
v -0.153778 0.008558 0.168361
v -0.148441 0.008631 0.165280
v -0.145360 0.008704 0.159943
v -0.145360 0.008757 0.153780
v -0.148442 0.008777 0.148442
v -0.153779 0.008757 0.145361
v -0.159942 0.008704 0.145360
v -0.165279 0.008631 0.148442
v -0.168361 0.008558 0.153779
v -0.168360 0.008504 0.159942
v -0.019128 0.776506 0.006828
v -0.012688 0.777009 0.012688
v -0.023988 0.774919 0.002684
v -0.025193 0.772466 0.000592
v -0.022071 0.770084 0.000766
v -0.015807 0.768561 0.003506
v -0.008853 0.768069 0.008853
v -0.003507 0.768561 0.015807
v -0.000766 0.770084 0.022071
v -0.000592 0.772466 0.025193
v -0.002684 0.774919 0.023988
v -0.006828 0.776506 0.019128
v -0.015174 0.775163 0.005233
v -0.010258 0.775566 0.010258
v -0.018546 0.774037 0.001327
v -0.019252 0.772466 -0.000631
v -0.016997 0.770899 -0.000222
v -0.012490 0.769777 0.002548
v -0.007159 0.769374 0.007158
v -0.002548 0.769777 0.012490
v 0.000222 0.770899 0.016996
v 0.000631 0.772466 0.019251
v -0.001328 0.774037 0.018546
v -0.005233 0.775163 0.015174
v -0.017346 0.766108 0.029646
v -0.031186 0.761567 0.043486
v -0.045026 0.754964 0.057326
v -0.058865 0.750432 0.071166
v -0.064649 0.748492 0.064649
v -0.050700 0.753386 0.050700
v -0.036751 0.762223 0.036751
v -0.022802 0.767117 0.022802
v -0.071166 0.750432 0.058866
v -0.057326 0.754964 0.045026
v -0.043486 0.761567 0.031186
v -0.029647 0.766108 0.017346
v -0.076582 0.755768 0.055277
v -0.062954 0.759347 0.041649
v -0.049326 0.763092 0.028022
v -0.035699 0.766707 0.014394
v -0.079292 0.763117 0.054691
v -0.065767 0.765454 0.041166
v -0.052242 0.767791 0.027642
v -0.038718 0.770128 0.014117
v -0.026637 0.777524 0.026637
v -0.040586 0.777390 0.040586
v -0.054536 0.777581 0.054536
v -0.068485 0.777772 0.068485
v -0.062187 0.775830 0.074487
v -0.048347 0.775999 0.060647
v -0.034507 0.776168 0.046808
v -0.020668 0.776412 0.032968
v -0.032968 0.776412 0.020667
v -0.046808 0.776168 0.034507
v -0.060647 0.775999 0.048347
v -0.074487 0.775830 0.062187
v -0.078499 0.770481 0.057195
v -0.064872 0.771590 0.043567
v -0.051244 0.772700 0.029939
v -0.037616 0.773809 0.016311
v -0.057195 0.770481 0.078499
v -0.043567 0.771590 0.064872
v -0.029939 0.772700 0.051244
v -0.016311 0.773809 0.037616
v -0.054691 0.763117 0.079292
v -0.041166 0.765454 0.065767
v -0.027642 0.767791 0.052242
v -0.014117 0.770128 0.038717
v -0.055277 0.755768 0.076582
v -0.041649 0.759347 0.062954
v -0.028022 0.763092 0.049326
v -0.014394 0.766707 0.035699
v 0.088327 0.775661 -0.076027
v 0.092127 0.769371 -0.070823
v 0.092816 0.760780 -0.068216
v 0.090210 0.752189 -0.068905
v 0.085006 0.745899 -0.072706
v 0.078598 0.743597 -0.078599
v 0.072705 0.745899 -0.085006
v 0.068905 0.752189 -0.090210
v 0.068216 0.760780 -0.092817
v 0.070822 0.769371 -0.092128
v 0.076027 0.775661 -0.088327
v 0.082434 0.777963 -0.082434
v 0.099927 0.770896 -0.087627
v 0.102595 0.765082 -0.081290
v 0.101736 0.757139 -0.077136
v 0.097581 0.749197 -0.076277
v 0.091244 0.743383 -0.078944
v 0.084422 0.741255 -0.084423
v 0.078944 0.743383 -0.091244
v 0.076277 0.749197 -0.097582
v 0.077135 0.757139 -0.101736
v 0.081290 0.765082 -0.102595
v 0.087627 0.770896 -0.099928
v 0.094449 0.773024 -0.094449
v 0.109663 0.762293 -0.097363
v 0.111276 0.757409 -0.089972
v 0.108978 0.750738 -0.084378
v 0.103384 0.744067 -0.082080
v 0.095993 0.739183 -0.083693
v 0.088786 0.737395 -0.088786
v 0.083693 0.739183 -0.095993
v 0.082079 0.744067 -0.103384
v 0.084377 0.750738 -0.108978
v 0.089972 0.757409 -0.111277
v 0.097363 0.762293 -0.109663
v 0.104570 0.764080 -0.104570
v 0.117235 0.750537 -0.104935
v 0.118073 0.746837 -0.096768
v 0.114715 0.741784 -0.090115
v 0.108062 0.736730 -0.086757
v 0.099895 0.733031 -0.087595
v 0.092404 0.731677 -0.092404
v 0.087595 0.733031 -0.099895
v 0.086757 0.736730 -0.108062
v 0.090114 0.741784 -0.114715
v 0.096768 0.746837 -0.118073
v 0.104934 0.750536 -0.117235
v 0.112426 0.751891 -0.112426
v 0.122711 0.736578 -0.110411
v 0.123096 0.734003 -0.101791
v 0.119119 0.730485 -0.094519
v 0.111846 0.726967 -0.090542
v 0.103226 0.724392 -0.090927
v 0.095569 0.723450 -0.095570
v 0.090926 0.724392 -0.103227
v 0.090541 0.726967 -0.111847
v 0.094518 0.730485 -0.119119
v 0.101791 0.734003 -0.123096
v 0.110411 0.736578 -0.122711
v 0.118068 0.737520 -0.118068
v 0.126487 0.721022 -0.114187
v 0.126646 0.719343 -0.105342
v 0.122362 0.717050 -0.097762
v 0.114781 0.714758 -0.093477
v 0.105936 0.713079 -0.093636
v 0.098196 0.712465 -0.098197
v 0.093636 0.713079 -0.105936
v 0.093476 0.714758 -0.114782
v 0.097761 0.717050 -0.122362
v 0.105342 0.719343 -0.126647
v 0.114187 0.721022 -0.126488
v 0.121927 0.721636 -0.121927
v 0.128979 0.704110 -0.116679
v 0.129038 0.703086 -0.107733
v 0.124615 0.701688 -0.100015
v 0.116897 0.700289 -0.095593
v 0.107952 0.699266 -0.095652
v 0.100175 0.698891 -0.100175
v 0.095651 0.699266 -0.107952
v 0.095593 0.700289 -0.116898
v 0.100015 0.701688 -0.124616
v 0.107733 0.703086 -0.129038
v 0.116679 0.704110 -0.128980
v 0.124455 0.704485 -0.124456
v 0.130512 0.685949 -0.118212
v 0.130530 0.685381 -0.109226
v 0.126052 0.684605 -0.101452
v 0.118279 0.683830 -0.096974
v 0.109292 0.683262 -0.096992
v 0.101501 0.683054 -0.101501
v 0.096992 0.683262 -0.109293
v 0.096974 0.683830 -0.118279
v 0.101452 0.684605 -0.126053
v 0.109225 0.685381 -0.130530
v 0.118212 0.685949 -0.130513
v 0.126003 0.686156 -0.126004
v 0.131337 0.666635 -0.119038
v 0.131341 0.666372 -0.110037
v 0.126844 0.666011 -0.102244
v 0.119052 0.665651 -0.097747
v 0.110051 0.665388 -0.097751
v 0.102254 0.665291 -0.102255
v 0.097751 0.665388 -0.110051
v 0.097747 0.665651 -0.119052
v 0.102244 0.666011 -0.126845
v 0.110036 0.666372 -0.131342
v 0.119037 0.666635 -0.131338
v 0.126834 0.666732 -0.126834
v 0.131665 0.646295 -0.119365
v 0.131665 0.646219 -0.110361
v 0.127164 0.646114 -0.102564
v 0.119366 0.646010 -0.098062
v 0.110362 0.645934 -0.098062
v 0.102564 0.645906 -0.102564
v 0.098062 0.645934 -0.110362
v 0.098061 0.646010 -0.119366
v 0.102563 0.646114 -0.127164
v 0.110361 0.646219 -0.131666
v 0.119365 0.646295 -0.131666
v 0.127163 0.646323 -0.127163
v 0.131684 0.625078 -0.119385
v 0.131685 0.625097 -0.110380
v 0.127182 0.625122 -0.102582
v 0.119384 0.625148 -0.098080
v 0.110380 0.625166 -0.098080
v 0.102582 0.625173 -0.102582
v 0.098080 0.625166 -0.110380
v 0.098079 0.625148 -0.119385
v 0.102582 0.625122 -0.127183
v 0.110380 0.625097 -0.131685
v 0.119384 0.625078 -0.131685
v 0.127182 0.625071 -0.127183
v 0.131574 0.603159 -0.119275
v 0.131575 0.603194 -0.110270
v 0.127072 0.603243 -0.102472
v 0.119274 0.603292 -0.097970
v 0.110270 0.603328 -0.097970
v 0.102472 0.603341 -0.102472
v 0.097970 0.603328 -0.110271
v 0.097970 0.603292 -0.119275
v 0.102472 0.603243 -0.127073
v 0.110270 0.603194 -0.131575
v 0.119274 0.603159 -0.131575
v 0.127072 0.603145 -0.127073
v 0.131508 0.580570 -0.119208
v 0.131508 0.580619 -0.110204
v 0.127006 0.580686 -0.102406
v 0.119208 0.580753 -0.097904
v 0.110204 0.580802 -0.097904
v 0.102406 0.580820 -0.102406
v 0.097904 0.580802 -0.110204
v 0.097903 0.580753 -0.119209
v 0.102405 0.580686 -0.127006
v 0.110203 0.580619 -0.131509
v 0.119208 0.580570 -0.131508
v 0.127006 0.580552 -0.127006
v 0.131364 0.562499 -0.119064
v 0.131365 0.562600 -0.110060
v 0.126863 0.562737 -0.102263
v 0.119066 0.562874 -0.097761
v 0.110062 0.562974 -0.097762
v 0.102264 0.563011 -0.102264
v 0.097762 0.562974 -0.110062
v 0.097761 0.562874 -0.119066
v 0.102262 0.562737 -0.126863
v 0.110060 0.562600 -0.131365
v 0.119064 0.562499 -0.131364
v 0.126861 0.562463 -0.126862
v 0.131009 0.537692 -0.118709
v 0.131010 0.537821 -0.109706
v 0.126509 0.537997 -0.101909
v 0.118712 0.538173 -0.097408
v 0.109709 0.538302 -0.097409
v 0.101911 0.538349 -0.101911
v 0.097408 0.538302 -0.109709
v 0.097407 0.538173 -0.118712
v 0.101908 0.537997 -0.126509
v 0.109705 0.537821 -0.131010
v 0.118709 0.537692 -0.131009
v 0.126506 0.537645 -0.126507
v 0.130580 0.507684 -0.118280
v 0.130581 0.507797 -0.109276
v 0.126079 0.507952 -0.101479
v 0.118282 0.508107 -0.096978
v 0.109278 0.508221 -0.096979
v 0.101481 0.508263 -0.101481
v 0.096978 0.508221 -0.109279
v 0.096977 0.508107 -0.118283
v 0.101479 0.507952 -0.126080
v 0.109276 0.507797 -0.130581
v 0.118279 0.507684 -0.130580
v 0.126077 0.507642 -0.126078
v 0.130211 0.473923 -0.117912
v 0.130212 0.473993 -0.108907
v 0.125710 0.474090 -0.101110
v 0.117912 0.474186 -0.096608
v 0.108908 0.474257 -0.096608
v 0.101110 0.474283 -0.101110
v 0.096608 0.474257 -0.108908
v 0.096607 0.474186 -0.117913
v 0.101109 0.474090 -0.125710
v 0.108907 0.473993 -0.130212
v 0.117911 0.473923 -0.130212
v 0.125709 0.473897 -0.125710
v 0.130038 0.437890 -0.117739
v 0.130038 0.437892 -0.108734
v 0.125536 0.437895 -0.100936
v 0.117738 0.437899 -0.096434
v 0.108734 0.437901 -0.096434
v 0.100936 0.437902 -0.100936
v 0.096433 0.437901 -0.108734
v 0.096433 0.437899 -0.117739
v 0.100936 0.437895 -0.125537
v 0.108734 0.437892 -0.130039
v 0.117738 0.437890 -0.130039
v 0.125536 0.437889 -0.125537
v 0.130195 0.401084 -0.117895
v 0.130196 0.400987 -0.108891
v 0.125694 0.400855 -0.101094
v 0.117897 0.400724 -0.096593
v 0.108893 0.400627 -0.096593
v 0.101095 0.400592 -0.101095
v 0.096593 0.400627 -0.108893
v 0.096592 0.400724 -0.117897
v 0.101094 0.400855 -0.125695
v 0.108891 0.400987 -0.130196
v 0.117895 0.401084 -0.130196
v 0.125693 0.401119 -0.125693
v 0.130814 0.365020 -0.118514
v 0.130817 0.364782 -0.109513
v 0.126320 0.364456 -0.101719
v 0.118526 0.364130 -0.097221
v 0.109524 0.363892 -0.097225
v 0.101728 0.363805 -0.101728
v 0.097224 0.363892 -0.109525
v 0.097221 0.364130 -0.118526
v 0.101719 0.364456 -0.126320
v 0.109513 0.364782 -0.130818
v 0.118514 0.365020 -0.130815
v 0.126311 0.365108 -0.126311
v 0.132023 0.331246 -0.119724
v 0.132035 0.330797 -0.110730
v 0.127548 0.330184 -0.102948
v 0.119765 0.329570 -0.098461
v 0.110772 0.329122 -0.098472
v 0.102978 0.328957 -0.102978
v 0.098471 0.329122 -0.110772
v 0.098460 0.329570 -0.119765
v 0.102947 0.330184 -0.127548
v 0.110730 0.330797 -0.132035
v 0.119723 0.331246 -0.132024
v 0.127517 0.331410 -0.127518
v 0.133936 0.301376 -0.121636
v 0.133970 0.300593 -0.112666
v 0.129515 0.299524 -0.104914
v 0.121763 0.298456 -0.100459
v 0.112793 0.297673 -0.100493
v 0.105007 0.297387 -0.105007
v 0.100492 0.297673 -0.112793
v 0.100458 0.298456 -0.121763
v 0.104914 0.299524 -0.129515
v 0.112665 0.300593 -0.133970
v 0.121636 0.301376 -0.133936
v 0.129421 0.301662 -0.129422
v 0.136606 0.277219 -0.124306
v 0.136713 0.275843 -0.115408
v 0.132356 0.273965 -0.107755
v 0.124703 0.272086 -0.103398
v 0.115805 0.270711 -0.103505
v 0.108045 0.270207 -0.108046
v 0.103504 0.270711 -0.115805
v 0.103398 0.272086 -0.124703
v 0.107755 0.273965 -0.132356
v 0.115408 0.275844 -0.136713
v 0.124306 0.277219 -0.136607
v 0.132065 0.277722 -0.132066
v 0.152951 0.238914 -0.140651
v 0.153819 0.235155 -0.132515
v 0.150503 0.230020 -0.125903
v 0.143891 0.224885 -0.122587
v 0.135755 0.221126 -0.123456
v 0.128275 0.219750 -0.128276
v 0.123455 0.221126 -0.135756
v 0.122587 0.224885 -0.143892
v 0.125903 0.230020 -0.150504
v 0.132514 0.235155 -0.153819
v 0.140650 0.238914 -0.152951
v 0.148131 0.240290 -0.148131
v 0.161130 0.218407 -0.148830
v 0.161528 0.215790 -0.140223
v 0.157569 0.212215 -0.132969
v 0.150315 0.208640 -0.129010
v 0.141708 0.206022 -0.129408
v 0.134056 0.205065 -0.134056
v 0.129408 0.206023 -0.141708
v 0.129010 0.208640 -0.150315
v 0.132968 0.212215 -0.157569
v 0.140223 0.215790 -0.161528
v 0.148829 0.218407 -0.161130
v 0.156482 0.219365 -0.156482
v 0.166788 0.195566 -0.154488
v 0.166955 0.193849 -0.145650
v 0.162680 0.191505 -0.138080
v 0.155110 0.189160 -0.133805
v 0.146272 0.187444 -0.133972
v 0.138535 0.186815 -0.138535
v 0.133972 0.187444 -0.146272
v 0.133805 0.189160 -0.155110
v 0.138079 0.191505 -0.162680
v 0.145650 0.193849 -0.166955
v 0.154488 0.195566 -0.166788
v 0.162225 0.196194 -0.162225
v 0.170473 0.171193 -0.158174
v 0.170534 0.170148 -0.149230
v 0.166116 0.168721 -0.141515
v 0.158401 0.167295 -0.137096
v 0.149457 0.166250 -0.137157
v 0.141682 0.165868 -0.141682
v 0.137157 0.166250 -0.149458
v 0.137096 0.167295 -0.158401
v 0.141515 0.168721 -0.166116
v 0.149230 0.170148 -0.170535
v 0.158173 0.171193 -0.170474
v 0.165949 0.171575 -0.165949
v 0.172617 0.145997 -0.160317
v 0.172634 0.145447 -0.151330
v 0.168155 0.144697 -0.143555
v 0.160380 0.143946 -0.139075
v 0.151392 0.143397 -0.139092
v 0.143600 0.143196 -0.143600
v 0.139092 0.143397 -0.151392
v 0.139075 0.143946 -0.160380
v 0.143554 0.144697 -0.168155
v 0.151329 0.145447 -0.172634
v 0.160317 0.145997 -0.172618
v 0.168109 0.146198 -0.168109
v 0.173574 0.120701 -0.161275
v 0.173576 0.120515 -0.152272
v 0.169077 0.120262 -0.144477
v 0.161281 0.120009 -0.139977
v 0.152279 0.119823 -0.139979
v 0.144481 0.119755 -0.144482
v 0.139978 0.119823 -0.152279
v 0.139976 0.120009 -0.161282
v 0.144476 0.120262 -0.169077
v 0.152272 0.120515 -0.173577
v 0.161274 0.120701 -0.173575
v 0.169071 0.120769 -0.169072
v 0.173662 0.096064 -0.161362
v 0.173663 0.096142 -0.152358
v 0.169161 0.096249 -0.144561
v 0.161363 0.096356 -0.140059
v 0.152359 0.096434 -0.140059
v 0.144561 0.096462 -0.144562
v 0.140059 0.096434 -0.152359
v 0.140058 0.096356 -0.161364
v 0.144560 0.096249 -0.169161
v 0.152358 0.096142 -0.173663
v 0.161362 0.096064 -0.173663
v 0.169160 0.096036 -0.169160
v 0.161732 0.008546 -0.161733
v 0.158644 0.008558 -0.163516
v 0.155077 0.008589 -0.163517
v 0.151988 0.008631 -0.161733
v 0.150205 0.008673 -0.158645
v 0.150205 0.008704 -0.155078
v 0.151989 0.008715 -0.151989
v 0.155077 0.008704 -0.150205
v 0.158644 0.008673 -0.150205
v 0.161733 0.008631 -0.151989
v 0.163516 0.008589 -0.155077
v 0.163516 0.008558 -0.158644
v 0.137500 0.272679 -0.125200
v 0.145204 0.252013 -0.132905
v 0.139356 0.265721 -0.127056
v 0.142176 0.258157 -0.129876
v 0.137873 0.270029 -0.116569
v 0.145565 0.249317 -0.124260
v 0.139739 0.263069 -0.118435
v 0.142554 0.255488 -0.121250
v 0.133890 0.266406 -0.109290
v 0.141550 0.245658 -0.116950
v 0.135764 0.259448 -0.111164
v 0.138568 0.251854 -0.113968
v 0.126617 0.262782 -0.105313
v 0.134241 0.242015 -0.112937
v 0.128497 0.255829 -0.107192
v 0.131287 0.248227 -0.109983
v 0.118000 0.260131 -0.105700
v 0.125599 0.239351 -0.113299
v 0.119883 0.253180 -0.107583
v 0.122664 0.245574 -0.110364
v 0.110344 0.259160 -0.110345
v 0.117934 0.238376 -0.117935
v 0.112228 0.252211 -0.112228
v 0.115006 0.244603 -0.115006
v 0.105700 0.260131 -0.118000
v 0.113299 0.239351 -0.125599
v 0.107582 0.253180 -0.119883
v 0.110364 0.245574 -0.122664
v 0.105312 0.262782 -0.126617
v 0.112936 0.242015 -0.134242
v 0.107192 0.255829 -0.128497
v 0.109983 0.248227 -0.131288
v 0.109289 0.266406 -0.133890
v 0.116949 0.245658 -0.141550
v 0.111164 0.259448 -0.135764
v 0.113967 0.251854 -0.138568
v 0.116569 0.270029 -0.137874
v 0.124260 0.249317 -0.145565
v 0.118435 0.263069 -0.139740
v 0.121250 0.255488 -0.142555
v 0.125199 0.272678 -0.137500
v 0.132904 0.252013 -0.145205
v 0.127056 0.265721 -0.139356
v 0.129876 0.258157 -0.142177
v 0.140569 0.253005 -0.140569
v 0.132862 0.273647 -0.132863
v 0.137535 0.259136 -0.137535
v 0.134714 0.266692 -0.134714
v 0.161362 0.008446 -0.173663
v 0.169160 0.008418 -0.169160
v 0.152358 0.008524 -0.173663
v 0.144560 0.008631 -0.169161
v 0.140058 0.008738 -0.161364
v 0.140059 0.008816 -0.152359
v 0.144561 0.008844 -0.144562
v 0.152359 0.008816 -0.140059
v 0.161363 0.008738 -0.140059
v 0.169161 0.008631 -0.144561
v 0.173663 0.008524 -0.152358
v 0.173662 0.008446 -0.161362
v 0.159942 0.008504 -0.168361
v 0.165279 0.008485 -0.165279
v 0.153779 0.008558 -0.168361
v 0.148441 0.008631 -0.165280
v 0.145360 0.008704 -0.159943
v 0.145360 0.008757 -0.153780
v 0.148442 0.008777 -0.148442
v 0.153779 0.008757 -0.145361
v 0.159942 0.008704 -0.145361
v 0.165280 0.008631 -0.148442
v 0.168361 0.008558 -0.153779
v 0.168361 0.008504 -0.159942
v 0.019128 0.776506 -0.006828
v 0.012688 0.777009 -0.012689
v 0.023988 0.774919 -0.002684
v 0.025193 0.772466 -0.000592
v 0.022071 0.770084 -0.000766
v 0.015807 0.768561 -0.003507
v 0.008853 0.768070 -0.008853
v 0.003507 0.768561 -0.015807
v 0.000766 0.770084 -0.022071
v 0.000592 0.772466 -0.025193
v 0.002684 0.774919 -0.023989
v 0.006828 0.776506 -0.019128
v 0.015174 0.775163 -0.005233
v 0.010258 0.775566 -0.010258
v 0.018546 0.774037 -0.001328
v 0.019252 0.772466 0.000631
v 0.016997 0.770899 0.000222
v 0.012490 0.769777 -0.002549
v 0.007159 0.769374 -0.007159
v 0.002549 0.769777 -0.012490
v -0.000222 0.770899 -0.016997
v -0.000631 0.772466 -0.019252
v 0.001328 0.774037 -0.018546
v 0.005233 0.775163 -0.015174
v 0.017346 0.766108 -0.029647
v 0.031186 0.761567 -0.043487
v 0.045026 0.754964 -0.057326
v 0.058866 0.750432 -0.071166
v 0.064649 0.748492 -0.064650
v 0.050700 0.753386 -0.050701
v 0.036751 0.762223 -0.036752
v 0.022802 0.767117 -0.022802
v 0.071166 0.750432 -0.058866
v 0.057326 0.754964 -0.045026
v 0.043486 0.761567 -0.031186
v 0.029647 0.766108 -0.017346
v 0.076582 0.755768 -0.055277
v 0.062954 0.759347 -0.041650
v 0.049326 0.763092 -0.028022
v 0.035699 0.766707 -0.014394
v 0.079292 0.763117 -0.054691
v 0.065767 0.765454 -0.041167
v 0.052242 0.767791 -0.027642
v 0.038718 0.770128 -0.014117
v 0.026637 0.777524 -0.026638
v 0.040587 0.777390 -0.040587
v 0.054536 0.777581 -0.054536
v 0.068485 0.777772 -0.068485
v 0.062187 0.775830 -0.074487
v 0.048347 0.775999 -0.060648
v 0.034507 0.776168 -0.046808
v 0.020668 0.776412 -0.032968
v 0.032968 0.776412 -0.020668
v 0.046808 0.776168 -0.034508
v 0.060647 0.775999 -0.048347
v 0.074487 0.775830 -0.062187
v 0.078499 0.770481 -0.057195
v 0.064872 0.771590 -0.043567
v 0.051244 0.772700 -0.029939
v 0.037616 0.773809 -0.016312
v 0.057195 0.770481 -0.078500
v 0.043567 0.771590 -0.064872
v 0.029939 0.772700 -0.051244
v 0.016311 0.773809 -0.037616
v 0.054691 0.763117 -0.079292
v 0.041166 0.765454 -0.065767
v 0.027642 0.767791 -0.052242
v 0.014117 0.770128 -0.038718
v 0.055277 0.755768 -0.076582
v 0.041649 0.759347 -0.062954
v 0.028022 0.763092 -0.049327
v 0.014394 0.766707 -0.035699
v -0.008372 0.775163 -0.001570
v -0.001569 0.775163 -0.008372
v -0.005297 0.774037 -0.011922
v -0.011922 0.774037 -0.005297
v -0.006838 0.772466 -0.013045
v -0.013045 0.772466 -0.006838
v -0.005814 0.770899 -0.011405
v -0.011405 0.770899 -0.005814
v -0.002464 0.769777 -0.007477
v -0.007477 0.769777 -0.002464
v 0.002386 0.769374 -0.002386
v -0.002386 0.769374 0.002386
v 0.007477 0.769777 0.002464
v 0.002464 0.769777 0.007477
v 0.011405 0.770899 0.005814
v 0.005814 0.770899 0.011405
v 0.013045 0.772466 0.006838
v 0.006838 0.772466 0.013045
v 0.011922 0.774037 0.005297
v 0.005297 0.774037 0.011922
v 0.008372 0.775163 0.001569
v 0.001569 0.775163 0.008372
v 0.003419 0.775566 -0.003420
v -0.003419 0.775566 0.003419
v 0.076027 0.775661 0.088327
v 0.070823 0.769371 0.092127
v 0.068216 0.760780 0.092816
v 0.068905 0.752189 0.090210
v 0.072705 0.745899 0.085005
v 0.078599 0.743597 0.078598
v 0.085006 0.745899 0.072705
v 0.090210 0.752189 0.068905
v 0.092817 0.760780 0.068216
v 0.092127 0.769371 0.070822
v 0.088327 0.775661 0.076026
v 0.082434 0.777963 0.082433
v 0.087627 0.770896 0.099927
v 0.081290 0.765082 0.102595
v 0.077136 0.757139 0.101736
v 0.076277 0.749197 0.097581
v 0.078944 0.743383 0.091244
v 0.084422 0.741254 0.084422
v 0.091244 0.743383 0.078944
v 0.097582 0.749197 0.076276
v 0.101736 0.757139 0.077135
v 0.102595 0.765082 0.081290
v 0.099928 0.770896 0.087627
v 0.094449 0.773024 0.094449
v 0.097363 0.762293 0.109663
v 0.089972 0.757409 0.111276
v 0.084378 0.750738 0.108978
v 0.082080 0.744067 0.103384
v 0.083693 0.739183 0.095993
v 0.088786 0.737395 0.088785
v 0.095993 0.739183 0.083693
v 0.103384 0.744067 0.082079
v 0.108978 0.750738 0.084377
v 0.111277 0.757409 0.089971
v 0.109663 0.762293 0.097362
v 0.104570 0.764080 0.104570
v 0.104935 0.750536 0.117235
v 0.096768 0.746837 0.118073
v 0.090115 0.741784 0.114715
v 0.086757 0.736730 0.108061
v 0.087595 0.733031 0.099895
v 0.092404 0.731677 0.092404
v 0.099895 0.733031 0.087595
v 0.108062 0.736730 0.086757
v 0.114715 0.741784 0.090114
v 0.118073 0.746837 0.096768
v 0.117235 0.750536 0.104934
v 0.112426 0.751891 0.112426
v 0.110411 0.736578 0.122711
v 0.101791 0.734003 0.123096
v 0.094519 0.730485 0.119119
v 0.090542 0.726967 0.111846
v 0.090926 0.724392 0.103226
v 0.095569 0.723450 0.095569
v 0.103227 0.724392 0.090926
v 0.111847 0.726967 0.090541
v 0.119119 0.730485 0.094518
v 0.123096 0.734003 0.101791
v 0.122711 0.736578 0.110411
v 0.118068 0.737520 0.118068
v 0.114187 0.721021 0.126487
v 0.105342 0.719343 0.126646
v 0.097761 0.717050 0.122362
v 0.093477 0.714758 0.114781
v 0.093636 0.713079 0.105936
v 0.098196 0.712465 0.098196
v 0.105936 0.713079 0.093635
v 0.114781 0.714758 0.093476
v 0.122362 0.717050 0.097761
v 0.126647 0.719343 0.105341
v 0.126487 0.721021 0.114187
v 0.121927 0.721636 0.121926
v 0.116679 0.704110 0.128979
v 0.107733 0.703086 0.129038
v 0.100015 0.701688 0.124615
v 0.095593 0.700289 0.116897
v 0.095652 0.699265 0.107951
v 0.100175 0.698891 0.100175
v 0.107952 0.699265 0.095651
v 0.116898 0.700289 0.095592
v 0.124616 0.701688 0.100015
v 0.129038 0.703086 0.107733
v 0.128979 0.704110 0.116679
v 0.124456 0.704485 0.124455
v 0.118212 0.685949 0.130512
v 0.109226 0.685381 0.130530
v 0.101452 0.684605 0.126052
v 0.096974 0.683830 0.118279
v 0.096992 0.683262 0.109292
v 0.101501 0.683054 0.101501
v 0.109292 0.683262 0.096992
v 0.118279 0.683830 0.096974
v 0.126053 0.684605 0.101452
v 0.130530 0.685381 0.109225
v 0.130512 0.685949 0.118212
v 0.126004 0.686156 0.126003
v 0.119038 0.666635 0.131337
v 0.110037 0.666372 0.131341
v 0.102244 0.666011 0.126844
v 0.097747 0.665651 0.119051
v 0.097751 0.665388 0.110051
v 0.102255 0.665291 0.102254
v 0.110051 0.665388 0.097751
v 0.119052 0.665651 0.097747
v 0.126845 0.666011 0.102244
v 0.131342 0.666372 0.110036
v 0.131338 0.666635 0.119037
v 0.126834 0.666732 0.126834
v 0.119365 0.646295 0.131665
v 0.110361 0.646219 0.131665
v 0.102563 0.646114 0.127164
v 0.098062 0.646010 0.119366
v 0.098062 0.645934 0.110362
v 0.102564 0.645906 0.102564
v 0.110362 0.645934 0.098061
v 0.119366 0.646010 0.098061
v 0.127164 0.646114 0.102563
v 0.131666 0.646219 0.110361
v 0.131665 0.646295 0.119365
v 0.127163 0.646323 0.127163
v 0.119385 0.625078 0.131684
v 0.110380 0.625097 0.131684
v 0.102582 0.625122 0.127182
v 0.098080 0.625148 0.119384
v 0.098080 0.625166 0.110380
v 0.102582 0.625173 0.102582
v 0.110380 0.625166 0.098079
v 0.119385 0.625148 0.098079
v 0.127183 0.625122 0.102582
v 0.131685 0.625097 0.110380
v 0.131685 0.625078 0.119384
v 0.127183 0.625071 0.127182
v 0.119275 0.603159 0.131574
v 0.110270 0.603194 0.131574
v 0.102472 0.603243 0.127072
v 0.097970 0.603292 0.119274
v 0.097970 0.603328 0.110270
v 0.102472 0.603341 0.102472
v 0.110270 0.603328 0.097970
v 0.119275 0.603292 0.097970
v 0.127073 0.603243 0.102472
v 0.131575 0.603194 0.110270
v 0.131575 0.603159 0.119274
v 0.127073 0.603145 0.127072
v 0.119208 0.580570 0.131508
v 0.110204 0.580619 0.131508
v 0.102406 0.580686 0.127006
v 0.097904 0.580753 0.119208
v 0.097904 0.580802 0.110204
v 0.102406 0.580820 0.102406
v 0.110204 0.580802 0.097903
v 0.119208 0.580753 0.097903
v 0.127006 0.580686 0.102405
v 0.131508 0.580619 0.110203
v 0.131508 0.580570 0.119207
v 0.127006 0.580552 0.127006
v 0.119064 0.562499 0.131364
v 0.110060 0.562600 0.131364
v 0.102263 0.562737 0.126863
v 0.097761 0.562874 0.119066
v 0.097762 0.562974 0.110062
v 0.102264 0.563011 0.102264
v 0.110062 0.562974 0.097761
v 0.119066 0.562874 0.097761
v 0.126863 0.562737 0.102262
v 0.131365 0.562600 0.110060
v 0.131364 0.562499 0.119064
v 0.126862 0.562463 0.126861
v 0.118709 0.537692 0.131009
v 0.109705 0.537821 0.131010
v 0.101909 0.537997 0.126509
v 0.097408 0.538173 0.118712
v 0.097409 0.538302 0.109708
v 0.101911 0.538349 0.101911
v 0.109709 0.538302 0.097408
v 0.118712 0.538173 0.097407
v 0.126509 0.537997 0.101908
v 0.131010 0.537821 0.109705
v 0.131009 0.537692 0.118708
v 0.126507 0.537645 0.126506
v 0.118280 0.507684 0.130580
v 0.109276 0.507797 0.130580
v 0.101479 0.507952 0.126079
v 0.096978 0.508107 0.118282
v 0.096978 0.508221 0.109278
v 0.101481 0.508263 0.101481
v 0.109279 0.508221 0.096978
v 0.118282 0.508107 0.096977
v 0.126080 0.507952 0.101479
v 0.130581 0.507797 0.109276
v 0.130580 0.507684 0.118279
v 0.126078 0.507642 0.126077
v 0.117911 0.473923 0.130211
v 0.108907 0.473993 0.130212
v 0.101110 0.474090 0.125710
v 0.096608 0.474187 0.117912
v 0.096608 0.474257 0.108908
v 0.101110 0.474283 0.101110
v 0.108908 0.474257 0.096608
v 0.117912 0.474186 0.096607
v 0.125710 0.474090 0.101109
v 0.130212 0.473993 0.108907
v 0.130212 0.473923 0.117911
v 0.125709 0.473897 0.125709
v 0.117739 0.437890 0.130038
v 0.108734 0.437892 0.130038
v 0.100936 0.437896 0.125536
v 0.096434 0.437899 0.117738
v 0.096434 0.437901 0.108734
v 0.100936 0.437902 0.100936
v 0.108734 0.437901 0.096433
v 0.117738 0.437899 0.096433
v 0.125537 0.437895 0.100936
v 0.130039 0.437892 0.108734
v 0.130039 0.437890 0.117738
v 0.125537 0.437889 0.125536
v 0.117895 0.401084 0.130195
v 0.108891 0.400987 0.130196
v 0.101094 0.400855 0.125694
v 0.096592 0.400724 0.117897
v 0.096593 0.400627 0.108893
v 0.101095 0.400592 0.101095
v 0.108893 0.400627 0.096593
v 0.117897 0.400724 0.096592
v 0.125694 0.400855 0.101094
v 0.130196 0.400987 0.108891
v 0.130196 0.401084 0.117895
v 0.125693 0.401119 0.125693
v 0.118514 0.365020 0.130814
v 0.109513 0.364782 0.130817
v 0.101719 0.364456 0.126319
v 0.097221 0.364130 0.118526
v 0.097224 0.363892 0.109524
v 0.101728 0.363805 0.101727
v 0.109525 0.363892 0.097224
v 0.118526 0.364130 0.097221
v 0.126320 0.364456 0.101719
v 0.130818 0.364782 0.109513
v 0.130815 0.365020 0.118514
v 0.126311 0.365108 0.126311
v 0.119723 0.331246 0.132023
v 0.110730 0.330797 0.132035
v 0.102947 0.330184 0.127548
v 0.098460 0.329571 0.119765
v 0.098472 0.329122 0.110772
v 0.102978 0.328957 0.102978
v 0.110772 0.329122 0.098471
v 0.119765 0.329571 0.098460
v 0.127548 0.330184 0.102947
v 0.132035 0.330797 0.110730
v 0.132024 0.331246 0.119723
v 0.127517 0.331410 0.127517
v 0.121636 0.301376 0.133936
v 0.112666 0.300593 0.133970
v 0.104914 0.299524 0.129514
v 0.100459 0.298456 0.121763
v 0.100493 0.297673 0.112793
v 0.105007 0.297387 0.105007
v 0.112793 0.297673 0.100492
v 0.121763 0.298456 0.100458
v 0.129515 0.299524 0.104914
v 0.133970 0.300593 0.112665
v 0.133936 0.301376 0.121636
v 0.129422 0.301662 0.129421
v 0.124306 0.277219 0.136606
v 0.115408 0.275844 0.136713
v 0.107755 0.273965 0.132356
v 0.103398 0.272086 0.124703
v 0.103505 0.270711 0.115805
v 0.108046 0.270207 0.108045
v 0.115805 0.270711 0.103504
v 0.124703 0.272086 0.103398
v 0.132356 0.273965 0.107755
v 0.136713 0.275844 0.115408
v 0.136607 0.277219 0.124306
v 0.132066 0.277722 0.132065
v 0.140651 0.238915 0.152951
v 0.132515 0.235155 0.153819
v 0.125903 0.230020 0.150503
v 0.122587 0.224885 0.143891
v 0.123455 0.221126 0.135755
v 0.128275 0.219750 0.128275
v 0.135756 0.221126 0.123455
v 0.143892 0.224885 0.122587
v 0.150503 0.230020 0.125902
v 0.153819 0.235155 0.132514
v 0.152951 0.238914 0.140650
v 0.148131 0.240290 0.148130
v 0.148830 0.218407 0.161130
v 0.140223 0.215790 0.161528
v 0.132969 0.212215 0.157569
v 0.129010 0.208640 0.150314
v 0.129408 0.206023 0.141708
v 0.134056 0.205065 0.134055
v 0.141708 0.206023 0.129408
v 0.150315 0.208640 0.129010
v 0.157569 0.212215 0.132968
v 0.161528 0.215790 0.140223
v 0.161130 0.218407 0.148829
v 0.156482 0.219365 0.156482
v 0.154488 0.195566 0.166788
v 0.145650 0.193849 0.166954
v 0.138080 0.191505 0.162680
v 0.133805 0.189160 0.155110
v 0.133972 0.187444 0.146272
v 0.138535 0.186815 0.138535
v 0.146272 0.187444 0.133971
v 0.155110 0.189160 0.133805
v 0.162680 0.191505 0.138079
v 0.166955 0.193849 0.145650
v 0.166788 0.195566 0.154487
v 0.162225 0.196194 0.162225
v 0.158173 0.171193 0.170473
v 0.149230 0.170148 0.170534
v 0.141515 0.168722 0.166115
v 0.137096 0.167295 0.158401
v 0.137157 0.166250 0.149457
v 0.141682 0.165868 0.141681
v 0.149458 0.166250 0.137157
v 0.158401 0.167295 0.137096
v 0.166116 0.168722 0.141515
v 0.170535 0.170148 0.149230
v 0.170474 0.171193 0.158173
v 0.165949 0.171575 0.165949
v 0.160317 0.145997 0.172617
v 0.151330 0.145447 0.172634
v 0.143554 0.144697 0.168155
v 0.139075 0.143946 0.160380
v 0.139092 0.143397 0.151392
v 0.143600 0.143196 0.143600
v 0.151392 0.143397 0.139092
v 0.160380 0.143946 0.139075
v 0.168155 0.144697 0.143554
v 0.172634 0.145447 0.151329
v 0.172617 0.145997 0.160317
v 0.168109 0.146198 0.168109
v 0.161274 0.120701 0.173574
v 0.152272 0.120515 0.173576
v 0.144476 0.120262 0.169077
v 0.139977 0.120009 0.161281
v 0.139979 0.119823 0.152279
v 0.144482 0.119755 0.144481
v 0.152279 0.119823 0.139978
v 0.161282 0.120009 0.139976
v 0.169077 0.120262 0.144476
v 0.173577 0.120515 0.152271
v 0.173575 0.120701 0.161274
v 0.169072 0.120769 0.169071
v 0.161362 0.096064 0.173662
v 0.152358 0.096142 0.173663
v 0.144561 0.096249 0.169161
v 0.140059 0.096356 0.161363
v 0.140059 0.096434 0.152359
v 0.144561 0.096462 0.144561
v 0.152359 0.096434 0.140059
v 0.161363 0.096356 0.140058
v 0.169161 0.096249 0.144560
v 0.173663 0.096142 0.152358
v 0.173663 0.096064 0.161362
v 0.169160 0.096036 0.169160
v 0.161733 0.008546 0.161732
v 0.163516 0.008558 0.158644
v 0.163516 0.008589 0.155077
v 0.161733 0.008631 0.151988
v 0.158644 0.008673 0.150205
v 0.155078 0.008704 0.150205
v 0.151989 0.008715 0.151988
v 0.150205 0.008704 0.155077
v 0.150205 0.008673 0.158644
v 0.151988 0.008631 0.161733
v 0.155077 0.008589 0.163516
v 0.158644 0.008558 0.163516
v 0.125200 0.272679 0.137500
v 0.132904 0.252013 0.145204
v 0.127056 0.265721 0.139356
v 0.129876 0.258157 0.142176
v 0.116569 0.270029 0.137873
v 0.124260 0.249317 0.145564
v 0.118435 0.263069 0.139739
v 0.121250 0.255488 0.142554
v 0.109290 0.266406 0.133890
v 0.116950 0.245658 0.141550
v 0.111164 0.259448 0.135764
v 0.113968 0.251854 0.138568
v 0.105312 0.262782 0.126617
v 0.112937 0.242015 0.134241
v 0.107192 0.255829 0.128497
v 0.109983 0.248227 0.131287
v 0.105700 0.260131 0.118000
v 0.113299 0.239351 0.125599
v 0.107583 0.253180 0.119883
v 0.110364 0.245574 0.122664
v 0.110345 0.259160 0.110344
v 0.117935 0.238376 0.117934
v 0.112228 0.252211 0.112228
v 0.115006 0.244603 0.115006
v 0.118000 0.260131 0.105700
v 0.125599 0.239351 0.113298
v 0.119883 0.253180 0.107582
v 0.122664 0.245574 0.110364
v 0.126617 0.262782 0.105312
v 0.134241 0.242015 0.112936
v 0.128497 0.255829 0.107192
v 0.131288 0.248227 0.109982
v 0.133890 0.266406 0.109289
v 0.141550 0.245658 0.116949
v 0.135764 0.259448 0.111163
v 0.138568 0.251854 0.113967
v 0.137874 0.270029 0.116569
v 0.145565 0.249317 0.124260
v 0.139740 0.263069 0.118434
v 0.142555 0.255488 0.121250
v 0.137500 0.272678 0.125199
v 0.145205 0.252013 0.132904
v 0.139356 0.265721 0.127056
v 0.142176 0.258157 0.129876
v 0.140569 0.253005 0.140569
v 0.132862 0.273647 0.132862
v 0.137535 0.259136 0.137535
v 0.134714 0.266692 0.134714
v 0.173663 0.008446 0.161362
v 0.169160 0.008418 0.169160
v 0.173663 0.008524 0.152358
v 0.169161 0.008631 0.144560
v 0.161363 0.008738 0.140058
v 0.152359 0.008816 0.140059
v 0.144561 0.008844 0.144561
v 0.140059 0.008816 0.152359
v 0.140059 0.008738 0.161363
v 0.144561 0.008631 0.169161
v 0.152358 0.008524 0.173663
v 0.161362 0.008446 0.173662
v 0.168361 0.008505 0.159941
v 0.165279 0.008485 0.165279
v 0.168361 0.008558 0.153779
v 0.165280 0.008631 0.148441
v 0.159943 0.008704 0.145360
v 0.153780 0.008757 0.145360
v 0.148442 0.008777 0.148442
v 0.145361 0.008757 0.153779
v 0.145360 0.008704 0.159942
v 0.148442 0.008631 0.165280
v 0.153779 0.008558 0.168361
v 0.159942 0.008505 0.168361
v 0.006828 0.776506 0.019128
v 0.012688 0.777009 0.012688
v 0.002684 0.774919 0.023988
v 0.000592 0.772466 0.025193
v 0.000766 0.770084 0.022071
v 0.003507 0.768561 0.015807
v 0.008853 0.768069 0.008853
v 0.015807 0.768561 0.003506
v 0.022071 0.770084 0.000766
v 0.025193 0.772466 0.000592
v 0.023988 0.774919 0.002684
v 0.019128 0.776506 0.006828
v 0.005233 0.775163 0.015174
v 0.010258 0.775566 0.010258
v 0.001328 0.774037 0.018546
v -0.000631 0.772466 0.019251
v -0.000222 0.770899 0.016996
v 0.002548 0.769777 0.012490
v 0.007159 0.769374 0.007158
v 0.012490 0.769777 0.002548
v 0.016997 0.770899 -0.000222
v 0.019252 0.772466 -0.000631
v 0.018546 0.774037 0.001327
v 0.015174 0.775163 0.005233
v 0.029647 0.764054 0.017346
v 0.043486 0.759522 0.031186
v 0.057326 0.754964 0.045026
v 0.071166 0.750432 0.058865
v 0.064650 0.748492 0.064649
v 0.050701 0.753386 0.050700
v 0.036751 0.760351 0.036751
v 0.022802 0.765254 0.022802
v 0.058866 0.750432 0.071166
v 0.045026 0.754964 0.057326
v 0.031186 0.763439 0.043486
v 0.017346 0.767971 0.029646
v 0.055277 0.755768 0.076582
v 0.041650 0.759347 0.062954
v 0.028022 0.765427 0.049326
v 0.014394 0.769099 0.035698
v 0.054691 0.763117 0.079292
v 0.041166 0.765454 0.065767
v 0.027642 0.768700 0.052242
v 0.014117 0.771380 0.038717
v 0.026638 0.777314 0.026637
v 0.040587 0.777390 0.040586
v 0.054536 0.777581 0.054535
v 0.068485 0.777772 0.068484
v 0.074487 0.775830 0.062187
v 0.060648 0.775999 0.048347
v 0.046808 0.776168 0.034507
v 0.032968 0.776337 0.020667
v 0.020668 0.777084 0.032968
v 0.034507 0.776198 0.046807
v 0.048347 0.775999 0.060647
v 0.062187 0.775830 0.074487
v 0.057195 0.770481 0.078499
v 0.043567 0.771590 0.064872
v 0.029939 0.772965 0.051244
v 0.016311 0.774694 0.037616
v 0.078500 0.770481 0.057195
v 0.064872 0.771590 0.043567
v 0.051244 0.772700 0.029939
v 0.037616 0.773809 0.016311
v 0.079292 0.763117 0.054691
v 0.065767 0.765454 0.041166
v 0.052242 0.767791 0.027641
v 0.038717 0.770128 0.014117
v 0.076582 0.755768 0.055277
v 0.062954 0.759347 0.041649
v 0.049326 0.762926 0.028022
v 0.035699 0.766505 0.014394
v -0.076027 0.775661 -0.088327
v -0.070823 0.769371 -0.092127
v -0.068216 0.760780 -0.092816
v -0.068905 0.752189 -0.090210
v -0.072705 0.745899 -0.085006
v -0.078599 0.743597 -0.078599
v -0.085006 0.745899 -0.072705
v -0.090210 0.752189 -0.068905
v -0.092817 0.760780 -0.068216
v -0.092127 0.769371 -0.070823
v -0.088327 0.775661 -0.076027
v -0.082434 0.777963 -0.082434
v -0.087627 0.770896 -0.099928
v -0.081290 0.765082 -0.102595
v -0.077136 0.757139 -0.101736
v -0.076277 0.749197 -0.097581
v -0.078944 0.743383 -0.091244
v -0.084422 0.741255 -0.084422
v -0.091244 0.743383 -0.078944
v -0.097582 0.749197 -0.076277
v -0.101736 0.757139 -0.077135
v -0.102595 0.765082 -0.081290
v -0.099928 0.770896 -0.087627
v -0.094449 0.773024 -0.094449
v -0.097363 0.762293 -0.109663
v -0.089972 0.757409 -0.111276
v -0.084378 0.750738 -0.108978
v -0.082080 0.744067 -0.103384
v -0.083693 0.739183 -0.095993
v -0.088786 0.737395 -0.088786
v -0.095993 0.739183 -0.083693
v -0.103384 0.744067 -0.082079
v -0.108978 0.750738 -0.084378
v -0.111277 0.757409 -0.089972
v -0.109663 0.762293 -0.097363
v -0.104570 0.764080 -0.104570
v -0.104935 0.750536 -0.117235
v -0.096768 0.746837 -0.118073
v -0.090115 0.741784 -0.114715
v -0.086757 0.736730 -0.108062
v -0.087595 0.733031 -0.099895
v -0.092404 0.731677 -0.092404
v -0.099895 0.733031 -0.087595
v -0.108062 0.736730 -0.086757
v -0.114715 0.741784 -0.090115
v -0.118073 0.746837 -0.096768
v -0.117235 0.750536 -0.104935
v -0.112426 0.751891 -0.112426
v -0.110411 0.736578 -0.122711
v -0.101791 0.734003 -0.123096
v -0.094519 0.730485 -0.119119
v -0.090542 0.726967 -0.111846
v -0.090926 0.724392 -0.103227
v -0.095569 0.723450 -0.095569
v -0.103227 0.724392 -0.090926
v -0.111847 0.726967 -0.090542
v -0.119119 0.730485 -0.094518
v -0.123096 0.734003 -0.101791
v -0.122711 0.736578 -0.110411
v -0.118068 0.737520 -0.118068
v -0.114187 0.721022 -0.126487
v -0.105342 0.719343 -0.126646
v -0.097761 0.717050 -0.122362
v -0.093477 0.714758 -0.114781
v -0.093636 0.713079 -0.105936
v -0.098196 0.712465 -0.098196
v -0.105936 0.713079 -0.093636
v -0.114781 0.714758 -0.093476
v -0.122362 0.717050 -0.097761
v -0.126647 0.719343 -0.105342
v -0.126487 0.721021 -0.114187
v -0.121927 0.721636 -0.121927
v -0.116679 0.704110 -0.128979
v -0.107733 0.703086 -0.129038
v -0.100015 0.701688 -0.124616
v -0.095593 0.700289 -0.116897
v -0.095652 0.699265 -0.107952
v -0.100175 0.698891 -0.100175
v -0.107952 0.699265 -0.095651
v -0.116898 0.700289 -0.095593
v -0.124616 0.701688 -0.100015
v -0.129038 0.703086 -0.107733
v -0.128979 0.704110 -0.116679
v -0.124456 0.704485 -0.124455
v -0.118212 0.685949 -0.130512
v -0.109226 0.685381 -0.130530
v -0.101452 0.684605 -0.126052
v -0.096974 0.683830 -0.118279
v -0.096992 0.683262 -0.109292
v -0.101501 0.683054 -0.101501
v -0.109293 0.683262 -0.096992
v -0.118279 0.683830 -0.096974
v -0.126053 0.684605 -0.101452
v -0.130530 0.685381 -0.109225
v -0.130512 0.685949 -0.118212
v -0.126004 0.686156 -0.126003
v -0.119038 0.666635 -0.131337
v -0.110037 0.666372 -0.131341
v -0.102244 0.666011 -0.126844
v -0.097747 0.665651 -0.119052
v -0.097751 0.665388 -0.110051
v -0.102255 0.665291 -0.102254
v -0.110051 0.665388 -0.097751
v -0.119052 0.665651 -0.097747
v -0.126845 0.666011 -0.102244
v -0.131342 0.666372 -0.110037
v -0.131338 0.666635 -0.119037
v -0.126834 0.666732 -0.126834
v -0.119365 0.646295 -0.131665
v -0.110361 0.646218 -0.131665
v -0.102563 0.646114 -0.127164
v -0.098062 0.646010 -0.119366
v -0.098062 0.645934 -0.110362
v -0.102564 0.645906 -0.102564
v -0.110362 0.645934 -0.098062
v -0.119366 0.646010 -0.098061
v -0.127164 0.646114 -0.102563
v -0.131666 0.646218 -0.110361
v -0.131665 0.646295 -0.119365
v -0.127163 0.646323 -0.127163
v -0.119385 0.625078 -0.131685
v -0.110380 0.625097 -0.131685
v -0.102582 0.625122 -0.127182
v -0.098080 0.625148 -0.119384
v -0.098080 0.625166 -0.110380
v -0.102582 0.625173 -0.102582
v -0.110380 0.625166 -0.098080
v -0.119385 0.625148 -0.098080
v -0.127183 0.625122 -0.102582
v -0.131685 0.625097 -0.110380
v -0.131685 0.625078 -0.119384
v -0.127183 0.625071 -0.127182
v -0.119275 0.603159 -0.131575
v -0.110270 0.603194 -0.131575
v -0.102472 0.603243 -0.127072
v -0.097970 0.603292 -0.119275
v -0.097970 0.603328 -0.110270
v -0.102472 0.603341 -0.102472
v -0.110270 0.603328 -0.097970
v -0.119275 0.603292 -0.097970
v -0.127073 0.603243 -0.102472
v -0.131575 0.603194 -0.110270
v -0.131575 0.603159 -0.119274
v -0.127073 0.603145 -0.127072
v -0.119208 0.580570 -0.131508
v -0.110204 0.580619 -0.131508
v -0.102406 0.580686 -0.127006
v -0.097904 0.580753 -0.119208
v -0.097904 0.580802 -0.110204
v -0.102406 0.580820 -0.102406
v -0.110204 0.580802 -0.097904
v -0.119208 0.580753 -0.097903
v -0.127006 0.580686 -0.102405
v -0.131508 0.580619 -0.110203
v -0.131508 0.580570 -0.119208
v -0.127006 0.580552 -0.127006
v -0.119064 0.562499 -0.131364
v -0.110060 0.562600 -0.131365
v -0.102263 0.562737 -0.126863
v -0.097761 0.562874 -0.119066
v -0.097762 0.562974 -0.110062
v -0.102264 0.563011 -0.102264
v -0.110062 0.562974 -0.097762
v -0.119066 0.562874 -0.097761
v -0.126863 0.562737 -0.102262
v -0.131365 0.562600 -0.110060
v -0.131364 0.562499 -0.119064
v -0.126862 0.562463 -0.126862
v -0.118709 0.537692 -0.131009
v -0.109705 0.537821 -0.131010
v -0.101909 0.537997 -0.126509
v -0.097408 0.538173 -0.118712
v -0.097409 0.538302 -0.109709
v -0.101911 0.538349 -0.101911
v -0.109709 0.538302 -0.097408
v -0.118712 0.538173 -0.097407
v -0.126509 0.537997 -0.101908
v -0.131010 0.537821 -0.109705
v -0.131009 0.537692 -0.118709
v -0.126507 0.537645 -0.126506
v -0.118280 0.507684 -0.130580
v -0.109276 0.507797 -0.130581
v -0.101479 0.507952 -0.126079
v -0.096978 0.508107 -0.118282
v -0.096978 0.508221 -0.109279
v -0.101481 0.508262 -0.101481
v -0.109279 0.508221 -0.096978
v -0.118282 0.508107 -0.096977
v -0.126080 0.507952 -0.101479
v -0.130581 0.507797 -0.109276
v -0.130580 0.507684 -0.118279
v -0.126078 0.507642 -0.126077
v -0.117911 0.473923 -0.130211
v -0.108907 0.473993 -0.130212
v -0.101110 0.474090 -0.125710
v -0.096608 0.474186 -0.117912
v -0.096608 0.474257 -0.108908
v -0.101110 0.474283 -0.101110
v -0.108908 0.474257 -0.096608
v -0.117912 0.474186 -0.096607
v -0.125710 0.474090 -0.101109
v -0.130212 0.473993 -0.108907
v -0.130212 0.473923 -0.117911
v -0.125709 0.473897 -0.125709
v -0.117738 0.437890 -0.130038
v -0.108734 0.437892 -0.130039
v -0.100936 0.437895 -0.125536
v -0.096434 0.437899 -0.117738
v -0.096434 0.437901 -0.108734
v -0.100936 0.437902 -0.100936
v -0.108734 0.437901 -0.096433
v -0.117738 0.437899 -0.096433
v -0.125536 0.437895 -0.100936
v -0.130039 0.437892 -0.108734
v -0.130039 0.437890 -0.117738
v -0.125537 0.437889 -0.125536
v -0.117895 0.401084 -0.130195
v -0.108891 0.400987 -0.130196
v -0.101094 0.400855 -0.125694
v -0.096592 0.400724 -0.117897
v -0.096593 0.400627 -0.108893
v -0.101095 0.400592 -0.101095
v -0.108893 0.400627 -0.096593
v -0.117897 0.400723 -0.096592
v -0.125694 0.400855 -0.101094
v -0.130196 0.400987 -0.108891
v -0.130195 0.401084 -0.117895
v -0.125693 0.401119 -0.125693
v -0.118514 0.365020 -0.130814
v -0.109513 0.364782 -0.130817
v -0.101719 0.364456 -0.126320
v -0.097221 0.364130 -0.118526
v -0.097224 0.363892 -0.109525
v -0.101728 0.363804 -0.101728
v -0.109525 0.363892 -0.097224
v -0.118526 0.364130 -0.097221
v -0.126320 0.364456 -0.101719
v -0.130818 0.364782 -0.109513
v -0.130814 0.365020 -0.118514
v -0.126311 0.365107 -0.126311
v -0.119723 0.331246 -0.132023
v -0.110730 0.330797 -0.132035
v -0.102947 0.330184 -0.127548
v -0.098460 0.329570 -0.119765
v -0.098472 0.329122 -0.110772
v -0.102978 0.328957 -0.102978
v -0.110772 0.329122 -0.098471
v -0.119765 0.329570 -0.098460
v -0.127548 0.330184 -0.102947
v -0.132035 0.330797 -0.110730
v -0.132024 0.331246 -0.119723
v -0.127517 0.331410 -0.127517
v -0.121636 0.301376 -0.133936
v -0.112666 0.300593 -0.133970
v -0.104914 0.299524 -0.129515
v -0.100459 0.298456 -0.121763
v -0.100493 0.297673 -0.112793
v -0.105007 0.297387 -0.105007
v -0.112793 0.297673 -0.100492
v -0.121763 0.298456 -0.100458
v -0.129515 0.299524 -0.104914
v -0.133970 0.300593 -0.112665
v -0.133936 0.301376 -0.121636
v -0.129422 0.301662 -0.129421
v -0.124306 0.277219 -0.136606
v -0.115408 0.275843 -0.136713
v -0.107755 0.273965 -0.132356
v -0.103398 0.272086 -0.124703
v -0.103504 0.270711 -0.115805
v -0.108046 0.270207 -0.108045
v -0.115805 0.270711 -0.103504
v -0.124703 0.272086 -0.103398
v -0.132356 0.273965 -0.107755
v -0.136713 0.275843 -0.115408
v -0.136607 0.277219 -0.124306
v -0.132065 0.277722 -0.132065
v -0.140651 0.238914 -0.152951
v -0.132515 0.235155 -0.153819
v -0.125903 0.230020 -0.150503
v -0.122587 0.224885 -0.143891
v -0.123455 0.221126 -0.135755
v -0.128275 0.219750 -0.128275
v -0.135756 0.221126 -0.123455
v -0.143892 0.224885 -0.122587
v -0.150503 0.230020 -0.125903
v -0.153819 0.235155 -0.132514
v -0.152951 0.238914 -0.140650
v -0.148131 0.240290 -0.148131
v -0.148830 0.218407 -0.161130
v -0.140223 0.215790 -0.161528
v -0.132969 0.212215 -0.157569
v -0.129010 0.208640 -0.150314
v -0.129408 0.206022 -0.141708
v -0.134056 0.205065 -0.134056
v -0.141708 0.206022 -0.129408
v -0.150315 0.208640 -0.129010
v -0.157569 0.212215 -0.132968
v -0.161528 0.215790 -0.140223
v -0.161130 0.218407 -0.148829
v -0.156482 0.219365 -0.156482
v -0.154488 0.195566 -0.166788
v -0.145650 0.193849 -0.166955
v -0.138080 0.191505 -0.162680
v -0.133805 0.189160 -0.155110
v -0.133972 0.187444 -0.146272
v -0.138535 0.186815 -0.138535
v -0.146272 0.187444 -0.133971
v -0.155110 0.189160 -0.133805
v -0.162680 0.191505 -0.138079
v -0.166955 0.193849 -0.145650
v -0.166788 0.195566 -0.154487
v -0.162225 0.196194 -0.162225
v -0.158173 0.171193 -0.170473
v -0.149230 0.170148 -0.170534
v -0.141515 0.168722 -0.166115
v -0.137096 0.167295 -0.158401
v -0.137157 0.166250 -0.149457
v -0.141682 0.165868 -0.141681
v -0.149457 0.166250 -0.137157
v -0.158401 0.167295 -0.137096
v -0.166116 0.168722 -0.141515
v -0.170535 0.170148 -0.149230
v -0.170474 0.171193 -0.158173
v -0.165949 0.171575 -0.165949
v -0.160317 0.145997 -0.172617
v -0.151329 0.145447 -0.172634
v -0.143554 0.144697 -0.168155
v -0.139075 0.143946 -0.160380
v -0.139092 0.143397 -0.151392
v -0.143600 0.143196 -0.143600
v -0.151392 0.143397 -0.139092
v -0.160380 0.143946 -0.139075
v -0.168155 0.144697 -0.143554
v -0.172634 0.145447 -0.151329
v -0.172617 0.145997 -0.160317
v -0.168109 0.146198 -0.168109
v -0.161274 0.120701 -0.173574
v -0.152272 0.120515 -0.173576
v -0.144476 0.120262 -0.169077
v -0.139977 0.120009 -0.161281
v -0.139979 0.119823 -0.152279
v -0.144482 0.119755 -0.144481
v -0.152279 0.119823 -0.139978
v -0.161281 0.120009 -0.139976
v -0.169077 0.120262 -0.144476
v -0.173577 0.120515 -0.152271
v -0.173575 0.120701 -0.161274
v -0.169072 0.120769 -0.169071
v -0.161362 0.096064 -0.173662
v -0.152358 0.096142 -0.173662
v -0.144560 0.096249 -0.169161
v -0.140059 0.096356 -0.161363
v -0.140059 0.096434 -0.152359
v -0.144561 0.096462 -0.144561
v -0.152359 0.096434 -0.140059
v -0.161363 0.096356 -0.140058
v -0.169161 0.096249 -0.144560
v -0.173663 0.096142 -0.152358
v -0.173662 0.096064 -0.161362
v -0.169160 0.096036 -0.169160
v -0.161733 0.008546 -0.161732
v -0.163516 0.008558 -0.158643
v -0.163516 0.008589 -0.155077
v -0.161733 0.008631 -0.151988
v -0.158644 0.008673 -0.150205
v -0.155078 0.008704 -0.150205
v -0.151989 0.008715 -0.151988
v -0.150205 0.008704 -0.155077
v -0.150205 0.008673 -0.158644
v -0.151988 0.008631 -0.161733
v -0.155077 0.008589 -0.163516
v -0.158644 0.008558 -0.163516
v -0.125200 0.272678 -0.137500
v -0.132904 0.252013 -0.145204
v -0.127056 0.265721 -0.139356
v -0.129876 0.258157 -0.142176
v -0.116569 0.270029 -0.137873
v -0.124260 0.249317 -0.145564
v -0.118435 0.263069 -0.139739
v -0.121250 0.255488 -0.142554
v -0.109289 0.266406 -0.133890
v -0.116950 0.245658 -0.141550
v -0.111164 0.259448 -0.135764
v -0.113968 0.251854 -0.138568
v -0.105312 0.262782 -0.126617
v -0.112937 0.242015 -0.134241
v -0.107192 0.255829 -0.128497
v -0.109983 0.248227 -0.131287
v -0.105700 0.260131 -0.118000
v -0.113299 0.239351 -0.125599
v -0.107583 0.253180 -0.119883
v -0.110364 0.245574 -0.122664
v -0.110344 0.259160 -0.110344
v -0.117934 0.238376 -0.117934
v -0.112228 0.252211 -0.112228
v -0.115006 0.244603 -0.115006
v -0.118000 0.260131 -0.105700
v -0.125599 0.239351 -0.113298
v -0.119883 0.253180 -0.107582
v -0.122664 0.245574 -0.110364
v -0.126617 0.262782 -0.105312
v -0.134241 0.242015 -0.112936
v -0.128497 0.255829 -0.107192
v -0.131287 0.248227 -0.109983
v -0.133890 0.266406 -0.109289
v -0.141550 0.245658 -0.116949
v -0.135764 0.259448 -0.111163
v -0.138568 0.251854 -0.113967
v -0.137874 0.270029 -0.116569
v -0.145565 0.249317 -0.124260
v -0.139739 0.263069 -0.118434
v -0.142555 0.255488 -0.121250
v -0.137500 0.272678 -0.125199
v -0.145205 0.252013 -0.132904
v -0.139356 0.265721 -0.127056
v -0.142176 0.258157 -0.129876
v -0.140569 0.253005 -0.140569
v -0.132862 0.273647 -0.132862
v -0.137535 0.259136 -0.137535
v -0.134714 0.266692 -0.134714
v -0.173663 0.008446 -0.161362
v -0.169160 0.008417 -0.169160
v -0.173663 0.008524 -0.152358
v -0.169161 0.008631 -0.144560
v -0.161363 0.008738 -0.140058
v -0.152359 0.008816 -0.140059
v -0.144561 0.008844 -0.144561
v -0.140059 0.008816 -0.152359
v -0.140059 0.008738 -0.161363
v -0.144560 0.008631 -0.169161
v -0.152358 0.008524 -0.173662
v -0.161362 0.008446 -0.173662
v -0.168361 0.008504 -0.159941
v -0.165279 0.008485 -0.165279
v -0.168361 0.008558 -0.153778
v -0.165280 0.008631 -0.148441
v -0.159943 0.008704 -0.145360
v -0.153780 0.008757 -0.145360
v -0.148442 0.008777 -0.148442
v -0.145361 0.008757 -0.153779
v -0.145360 0.008704 -0.159942
v -0.148442 0.008631 -0.165280
v -0.153779 0.008558 -0.168361
v -0.159942 0.008504 -0.168361
v -0.006828 0.776506 -0.019128
v -0.012688 0.777009 -0.012689
v -0.002684 0.774919 -0.023989
v -0.000592 0.772466 -0.025193
v -0.000766 0.770084 -0.022071
v -0.003507 0.768561 -0.015807
v -0.008853 0.768070 -0.008853
v -0.015807 0.768561 -0.003507
v -0.022071 0.770084 -0.000766
v -0.025193 0.772466 -0.000592
v -0.023988 0.774919 -0.002684
v -0.019128 0.776506 -0.006828
v -0.005233 0.775163 -0.015174
v -0.010258 0.775566 -0.010258
v -0.001328 0.774037 -0.018546
v 0.000631 0.772466 -0.019252
v 0.000222 0.770899 -0.016997
v -0.002548 0.769777 -0.012490
v -0.007159 0.769374 -0.007159
v -0.012490 0.769777 -0.002549
v -0.016997 0.770899 0.000222
v -0.019252 0.772466 0.000631
v -0.018546 0.774037 -0.001328
v -0.015174 0.775163 -0.005233
v -0.029647 0.766108 -0.017346
v -0.043486 0.761567 -0.031186
v -0.057326 0.754964 -0.045026
v -0.071166 0.750432 -0.058866
v -0.064650 0.748492 -0.064650
v -0.050701 0.753386 -0.050701
v -0.036751 0.762223 -0.036752
v -0.022802 0.767117 -0.022802
v -0.058866 0.750432 -0.071166
v -0.045026 0.754964 -0.057326
v -0.031186 0.761567 -0.043486
v -0.017346 0.766108 -0.029647
v -0.055277 0.755768 -0.076582
v -0.041650 0.759347 -0.062954
v -0.028022 0.763092 -0.049326
v -0.014394 0.766707 -0.035699
v -0.054691 0.763117 -0.079292
v -0.041166 0.765454 -0.065767
v -0.027642 0.767791 -0.052242
v -0.014117 0.770128 -0.038718
v -0.026638 0.777524 -0.026638
v -0.040587 0.777390 -0.040587
v -0.054536 0.777581 -0.054536
v -0.068485 0.777772 -0.068485
v -0.074487 0.775830 -0.062187
v -0.060648 0.775999 -0.048347
v -0.046808 0.776168 -0.034507
v -0.032968 0.776412 -0.020668
v -0.020668 0.776412 -0.032968
v -0.034507 0.776168 -0.046808
v -0.048347 0.775999 -0.060647
v -0.062187 0.775830 -0.074487
v -0.057195 0.770481 -0.078500
v -0.043567 0.771590 -0.064872
v -0.029939 0.772700 -0.051244
v -0.016311 0.773809 -0.037616
v -0.078500 0.770481 -0.057195
v -0.064872 0.771590 -0.043567
v -0.051244 0.772700 -0.029939
v -0.037616 0.773809 -0.016312
v -0.079292 0.763117 -0.054691
v -0.065767 0.765454 -0.041166
v -0.052242 0.767791 -0.027642
v -0.038717 0.770128 -0.014117
v -0.076582 0.755768 -0.055277
v -0.062954 0.759347 -0.041650
v -0.049326 0.763092 -0.028022
v -0.035699 0.766707 -0.014394
v -0.001569 0.775163 0.008372
v -0.008372 0.775163 0.001569
v -0.011922 0.774037 0.005297
v -0.005297 0.774037 0.011922
v -0.013045 0.772466 0.006838
v -0.006838 0.772466 0.013045
v -0.011405 0.770899 0.005813
v -0.005814 0.770899 0.011405
v -0.007477 0.769777 0.002464
v -0.002464 0.769777 0.007477
v -0.002386 0.769374 -0.002386
v 0.002386 0.769374 0.002386
v 0.002464 0.769777 -0.007477
v 0.007477 0.769777 -0.002464
v 0.005814 0.770899 -0.011405
v 0.011405 0.770899 -0.005814
v 0.006838 0.772466 -0.013045
v 0.013045 0.772466 -0.006838
v 0.005297 0.774037 -0.011922
v 0.011922 0.774037 -0.005297
v 0.001569 0.775163 -0.008372
v 0.008372 0.775163 -0.001570
v -0.003419 0.775566 -0.003420
v 0.003419 0.775566 0.003419
vn -0.4288 0.8690 -0.2471
vn -0.5984 0.7955 -0.0953
vn -0.2887 0.9128 0.2887
vn -0.0995 0.9900 0.0995
vn -0.6614 0.5193 -0.5411
vn -0.7545 0.4716 -0.4564
vn -0.7062 0.0138 -0.7079
vn -0.7136 0.0208 -0.7003
vn -0.5264 -0.4930 -0.6927
vn -0.4808 -0.4405 -0.7582
vn -0.1928 -0.8450 -0.4987
vn -0.1139 -0.7857 -0.6080
vn 0.1796 -0.9672 -0.1796
vn 0.2871 -0.9138 -0.2871
vn 0.4987 -0.8450 0.1928
vn 0.6080 -0.7857 0.1139
vn 0.6927 -0.4930 0.5264
vn 0.7582 -0.4405 0.4808
vn 0.7079 0.0138 0.7062
vn 0.7003 0.0208 0.7136
vn 0.5411 0.5193 0.6614
vn 0.4564 0.4716 0.7545
vn 0.2471 0.8690 0.4288
vn 0.0953 0.7955 0.5984
vn -0.7417 0.6691 0.0477
vn -0.4529 0.7679 0.4529
vn -0.8395 0.3964 -0.3715
vn -0.7172 0.0175 -0.6967
vn -0.4004 -0.3694 -0.8386
vn 0.0302 -0.6581 -0.7523
vn 0.4553 -0.7651 -0.4553
vn 0.7523 -0.6581 -0.0302
vn 0.8386 -0.3694 0.4004
vn 0.6967 0.0175 0.7172
vn 0.3716 0.3964 0.8395
vn -0.0477 0.6691 0.7417
vn -0.8480 0.5077 0.1523
vn -0.5744 0.5833 0.5744
vn -0.9019 0.2995 -0.3111
vn -0.7179 0.0113 -0.6961
vn -0.3384 -0.2810 -0.8981
vn 0.1377 -0.4972 -0.8567
vn 0.5777 -0.5766 -0.5777
vn 0.8567 -0.4972 -0.1377
vn 0.8981 -0.2810 0.3383
vn 0.6961 0.0113 0.7179
vn 0.3111 0.2995 0.9019
vn -0.1523 0.5077 0.8480
vn -0.9110 0.3534 0.2127
vn -0.6460 0.4066 0.6460
vn -0.9380 0.2073 -0.2779
vn -0.7163 0.0060 -0.6978
vn -0.3001 -0.1970 -0.9334
vn 0.2007 -0.3463 -0.9164
vn 0.6478 -0.4009 -0.6478
vn 0.9164 -0.3462 -0.2007
vn 0.9334 -0.1970 0.3000
vn 0.6978 0.0060 0.7163
vn 0.2779 0.2073 0.9380
vn -0.2127 0.3534 0.9110
vn -0.9427 0.2300 0.2419
vn -0.6818 0.2649 0.6818
vn -0.9554 0.1343 -0.2630
vn -0.7140 0.0028 -0.7001
vn -0.2795 -0.1293 -0.9514
vn 0.2326 -0.2263 -0.9459
vn 0.6824 -0.2618 -0.6825
vn 0.9459 -0.2263 -0.2326
vn 0.9514 -0.1293 0.2795
vn 0.7001 0.0028 0.7140
vn 0.2630 0.1343 0.9554
vn -0.2419 0.2300 0.9427
vn -0.9569 0.1401 0.2542
vn -0.6978 0.1615 0.6978
vn -0.9628 0.0815 -0.2575
vn -0.7120 0.0012 -0.7021
vn -0.2692 -0.0793 -0.9598
vn 0.2476 -0.1383 -0.9589
vn 0.6980 -0.1600 -0.6980
vn 0.9589 -0.1383 -0.2476
vn 0.9598 -0.0793 0.2692
vn 0.7021 0.0012 0.7120
vn 0.2575 0.0815 0.9628
vn -0.2542 0.1401 0.9570
vn -0.9628 0.0776 0.2587
vn -0.7043 0.0895 0.7043
vn -0.9656 0.0450 -0.2562
vn -0.7105 0.0005 -0.7037
vn -0.2642 -0.0442 -0.9635
vn 0.2541 -0.0768 -0.9641
vn 0.7043 -0.0888 -0.7043
vn 0.9641 -0.0768 -0.2541
vn 0.9635 -0.0442 0.2642
vn 0.7037 0.0005 0.7105
vn 0.2562 0.0450 0.9656
vn -0.2587 0.0776 0.9628
vn -0.9650 0.0360 0.2598
vn -0.7065 0.0416 0.7065
vn -0.9663 0.0209 -0.2565
vn -0.7093 0.0001 -0.7049
vn -0.2617 -0.0206 -0.9649
vn 0.2568 -0.0357 -0.9658
vn 0.7065 -0.0413 -0.7065
vn 0.9658 -0.0357 -0.2568
vn 0.9649 -0.0206 0.2617
vn 0.7049 0.0001 0.7093
vn 0.2565 0.0209 0.9663
vn -0.2598 0.0360 0.9650
vn -0.9657 0.0104 0.2596
vn -0.7071 0.0120 0.7071
vn -0.9663 0.0060 -0.2574
vn -0.7084 -0.0000 -0.7059
vn -0.2603 -0.0060 -0.9655
vn 0.2579 -0.0103 -0.9661
vn 0.7071 -0.0119 -0.7071
vn 0.9661 -0.0103 -0.2579
vn 0.9655 -0.0060 0.2603
vn 0.7059 -0.0000 0.7084
vn 0.2574 0.0060 0.9663
vn -0.2596 0.0104 0.9657
vn -0.9658 -0.0025 0.2592
vn -0.7071 -0.0029 0.7071
vn -0.9661 -0.0015 -0.2582
vn -0.7076 -0.0000 -0.7066
vn -0.2594 0.0015 -0.9658
vn 0.2585 0.0025 -0.9660
vn 0.7071 0.0029 -0.7071
vn 0.9660 0.0025 -0.2585
vn 0.9658 0.0015 0.2594
vn 0.7066 -0.0000 0.7076
vn 0.2582 -0.0015 0.9661
vn -0.2591 -0.0025 0.9658
vn -0.9659 -0.0049 0.2587
vn -0.7071 -0.0056 0.7071
vn -0.9659 -0.0028 -0.2590
vn -0.7069 -0.0000 -0.7073
vn -0.2586 0.0028 -0.9660
vn 0.2589 0.0049 -0.9659
vn 0.7071 0.0056 -0.7071
vn 0.9659 0.0049 -0.2589
vn 0.9660 0.0028 0.2586
vn 0.7073 -0.0000 0.7069
vn 0.2590 -0.0028 0.9659
vn -0.2587 -0.0049 0.9659
vn -0.9658 -0.0067 0.2591
vn -0.7071 -0.0077 0.7071
vn -0.9660 -0.0039 -0.2583
vn -0.7075 -0.0000 -0.7067
vn -0.2593 0.0039 -0.9658
vn 0.2585 0.0067 -0.9660
vn 0.7071 0.0077 -0.7071
vn 0.9660 0.0067 -0.2585
vn 0.9658 0.0039 0.2593
vn 0.7067 -0.0000 0.7075
vn 0.2583 -0.0039 0.9660
vn -0.2591 -0.0067 0.9658
vn -0.9658 -0.0136 0.2591
vn -0.7070 -0.0158 0.7070
vn -0.9660 -0.0079 -0.2582
vn -0.2595 0.0079 -0.9657
vn 0.2584 0.0136 -0.9659
vn 0.7070 0.0158 -0.7070
vn 0.9659 0.0136 -0.2584
vn 0.9657 0.0079 0.2595
vn 0.2582 -0.0079 0.9660
vn -0.2591 -0.0136 0.9658
vn -0.9658 -0.0175 0.2587
vn -0.7070 -0.0202 0.7070
vn -0.9659 -0.0101 -0.2589
vn -0.7071 -0.0000 -0.7071
vn -0.2589 0.0101 -0.9659
vn 0.2587 0.0175 -0.9658
vn 0.7070 0.0202 -0.7070
vn 0.9658 0.0175 -0.2587
vn 0.9659 0.0101 0.2589
vn 0.7071 -0.0000 0.7071
vn 0.2589 -0.0101 0.9659
vn -0.2587 -0.0175 0.9658
vn -0.9659 -0.0154 0.2585
vn -0.7070 -0.0178 0.7070
vn -0.9658 -0.0089 -0.2592
vn -0.7068 -0.0000 -0.7074
vn -0.2585 0.0089 -0.9660
vn 0.2589 0.0154 -0.9658
vn 0.7070 0.0178 -0.7070
vn 0.9658 0.0154 -0.2589
vn 0.9660 0.0089 0.2585
vn 0.7074 -0.0000 0.7068
vn 0.2592 -0.0089 0.9658
vn -0.2585 -0.0154 0.9659
vn -0.9660 -0.0096 0.2584
vn -0.7071 -0.0111 0.7071
vn -0.9657 -0.0055 -0.2594
vn -0.7066 -0.0000 -0.7076
vn -0.2582 0.0056 -0.9661
vn 0.2591 0.0096 -0.9658
vn 0.7071 0.0111 -0.7071
vn 0.9658 0.0096 -0.2591
vn 0.9661 0.0056 0.2582
vn 0.7076 -0.0000 0.7066
vn 0.2594 -0.0055 0.9657
vn -0.2584 -0.0096 0.9660
vn -0.9661 -0.0003 0.2583
vn -0.7071 -0.0004 0.7071
vn -0.9657 -0.0002 -0.2597
vn -0.7064 -0.0000 -0.7079
vn -0.2579 0.0002 -0.9662
vn 0.2593 0.0003 -0.9658
vn 0.7071 0.0004 -0.7071
vn 0.9658 0.0003 -0.2593
vn 0.9662 0.0002 0.2579
vn 0.7079 -0.0000 0.7064
vn 0.2597 -0.0002 0.9657
vn -0.2583 -0.0003 0.9661
vn -0.9660 0.0131 0.2580
vn -0.7070 0.0151 0.7070
vn -0.9655 0.0076 -0.2601
vn -0.7060 -0.0000 -0.7082
vn -0.2576 -0.0076 -0.9662
vn 0.2595 -0.0131 -0.9657
vn 0.7070 -0.0152 -0.7070
vn 0.9657 -0.0131 -0.2595
vn 0.9662 -0.0076 0.2576
vn 0.7082 -0.0000 0.7060
vn 0.2601 0.0076 0.9655
vn -0.2580 0.0131 0.9661
vn -0.9658 0.0324 0.2574
vn -0.7066 0.0374 0.7066
vn -0.9652 0.0187 -0.2609
vn -0.7056 -0.0001 -0.7086
vn -0.2573 -0.0188 -0.9662
vn 0.2594 -0.0325 -0.9652
vn 0.7066 -0.0375 -0.7066
vn 0.9652 -0.0325 -0.2594
vn 0.9662 -0.0188 0.2572
vn 0.7086 -0.0001 0.7056
vn 0.2609 0.0187 0.9652
vn -0.2573 0.0324 0.9658
vn -0.9648 0.0609 0.2557
vn -0.7054 0.0704 0.7054
vn -0.9643 0.0350 -0.2624
vn -0.7048 -0.0002 -0.7094
vn -0.2569 -0.0355 -0.9658
vn 0.2589 -0.0612 -0.9640
vn 0.7053 -0.0706 -0.7053
vn 0.9640 -0.0612 -0.2589
vn 0.9658 -0.0355 0.2569
vn 0.7094 -0.0002 0.7048
vn 0.2624 0.0350 0.9643
vn -0.2557 0.0609 0.9648
vn -0.9620 0.1059 0.2517
vn -0.7018 0.1223 0.7018
vn -0.9621 0.0608 -0.2659
vn -0.7033 -0.0007 -0.7109
vn -0.2569 -0.0621 -0.9644
vn 0.2568 -0.1070 -0.9605
vn 0.7017 -0.1234 -0.7017
vn 0.9605 -0.1070 -0.2568
vn 0.9644 -0.0621 0.2569
vn 0.7109 -0.0007 0.7033
vn 0.2659 0.0608 0.9621
vn -0.2517 0.1059 0.9620
vn -0.9533 0.1830 0.2404
vn -0.6912 0.2112 0.6912
vn -0.9557 0.1052 -0.2750
vn -0.7001 -0.0025 -0.7141
vn -0.2586 -0.1109 -0.9596
vn 0.2491 -0.1904 -0.9496
vn 0.6899 -0.2195 -0.6899
vn 0.9496 -0.1904 -0.2491
vn 0.9596 -0.1109 0.2586
vn 0.7141 -0.0025 0.7001
vn 0.2750 0.1052 0.9557
vn -0.2404 0.1830 0.9533
vn -0.8543 0.4951 0.1584
vn -0.9093 0.3587 0.2111
vn -0.6441 0.4126 0.6441
vn -0.5811 0.5697 0.5811
vn -0.9059 0.2899 -0.3087
vn -0.9370 0.2105 -0.2788
vn -0.7152 0.0080 -0.6989
vn -0.7163 0.0061 -0.6978
vn -0.3275 -0.2739 -0.9043
vn -0.3012 -0.2005 -0.9322
vn 0.1515 -0.4791 -0.8646
vn 0.1985 -0.3529 -0.9144
vn 0.5888 -0.5537 -0.5888
vn 0.6453 -0.4089 -0.6453
vn 0.8646 -0.4791 -0.1515
vn 0.9144 -0.3529 -0.1986
vn 0.9043 -0.2739 0.3275
vn 0.9322 -0.2005 0.3012
vn 0.6989 0.0080 0.7152
vn 0.6978 0.0061 0.7163
vn 0.3087 0.2899 0.9059
vn 0.2788 0.2105 0.9370
vn -0.1583 0.4951 0.8543
vn -0.2110 0.3587 0.9093
vn -0.9417 0.2349 0.2410
vn -0.6808 0.2705 0.6808
vn -0.9549 0.1372 -0.2635
vn -0.7141 0.0029 -0.7000
vn -0.2802 -0.1324 -0.9508
vn 0.2314 -0.2319 -0.9448
vn 0.6811 -0.2685 -0.6812
vn 0.9448 -0.2319 -0.2314
vn 0.9508 -0.1324 0.2802
vn 0.7000 0.0029 0.7141
vn 0.2635 0.1372 0.9549
vn -0.2410 0.2349 0.9417
vn -0.9566 0.1427 0.2541
vn -0.6975 0.1645 0.6975
vn -0.9627 0.0831 -0.2574
vn -0.7123 0.0013 -0.7019
vn -0.2698 -0.0810 -0.9595
vn 0.2470 -0.1414 -0.9586
vn 0.6976 -0.1635 -0.6976
vn 0.9586 -0.1414 -0.2470
vn 0.9595 -0.0810 0.2697
vn 0.7019 0.0013 0.7123
vn 0.2574 0.0831 0.9627
vn -0.2541 0.1427 0.9566
vn -0.9629 0.0750 0.2592
vn -0.7045 0.0865 0.7045
vn -0.9658 0.0436 -0.2556
vn -0.7109 0.0005 -0.7033
vn -0.2647 -0.0427 -0.9634
vn 0.2539 -0.0744 -0.9644
vn 0.7045 -0.0860 -0.7045
vn 0.9644 -0.0744 -0.2539
vn 0.9634 -0.0427 0.2647
vn 0.7033 0.0005 0.7109
vn 0.2556 0.0436 0.9658
vn -0.2592 0.0750 0.9629
vn -0.9651 0.0254 0.2605
vn -0.7068 0.0293 0.7068
vn -0.9667 0.0147 -0.2556
vn -0.7099 0.0001 -0.7043
vn -0.2623 -0.0144 -0.9649
vn 0.2566 -0.0251 -0.9662
vn 0.7068 -0.0290 -0.7068
vn 0.9662 -0.0251 -0.2566
vn 0.9649 -0.0144 0.2623
vn 0.7043 0.0001 0.7099
vn 0.2556 0.0147 0.9667
vn -0.2605 0.0254 0.9651
vn -0.9659 0.0022 0.2591
vn -0.7071 0.0025 0.7071
vn -0.9660 0.0013 -0.2584
vn -0.7074 -0.0000 -0.7068
vn -0.2591 -0.0012 -0.9658
vn 0.2587 -0.0021 -0.9660
vn 0.7071 -0.0024 -0.7071
vn 0.9660 -0.0021 -0.2587
vn 0.9658 -0.0012 0.2591
vn 0.7068 -0.0000 0.7074
vn 0.2584 0.0013 0.9660
vn -0.2591 0.0022 0.9659
vn 0.7348 -0.6508 0.1911
vn 0.7339 -0.6491 -0.2000
vn 0.5383 -0.6485 -0.5383
vn 0.2000 -0.6491 -0.7339
vn -0.1919 -0.6573 0.7288
vn 0.2009 -0.6555 0.7279
vn -0.1911 -0.6508 -0.7348
vn -0.5308 -0.6532 -0.5400
vn 0.5400 -0.6532 0.5308
vn -0.7288 -0.6573 0.1919
vn -0.5325 -0.6579 0.5325
vn -0.7279 -0.6555 -0.2009
vn -0.8402 0.5259 0.1323
vn -0.5606 0.6095 0.5606
vn -0.6033 0.5217 0.6033
vn -0.8782 0.4492 0.1642
vn -0.6448 0.4104 0.6448
vn -0.9141 0.3539 0.1977
vn -0.6724 0.3096 0.6724
vn -0.9368 0.2684 0.2245
vn -0.9465 0.1550 -0.2829
vn -0.9325 0.2013 -0.2999
vn -0.9134 0.2544 -0.3178
vn -0.8942 0.2994 -0.3329
vn -0.7023 -0.0019 -0.7119
vn -0.7008 -0.0039 -0.7134
vn -0.7014 -0.0054 -0.7128
vn -0.7034 -0.0045 -0.7108
vn -0.2717 -0.1606 -0.9489
vn -0.2840 -0.2070 -0.9362
vn -0.3016 -0.2588 -0.9177
vn -0.3202 -0.3000 -0.8986
vn 0.2298 -0.2778 -0.9328
vn 0.2080 -0.3550 -0.9114
vn 0.1780 -0.4407 -0.8798
vn 0.1473 -0.5102 -0.8474
vn 0.6697 -0.3208 -0.6697
vn 0.6452 -0.4091 -0.6452
vn 0.6096 -0.5067 -0.6096
vn 0.5731 -0.5857 -0.5731
vn 0.9328 -0.2778 -0.2298
vn 0.9114 -0.3550 -0.2080
vn 0.8798 -0.4407 -0.1780
vn 0.8474 -0.5102 -0.1473
vn 0.9489 -0.1606 0.2717
vn 0.9362 -0.2070 0.2840
vn 0.9177 -0.2588 0.3015
vn 0.8986 -0.3000 0.3202
vn 0.7119 -0.0019 0.7023
vn 0.7134 -0.0039 0.7008
vn 0.7128 -0.0054 0.7014
vn 0.7108 -0.0045 0.7034
vn 0.2829 0.1550 0.9465
vn 0.2999 0.2013 0.9325
vn 0.3178 0.2544 0.9134
vn 0.3329 0.2994 0.8942
vn -0.2245 0.2684 0.9368
vn -0.1977 0.3539 0.9141
vn -0.1642 0.4492 0.8782
vn -0.1323 0.5259 0.8402
vn 0.0087 -0.9999 -0.0087
vn 0.1805 -0.9819 -0.0574
vn 0.1091 -0.9880 -0.1091
vn 0.2003 -0.9590 -0.2003
vn 0.3342 -0.9391 -0.0798
vn 0.0574 -0.9819 -0.1805
vn 0.0798 -0.9391 -0.3342
vn -0.3046 -0.8090 -0.5027
vn -0.1800 -0.7124 -0.6783
vn -0.6942 0.0117 -0.7197
vn -0.5113 0.0993 -0.8537
vn 0.0005 1.0000 -0.0005
vn 0.1615 0.9698 0.1829
vn 0.2536 0.9673 0.0046
vn 0.1384 0.9807 -0.1384
vn -0.1829 0.9698 -0.1615
vn -0.0046 0.9673 -0.2536
vn -0.4826 0.7661 -0.4245
vn -0.2642 0.8330 -0.4862
vn 0.4245 0.7661 0.4826
vn 0.4862 0.8330 0.2642
vn 0.7197 0.0117 0.6942
vn 0.8537 0.0993 0.5113
vn 0.5027 -0.8090 0.3046
vn 0.6783 -0.7124 0.1800
vn 0.1336 0.9820 -0.1336
vn 0.0393 0.9733 -0.2260
vn -0.1259 0.8927 -0.4328
vn -0.3658 0.1928 -0.9105
vn -0.1785 -0.8367 -0.5178
vn 0.0412 -0.9618 -0.2706
vn 0.1563 -0.9753 -0.1563
vn 0.2706 -0.9618 -0.0412
vn 0.5178 -0.8367 0.1785
vn 0.9105 0.1928 0.3658
vn 0.4328 0.8927 0.1259
vn 0.2260 0.9733 -0.0393
vn 0.4584 -0.8703 0.1799
vn 0.6646 -0.5393 0.5172
vn 0.4258 -0.9023 0.0682
vn 0.6440 -0.6116 0.4596
vn 0.3084 -0.9491 -0.0638
vn 0.5891 -0.7171 0.3726
vn 0.7139 0.0030 0.7003
vn 0.7154 0.0044 0.6987
vn 0.7177 0.0053 0.6964
vn 0.5691 0.5542 0.6074
vn 0.5357 0.6146 0.5791
vn 0.4897 0.6844 0.5402
vn -0.3230 0.8959 -0.3051
vn -0.6074 0.5542 -0.5691
vn -0.2804 0.9236 -0.2612
vn -0.5791 0.6146 -0.5357
vn -0.2368 0.9481 -0.2123
vn -0.5402 0.6844 -0.4897
vn 0.3051 0.8959 0.3230
vn 0.2613 0.9236 0.2804
vn 0.2123 0.9481 0.2368
vn -0.7003 0.0030 -0.7139
vn -0.6987 0.0044 -0.7154
vn -0.6964 0.0053 -0.7177
vn 0.0004 1.0000 -0.0004
vn -0.0032 1.0000 0.0032
vn -0.5172 -0.5393 -0.6646
vn -0.4596 -0.6116 -0.6440
vn -0.3726 -0.7171 -0.5891
vn -0.1799 -0.8703 -0.4584
vn -0.0682 -0.9023 -0.4258
vn 0.0638 -0.9491 -0.3084
vn 0.1649 -0.9724 -0.1649
vn 0.2131 -0.9535 -0.2131
vn 0.2089 -0.9554 -0.2089
vn 0.4288 0.8690 0.2471
vn 0.5984 0.7955 0.0953
vn 0.2887 0.9128 -0.2887
vn 0.0995 0.9900 -0.0995
vn 0.6614 0.5193 0.5411
vn 0.7545 0.4716 0.4564
vn 0.7062 0.0138 0.7079
vn 0.7136 0.0208 0.7003
vn 0.5264 -0.4930 0.6927
vn 0.4808 -0.4405 0.7582
vn 0.1928 -0.8450 0.4987
vn 0.1139 -0.7857 0.6080
vn -0.1796 -0.9672 0.1796
vn -0.2871 -0.9138 0.2871
vn -0.4987 -0.8450 -0.1928
vn -0.6080 -0.7857 -0.1139
vn -0.6927 -0.4930 -0.5264
vn -0.7582 -0.4405 -0.4808
vn -0.7079 0.0138 -0.7062
vn -0.7003 0.0208 -0.7136
vn -0.5411 0.5193 -0.6614
vn -0.4564 0.4716 -0.7545
vn -0.2471 0.8690 -0.4288
vn -0.0953 0.7955 -0.5984
vn 0.7417 0.6691 -0.0477
vn 0.4529 0.7679 -0.4529
vn 0.8395 0.3964 0.3716
vn 0.7172 0.0175 0.6967
vn 0.4004 -0.3694 0.8386
vn -0.0302 -0.6581 0.7523
vn -0.4553 -0.7651 0.4553
vn -0.7523 -0.6581 0.0302
vn -0.8386 -0.3694 -0.4004
vn -0.6967 0.0175 -0.7172
vn -0.3716 0.3964 -0.8395
vn 0.0477 0.6691 -0.7417
vn 0.8480 0.5077 -0.1523
vn 0.5744 0.5833 -0.5744
vn 0.9019 0.2995 0.3111
vn 0.7179 0.0113 0.6961
vn 0.3384 -0.2810 0.8981
vn -0.1377 -0.4972 0.8567
vn -0.5777 -0.5766 0.5777
vn -0.8567 -0.4972 0.1377
vn -0.8981 -0.2810 -0.3383
vn -0.6961 0.0113 -0.7179
vn -0.3111 0.2995 -0.9019
vn 0.1523 0.5077 -0.8480
vn 0.9110 0.3534 -0.2127
vn 0.6460 0.4066 -0.6460
vn 0.9380 0.2073 0.2779
vn 0.7163 0.0060 0.6978
vn 0.3001 -0.1970 0.9334
vn -0.2007 -0.3463 0.9164
vn -0.6478 -0.4009 0.6478
vn -0.9164 -0.3463 0.2007
vn -0.9334 -0.1970 -0.3000
vn -0.6978 0.0060 -0.7163
vn -0.2779 0.2073 -0.9380
vn 0.2127 0.3534 -0.9110
vn 0.9427 0.2300 -0.2419
vn 0.6818 0.2649 -0.6818
vn 0.9554 0.1343 0.2630
vn 0.7140 0.0028 0.7001
vn 0.2795 -0.1293 0.9514
vn -0.2326 -0.2263 0.9459
vn -0.6824 -0.2618 0.6825
vn -0.9459 -0.2263 0.2326
vn -0.9514 -0.1293 -0.2795
vn -0.7001 0.0028 -0.7140
vn -0.2630 0.1343 -0.9554
vn 0.2419 0.2300 -0.9427
vn 0.9569 0.1401 -0.2542
vn 0.6978 0.1615 -0.6978
vn 0.9628 0.0815 0.2575
vn 0.7120 0.0012 0.7021
vn 0.2692 -0.0793 0.9598
vn -0.2476 -0.1383 0.9589
vn -0.6980 -0.1600 0.6980
vn -0.9589 -0.1383 0.2476
vn -0.9598 -0.0793 -0.2692
vn -0.7021 0.0012 -0.7120
vn -0.2575 0.0815 -0.9628
vn 0.2542 0.1401 -0.9570
vn 0.9628 0.0776 -0.2587
vn 0.7043 0.0895 -0.7043
vn 0.9656 0.0450 0.2562
vn 0.7105 0.0005 0.7037
vn 0.2642 -0.0442 0.9635
vn -0.2541 -0.0768 0.9641
vn -0.7043 -0.0888 0.7043
vn -0.9641 -0.0768 0.2541
vn -0.9635 -0.0442 -0.2642
vn -0.7037 0.0005 -0.7105
vn -0.2562 0.0450 -0.9656
vn 0.2587 0.0776 -0.9628
vn 0.9650 0.0360 -0.2598
vn 0.7065 0.0416 -0.7065
vn 0.9663 0.0209 0.2565
vn 0.7093 0.0001 0.7049
vn 0.2617 -0.0206 0.9649
vn -0.2568 -0.0357 0.9658
vn -0.7065 -0.0413 0.7065
vn -0.9658 -0.0357 0.2568
vn -0.9649 -0.0206 -0.2617
vn -0.7049 0.0001 -0.7093
vn -0.2565 0.0209 -0.9663
vn 0.2598 0.0360 -0.9650
vn 0.9657 0.0104 -0.2596
vn 0.7071 0.0120 -0.7071
vn 0.9663 0.0060 0.2574
vn 0.7084 -0.0000 0.7059
vn 0.2603 -0.0060 0.9655
vn -0.2579 -0.0103 0.9661
vn -0.7071 -0.0119 0.7071
vn -0.9661 -0.0103 0.2579
vn -0.9655 -0.0060 -0.2603
vn -0.7059 -0.0000 -0.7084
vn -0.2574 0.0060 -0.9663
vn 0.2596 0.0104 -0.9657
vn 0.9658 -0.0025 -0.2592
vn 0.7071 -0.0029 -0.7071
vn 0.9661 -0.0015 0.2582
vn 0.2594 0.0015 0.9658
vn -0.2585 0.0025 0.9660
vn -0.7071 0.0029 0.7071
vn -0.9660 0.0025 0.2585
vn -0.9658 0.0015 -0.2594
vn -0.2582 -0.0015 -0.9661
vn 0.2592 -0.0025 -0.9658
vn 0.9659 -0.0049 -0.2587
vn 0.7071 -0.0056 -0.7071
vn 0.9659 -0.0028 0.2590
vn 0.7069 -0.0000 0.7073
vn 0.2586 0.0028 0.9660
vn -0.2589 0.0049 0.9659
vn -0.7071 0.0056 0.7071
vn -0.9659 0.0049 0.2589
vn -0.9660 0.0028 -0.2586
vn -0.7073 -0.0000 -0.7069
vn -0.2590 -0.0028 -0.9659
vn 0.2587 -0.0049 -0.9659
vn 0.9658 -0.0067 -0.2591
vn 0.7071 -0.0077 -0.7071
vn 0.9660 -0.0039 0.2583
vn 0.7075 -0.0000 0.7067
vn 0.2593 0.0039 0.9658
vn -0.2585 0.0067 0.9660
vn -0.7071 0.0077 0.7071
vn -0.9660 0.0067 0.2585
vn -0.9658 0.0039 -0.2593
vn -0.7067 -0.0000 -0.7075
vn -0.2583 -0.0039 -0.9660
vn 0.2591 -0.0067 -0.9658
vn 0.9658 -0.0136 -0.2591
vn 0.7070 -0.0158 -0.7070
vn 0.9660 -0.0079 0.2582
vn 0.2595 0.0079 0.9657
vn -0.2584 0.0136 0.9659
vn -0.7070 0.0158 0.7070
vn -0.9659 0.0136 0.2584
vn -0.9657 0.0079 -0.2595
vn -0.2582 -0.0079 -0.9660
vn 0.2591 -0.0136 -0.9658
vn 0.9658 -0.0175 -0.2587
vn 0.7070 -0.0202 -0.7070
vn 0.9659 -0.0101 0.2589
vn 0.2589 0.0101 0.9659
vn -0.2587 0.0175 0.9658
vn -0.7070 0.0202 0.7070
vn -0.9658 0.0175 0.2587
vn -0.9659 0.0101 -0.2589
vn -0.2589 -0.0101 -0.9659
vn 0.2587 -0.0175 -0.9658
vn 0.9659 -0.0154 -0.2585
vn 0.7070 -0.0178 -0.7070
vn 0.9658 -0.0089 0.2592
vn 0.2585 0.0089 0.9660
vn -0.2589 0.0154 0.9658
vn -0.7070 0.0178 0.7070
vn -0.9658 0.0154 0.2589
vn -0.9660 0.0089 -0.2585
vn -0.2592 -0.0089 -0.9658
vn 0.2585 -0.0154 -0.9659
vn 0.9660 -0.0096 -0.2584
vn 0.7071 -0.0111 -0.7071
vn 0.9657 -0.0055 0.2594
vn 0.2582 0.0056 0.9661
vn -0.2591 0.0096 0.9658
vn -0.7071 0.0111 0.7071
vn -0.9658 0.0096 0.2591
vn -0.9661 0.0056 -0.2582
vn -0.2594 -0.0055 -0.9657
vn 0.2584 -0.0096 -0.9660
vn 0.9661 -0.0003 -0.2583
vn 0.7071 -0.0004 -0.7071
vn 0.9657 -0.0002 0.2597
vn 0.7064 -0.0000 0.7079
vn 0.2579 0.0002 0.9662
vn -0.2593 0.0003 0.9658
vn -0.7071 0.0004 0.7071
vn -0.9658 0.0003 0.2593
vn -0.9662 0.0002 -0.2579
vn -0.7079 -0.0000 -0.7064
vn -0.2597 -0.0002 -0.9657
vn 0.2583 -0.0003 -0.9661
vn 0.9660 0.0131 -0.2580
vn 0.7070 0.0151 -0.7070
vn 0.9655 0.0076 0.2601
vn 0.7060 -0.0000 0.7082
vn 0.2576 -0.0076 0.9662
vn -0.2595 -0.0131 0.9657
vn -0.7070 -0.0152 0.7070
vn -0.9657 -0.0131 0.2595
vn -0.9662 -0.0076 -0.2576
vn -0.7082 -0.0000 -0.7060
vn -0.2601 0.0076 -0.9655
vn 0.2580 0.0131 -0.9661
vn 0.9658 0.0324 -0.2574
vn 0.7066 0.0374 -0.7066
vn 0.9652 0.0187 0.2609
vn 0.7056 -0.0001 0.7086
vn 0.2573 -0.0188 0.9662
vn -0.2594 -0.0325 0.9652
vn -0.7066 -0.0375 0.7066
vn -0.9652 -0.0325 0.2594
vn -0.9662 -0.0188 -0.2572
vn -0.7086 -0.0001 -0.7056
vn -0.2609 0.0187 -0.9652
vn 0.2573 0.0324 -0.9658
vn 0.9648 0.0609 -0.2557
vn 0.7054 0.0704 -0.7054
vn 0.9643 0.0350 0.2624
vn 0.7048 -0.0002 0.7094
vn 0.2569 -0.0355 0.9658
vn -0.2589 -0.0612 0.9640
vn -0.7053 -0.0706 0.7053
vn -0.9640 -0.0612 0.2589
vn -0.9658 -0.0355 -0.2569
vn -0.7094 -0.0002 -0.7048
vn -0.2624 0.0350 -0.9643
vn 0.2557 0.0609 -0.9648
vn 0.9620 0.1059 -0.2517
vn 0.7018 0.1223 -0.7018
vn 0.9621 0.0608 0.2659
vn 0.7033 -0.0007 0.7109
vn 0.2569 -0.0621 0.9644
vn -0.2568 -0.1070 0.9605
vn -0.7017 -0.1234 0.7017
vn -0.9605 -0.1070 0.2568
vn -0.9644 -0.0621 -0.2569
vn -0.7109 -0.0007 -0.7033
vn -0.2659 0.0608 -0.9621
vn 0.2517 0.1059 -0.9620
vn 0.9533 0.1830 -0.2404
vn 0.6912 0.2112 -0.6912
vn 0.9557 0.1052 0.2750
vn 0.7001 -0.0025 0.7141
vn 0.2586 -0.1109 0.9596
vn -0.2491 -0.1904 0.9496
vn -0.6899 -0.2195 0.6899
vn -0.9496 -0.1904 0.2491
vn -0.9596 -0.1109 -0.2586
vn -0.7141 -0.0025 -0.7001
vn -0.2750 0.1052 -0.9557
vn 0.2404 0.1830 -0.9533
vn 0.8543 0.4951 -0.1584
vn 0.9093 0.3587 -0.2111
vn 0.6441 0.4126 -0.6441
vn 0.5811 0.5697 -0.5811
vn 0.9059 0.2899 0.3087
vn 0.9370 0.2105 0.2788
vn 0.7152 0.0080 0.6989
vn 0.7163 0.0061 0.6978
vn 0.3275 -0.2739 0.9043
vn 0.3012 -0.2005 0.9322
vn -0.1515 -0.4791 0.8646
vn -0.1985 -0.3529 0.9144
vn -0.5888 -0.5537 0.5888
vn -0.6453 -0.4089 0.6453
vn -0.8646 -0.4791 0.1515
vn -0.9144 -0.3529 0.1986
vn -0.9043 -0.2739 -0.3275
vn -0.9322 -0.2005 -0.3012
vn -0.6989 0.0080 -0.7152
vn -0.6978 0.0061 -0.7163
vn -0.3087 0.2899 -0.9059
vn -0.2788 0.2105 -0.9370
vn 0.1583 0.4951 -0.8543
vn 0.2110 0.3587 -0.9093
vn 0.9417 0.2349 -0.2410
vn 0.6808 0.2705 -0.6808
vn 0.9549 0.1372 0.2635
vn 0.7141 0.0029 0.7000
vn 0.2802 -0.1324 0.9508
vn -0.2314 -0.2319 0.9448
vn -0.6811 -0.2685 0.6811
vn -0.9448 -0.2319 0.2314
vn -0.9508 -0.1324 -0.2802
vn -0.7000 0.0029 -0.7141
vn -0.2635 0.1372 -0.9549
vn 0.2410 0.2349 -0.9417
vn 0.9566 0.1427 -0.2541
vn 0.6975 0.1645 -0.6975
vn 0.9627 0.0831 0.2574
vn 0.7123 0.0013 0.7019
vn 0.2698 -0.0810 0.9595
vn -0.2470 -0.1414 0.9586
vn -0.6976 -0.1635 0.6976
vn -0.9586 -0.1414 0.2470
vn -0.9595 -0.0810 -0.2697
vn -0.7019 0.0013 -0.7123
vn -0.2574 0.0831 -0.9627
vn 0.2541 0.1427 -0.9566
vn 0.9629 0.0750 -0.2592
vn 0.7045 0.0865 -0.7045
vn 0.9658 0.0436 0.2556
vn 0.7109 0.0005 0.7033
vn 0.2647 -0.0427 0.9634
vn -0.2539 -0.0744 0.9644
vn -0.7045 -0.0860 0.7045
vn -0.9644 -0.0744 0.2539
vn -0.9634 -0.0427 -0.2647
vn -0.7033 0.0005 -0.7109
vn -0.2556 0.0436 -0.9658
vn 0.2592 0.0750 -0.9629
vn 0.9651 0.0254 -0.2605
vn 0.7068 0.0293 -0.7068
vn 0.9667 0.0147 0.2556
vn 0.7099 0.0001 0.7043
vn 0.2623 -0.0144 0.9649
vn -0.2566 -0.0251 0.9662
vn -0.7068 -0.0290 0.7068
vn -0.9662 -0.0251 0.2566
vn -0.9649 -0.0144 -0.2623
vn -0.7043 0.0001 -0.7099
vn -0.2556 0.0147 -0.9667
vn 0.2605 0.0254 -0.9651
vn 0.9659 0.0022 -0.2591
vn 0.7071 0.0025 -0.7071
vn 0.9660 0.0013 0.2584
vn 0.2591 -0.0012 0.9658
vn -0.2587 -0.0021 0.9660
vn -0.7071 -0.0024 0.7071
vn -0.9660 -0.0021 0.2587
vn -0.9658 -0.0012 -0.2591
vn -0.2584 0.0013 -0.9660
vn 0.2591 0.0022 -0.9659
vn -0.7348 -0.6508 -0.1911
vn -0.7339 -0.6491 0.2000
vn -0.5383 -0.6485 0.5383
vn -0.2000 -0.6491 0.7339
vn 0.1919 -0.6573 -0.7288
vn -0.2009 -0.6556 -0.7279
vn 0.1911 -0.6508 0.7348
vn 0.5308 -0.6532 0.5400
vn -0.5400 -0.6532 -0.5308
vn 0.7288 -0.6573 -0.1919
vn 0.5325 -0.6579 -0.5325
vn 0.7279 -0.6556 0.2009
vn 0.8402 0.5259 -0.1323
vn 0.5606 0.6095 -0.5606
vn 0.6033 0.5217 -0.6033
vn 0.8782 0.4492 -0.1642
vn 0.6448 0.4104 -0.6448
vn 0.9141 0.3539 -0.1977
vn 0.6724 0.3096 -0.6724
vn 0.9368 0.2684 -0.2245
vn 0.9465 0.1550 0.2829
vn 0.9325 0.2013 0.2999
vn 0.9134 0.2544 0.3178
vn 0.8942 0.2994 0.3329
vn 0.7023 -0.0019 0.7119
vn 0.7008 -0.0039 0.7134
vn 0.7014 -0.0054 0.7128
vn 0.7034 -0.0045 0.7108
vn 0.2717 -0.1606 0.9489
vn 0.2840 -0.2070 0.9362
vn 0.3016 -0.2588 0.9177
vn 0.3202 -0.3000 0.8986
vn -0.2298 -0.2778 0.9328
vn -0.2080 -0.3550 0.9114
vn -0.1780 -0.4408 0.8798
vn -0.1473 -0.5102 0.8474
vn -0.6697 -0.3208 0.6697
vn -0.6452 -0.4091 0.6452
vn -0.6096 -0.5067 0.6096
vn -0.5731 -0.5857 0.5731
vn -0.9328 -0.2778 0.2298
vn -0.9114 -0.3550 0.2080
vn -0.8798 -0.4408 0.1780
vn -0.8474 -0.5102 0.1473
vn -0.9489 -0.1606 -0.2717
vn -0.9362 -0.2070 -0.2840
vn -0.9177 -0.2588 -0.3015
vn -0.8986 -0.3000 -0.3202
vn -0.7119 -0.0019 -0.7023
vn -0.7134 -0.0039 -0.7008
vn -0.7128 -0.0054 -0.7014
vn -0.7108 -0.0045 -0.7034
vn -0.2829 0.1550 -0.9465
vn -0.2999 0.2013 -0.9325
vn -0.3178 0.2544 -0.9134
vn -0.3329 0.2993 -0.8942
vn 0.2245 0.2684 -0.9368
vn 0.1977 0.3539 -0.9141
vn 0.1642 0.4492 -0.8782
vn 0.1323 0.5259 -0.8402
vn -0.0087 -0.9999 0.0087
vn -0.1805 -0.9819 0.0574
vn -0.1091 -0.9880 0.1091
vn -0.2003 -0.9590 0.2003
vn -0.3342 -0.9391 0.0798
vn -0.0574 -0.9819 0.1805
vn -0.0798 -0.9391 0.3342
vn 0.3046 -0.8090 0.5027
vn 0.1800 -0.7124 0.6783
vn 0.6942 0.0117 0.7197
vn 0.5113 0.0993 0.8536
vn -0.0005 1.0000 0.0005
vn -0.1615 0.9698 -0.1829
vn -0.2536 0.9673 -0.0046
vn -0.1384 0.9807 0.1384
vn 0.1829 0.9698 0.1615
vn 0.0046 0.9673 0.2536
vn 0.4826 0.7661 0.4245
vn 0.2642 0.8330 0.4862
vn -0.4245 0.7661 -0.4826
vn -0.4862 0.8330 -0.2642
vn -0.7197 0.0117 -0.6942
vn -0.8537 0.0993 -0.5113
vn -0.5027 -0.8090 -0.3045
vn -0.6783 -0.7124 -0.1800
vn -0.1336 0.9820 0.1336
vn -0.0393 0.9733 0.2260
vn 0.1259 0.8927 0.4328
vn 0.3658 0.1928 0.9105
vn 0.1785 -0.8367 0.5178
vn -0.0412 -0.9618 0.2706
vn -0.1563 -0.9753 0.1563
vn -0.2706 -0.9618 0.0412
vn -0.5178 -0.8367 -0.1785
vn -0.9105 0.1928 -0.3658
vn -0.4328 0.8927 -0.1259
vn -0.2260 0.9733 0.0393
vn -0.4584 -0.8703 -0.1799
vn -0.6646 -0.5393 -0.5172
vn -0.4258 -0.9023 -0.0682
vn -0.6440 -0.6116 -0.4596
vn -0.3084 -0.9491 0.0638
vn -0.5891 -0.7171 -0.3726
vn -0.7139 0.0030 -0.7003
vn -0.7154 0.0044 -0.6987
vn -0.7177 0.0053 -0.6964
vn -0.5691 0.5542 -0.6074
vn -0.5357 0.6146 -0.5791
vn -0.4897 0.6844 -0.5402
vn 0.3230 0.8959 0.3051
vn 0.6074 0.5542 0.5691
vn 0.2804 0.9236 0.2612
vn 0.5791 0.6146 0.5357
vn 0.2368 0.9481 0.2123
vn 0.5402 0.6844 0.4897
vn -0.3051 0.8959 -0.3230
vn -0.2613 0.9236 -0.2804
vn -0.2123 0.9481 -0.2368
vn 0.7003 0.0030 0.7139
vn 0.6987 0.0044 0.7154
vn 0.6964 0.0053 0.7177
vn -0.0004 1.0000 0.0004
vn 0.0032 1.0000 -0.0032
vn 0.5172 -0.5393 0.6646
vn 0.4596 -0.6116 0.6440
vn 0.3726 -0.7171 0.5891
vn 0.1799 -0.8703 0.4584
vn 0.0682 -0.9023 0.4258
vn -0.0638 -0.9491 0.3084
vn -0.1649 -0.9724 0.1649
vn -0.2131 -0.9535 0.2131
vn -0.2089 -0.9554 0.2089
vn -0.0961 0.9907 -0.0961
vn -0.3110 0.8981 -0.3110
vn -0.7071 -0.0008 -0.7071
vn -0.3102 -0.8986 -0.3102
vn -0.0959 -0.9908 -0.0959
vn -0.0000 -1.0000 -0.0000
vn 0.0959 -0.9908 0.0959
vn 0.3102 -0.8986 0.3102
vn 0.7071 -0.0008 0.7071
vn 0.3110 0.8981 0.3110
vn 0.0961 0.9907 0.0961
vn -0.0000 1.0000 -0.0000
vn -0.2471 0.8690 0.4288
vn -0.0953 0.7955 0.5984
vn 0.2887 0.9128 0.2887
vn 0.0995 0.9900 0.0995
vn -0.5411 0.5193 0.6614
vn -0.4564 0.4716 0.7545
vn -0.7079 0.0138 0.7062
vn -0.7003 0.0208 0.7136
vn -0.6927 -0.4930 0.5264
vn -0.7582 -0.4405 0.4808
vn -0.4987 -0.8450 0.1928
vn -0.6080 -0.7857 0.1139
vn -0.1796 -0.9672 -0.1796
vn -0.2871 -0.9138 -0.2871
vn 0.1928 -0.8450 -0.4987
vn 0.1139 -0.7857 -0.6080
vn 0.5264 -0.4930 -0.6927
vn 0.4808 -0.4405 -0.7582
vn 0.7062 0.0138 -0.7079
vn 0.7136 0.0208 -0.7003
vn 0.6614 0.5193 -0.5411
vn 0.7545 0.4716 -0.4564
vn 0.4288 0.8690 -0.2471
vn 0.5984 0.7955 -0.0953
vn 0.0477 0.6691 0.7417
vn 0.4529 0.7679 0.4529
vn -0.3715 0.3964 0.8395
vn -0.6967 0.0175 0.7172
vn -0.8386 -0.3694 0.4004
vn -0.7523 -0.6581 -0.0302
vn -0.4553 -0.7651 -0.4553
vn -0.0302 -0.6581 -0.7523
vn 0.4004 -0.3694 -0.8386
vn 0.7172 0.0175 -0.6967
vn 0.8395 0.3964 -0.3716
vn 0.7417 0.6691 0.0477
vn 0.1523 0.5077 0.8480
vn 0.5744 0.5833 0.5744
vn -0.3111 0.2995 0.9019
vn -0.6961 0.0113 0.7179
vn -0.8981 -0.2810 0.3384
vn -0.8567 -0.4972 -0.1377
vn -0.5777 -0.5766 -0.5777
vn -0.1377 -0.4972 -0.8567
vn 0.3383 -0.2810 -0.8981
vn 0.7179 0.0113 -0.6961
vn 0.9019 0.2995 -0.3111
vn 0.8480 0.5077 0.1523
vn 0.2127 0.3534 0.9110
vn 0.6460 0.4066 0.6460
vn -0.2779 0.2073 0.9380
vn -0.6978 0.0060 0.7163
vn -0.9334 -0.1970 0.3001
vn -0.9164 -0.3463 -0.2007
vn -0.6478 -0.4009 -0.6478
vn -0.2007 -0.3463 -0.9164
vn 0.3000 -0.1970 -0.9334
vn 0.7163 0.0060 -0.6978
vn 0.9380 0.2073 -0.2779
vn 0.9110 0.3534 0.2127
vn 0.2419 0.2300 0.9427
vn 0.6818 0.2649 0.6818
vn -0.2630 0.1343 0.9554
vn -0.7001 0.0028 0.7140
vn -0.9514 -0.1293 0.2795
vn -0.9459 -0.2263 -0.2326
vn -0.6825 -0.2618 -0.6824
vn -0.2326 -0.2263 -0.9459
vn 0.2795 -0.1293 -0.9514
vn 0.7140 0.0028 -0.7001
vn 0.9554 0.1343 -0.2630
vn 0.9427 0.2300 0.2419
vn 0.2542 0.1401 0.9569
vn 0.6978 0.1615 0.6978
vn -0.2575 0.0815 0.9628
vn -0.7021 0.0012 0.7120
vn -0.9598 -0.0793 0.2692
vn -0.9589 -0.1383 -0.2476
vn -0.6980 -0.1600 -0.6980
vn -0.2476 -0.1383 -0.9589
vn 0.2692 -0.0793 -0.9598
vn 0.7120 0.0012 -0.7021
vn 0.9628 0.0815 -0.2575
vn 0.9570 0.1401 0.2542
vn 0.2587 0.0776 0.9628
vn 0.7043 0.0895 0.7043
vn -0.2562 0.0450 0.9656
vn -0.7037 0.0005 0.7105
vn -0.9635 -0.0442 0.2642
vn -0.9641 -0.0768 -0.2541
vn -0.7043 -0.0888 -0.7043
vn -0.2541 -0.0768 -0.9641
vn 0.2642 -0.0442 -0.9635
vn 0.7105 0.0005 -0.7037
vn 0.9656 0.0450 -0.2562
vn 0.9628 0.0776 0.2587
vn 0.2598 0.0360 0.9650
vn 0.7065 0.0416 0.7065
vn -0.2565 0.0209 0.9663
vn -0.7049 0.0001 0.7093
vn -0.9649 -0.0206 0.2617
vn -0.9658 -0.0357 -0.2568
vn -0.7065 -0.0413 -0.7065
vn -0.2568 -0.0357 -0.9658
vn 0.2617 -0.0206 -0.9649
vn 0.7093 0.0001 -0.7049
vn 0.9663 0.0209 -0.2565
vn 0.9650 0.0360 0.2598
vn 0.2596 0.0104 0.9657
vn 0.7071 0.0120 0.7071
vn -0.2574 0.0060 0.9663
vn -0.7059 -0.0000 0.7084
vn -0.9655 -0.0060 0.2603
vn -0.9661 -0.0103 -0.2579
vn -0.7071 -0.0119 -0.7071
vn -0.2579 -0.0103 -0.9661
vn 0.2603 -0.0060 -0.9655
vn 0.7084 -0.0000 -0.7059
vn 0.9663 0.0060 -0.2574
vn 0.9657 0.0104 0.2596
vn 0.2592 -0.0025 0.9658
vn 0.7071 -0.0029 0.7071
vn -0.2582 -0.0015 0.9661
vn -0.7066 -0.0000 0.7076
vn -0.9658 0.0015 0.2594
vn -0.9660 0.0025 -0.2585
vn -0.7071 0.0029 -0.7071
vn -0.2585 0.0025 -0.9660
vn 0.2594 0.0015 -0.9658
vn 0.7076 -0.0000 -0.7066
vn 0.9661 -0.0015 -0.2582
vn 0.9658 -0.0025 0.2592
vn 0.2587 -0.0049 0.9659
vn 0.7071 -0.0056 0.7071
vn -0.2590 -0.0028 0.9659
vn -0.7073 -0.0000 0.7069
vn -0.9660 0.0028 0.2586
vn -0.9659 0.0049 -0.2589
vn -0.7071 0.0056 -0.7071
vn -0.2589 0.0049 -0.9659
vn 0.2586 0.0028 -0.9660
vn 0.7069 -0.0000 -0.7073
vn 0.9659 -0.0028 -0.2590
vn 0.9659 -0.0049 0.2587
vn 0.2591 -0.0067 0.9658
vn 0.7071 -0.0077 0.7071
vn -0.2583 -0.0039 0.9660
vn -0.7067 -0.0000 0.7075
vn -0.9658 0.0039 0.2593
vn -0.9660 0.0067 -0.2585
vn -0.7071 0.0077 -0.7071
vn -0.2585 0.0067 -0.9660
vn 0.2593 0.0039 -0.9658
vn 0.7075 -0.0000 -0.7067
vn 0.9660 -0.0039 -0.2583
vn 0.9658 -0.0067 0.2591
vn 0.2591 -0.0136 0.9658
vn 0.7070 -0.0158 0.7070
vn -0.2582 -0.0079 0.9660
vn -0.9657 0.0079 0.2595
vn -0.9659 0.0136 -0.2584
vn -0.7070 0.0158 -0.7070
vn -0.2584 0.0136 -0.9659
vn 0.2595 0.0079 -0.9657
vn 0.9660 -0.0079 -0.2583
vn 0.9658 -0.0136 0.2591
vn 0.2587 -0.0175 0.9658
vn 0.7070 -0.0202 0.7070
vn -0.2589 -0.0101 0.9659
vn -0.7071 -0.0000 0.7071
vn -0.9659 0.0101 0.2589
vn -0.9658 0.0175 -0.2587
vn -0.7070 0.0202 -0.7070
vn -0.2587 0.0175 -0.9658
vn 0.2589 0.0101 -0.9659
vn 0.7071 -0.0000 -0.7071
vn 0.9659 -0.0101 -0.2589
vn 0.9658 -0.0175 0.2587
vn 0.2585 -0.0154 0.9659
vn 0.7070 -0.0178 0.7070
vn -0.2592 -0.0089 0.9658
vn -0.7074 -0.0000 0.7068
vn -0.9660 0.0089 0.2585
vn -0.9658 0.0154 -0.2589
vn -0.7070 0.0178 -0.7070
vn -0.2589 0.0154 -0.9658
vn 0.2585 0.0089 -0.9660
vn 0.7068 -0.0000 -0.7074
vn 0.9658 -0.0089 -0.2592
vn 0.9659 -0.0154 0.2585
vn 0.2584 -0.0096 0.9660
vn 0.7071 -0.0111 0.7071
vn -0.2594 -0.0055 0.9657
vn -0.7076 -0.0000 0.7066
vn -0.9661 0.0056 0.2582
vn -0.9658 0.0096 -0.2591
vn -0.7071 0.0111 -0.7071
vn -0.2591 0.0096 -0.9658
vn 0.2582 0.0056 -0.9661
vn 0.7066 -0.0000 -0.7076
vn 0.9657 -0.0055 -0.2594
vn 0.9660 -0.0096 0.2584
vn 0.2583 -0.0003 0.9661
vn 0.7071 -0.0004 0.7071
vn -0.2597 -0.0002 0.9657
vn -0.7079 -0.0000 0.7064
vn -0.9662 0.0002 0.2579
vn -0.9658 0.0003 -0.2593
vn -0.7071 0.0004 -0.7071
vn -0.2593 0.0003 -0.9658
vn 0.2579 0.0002 -0.9662
vn 0.7064 -0.0000 -0.7079
vn 0.9657 -0.0002 -0.2597
vn 0.9661 -0.0003 0.2583
vn 0.2580 0.0131 0.9660
vn 0.7070 0.0151 0.7070
vn -0.2601 0.0076 0.9655
vn -0.7082 -0.0000 0.7060
vn -0.9662 -0.0076 0.2576
vn -0.9657 -0.0131 -0.2595
vn -0.7070 -0.0152 -0.7070
vn -0.2595 -0.0131 -0.9657
vn 0.2576 -0.0076 -0.9662
vn 0.7060 -0.0000 -0.7082
vn 0.9655 0.0076 -0.2601
vn 0.9661 0.0131 0.2580
vn 0.2574 0.0324 0.9658
vn 0.7066 0.0374 0.7066
vn -0.2609 0.0187 0.9652
vn -0.7086 -0.0001 0.7056
vn -0.9662 -0.0188 0.2573
vn -0.9652 -0.0325 -0.2594
vn -0.7066 -0.0375 -0.7066
vn -0.2594 -0.0325 -0.9652
vn 0.2572 -0.0188 -0.9662
vn 0.7056 -0.0001 -0.7086
vn 0.9652 0.0187 -0.2609
vn 0.9658 0.0324 0.2573
vn 0.2557 0.0609 0.9648
vn 0.7054 0.0704 0.7054
vn -0.2624 0.0350 0.9643
vn -0.7094 -0.0002 0.7048
vn -0.9658 -0.0355 0.2569
vn -0.9640 -0.0612 -0.2589
vn -0.7053 -0.0706 -0.7053
vn -0.2589 -0.0612 -0.9640
vn 0.2569 -0.0355 -0.9658
vn 0.7048 -0.0002 -0.7094
vn 0.9643 0.0350 -0.2624
vn 0.9648 0.0609 0.2557
vn 0.2517 0.1059 0.9620
vn 0.7018 0.1223 0.7018
vn -0.2659 0.0608 0.9621
vn -0.7109 -0.0007 0.7033
vn -0.9644 -0.0621 0.2569
vn -0.9605 -0.1070 -0.2568
vn -0.7017 -0.1234 -0.7017
vn -0.2568 -0.1070 -0.9605
vn 0.2569 -0.0621 -0.9644
vn 0.7033 -0.0007 -0.7109
vn 0.9621 0.0608 -0.2659
vn 0.9620 0.1059 0.2517
vn 0.2404 0.1830 0.9533
vn 0.6912 0.2112 0.6912
vn -0.2750 0.1052 0.9557
vn -0.7141 -0.0025 0.7001
vn -0.9596 -0.1109 0.2586
vn -0.9496 -0.1904 -0.2491
vn -0.6899 -0.2195 -0.6899
vn -0.2491 -0.1904 -0.9496
vn 0.2586 -0.1109 -0.9596
vn 0.7001 -0.0025 -0.7141
vn 0.9557 0.1052 -0.2750
vn 0.9533 0.1830 0.2404
vn 0.1584 0.4951 0.8543
vn 0.2111 0.3587 0.9093
vn 0.6441 0.4126 0.6441
vn 0.5811 0.5697 0.5811
vn -0.3087 0.2899 0.9059
vn -0.2788 0.2105 0.9370
vn -0.6989 0.0080 0.7152
vn -0.6978 0.0061 0.7163
vn -0.9043 -0.2739 0.3275
vn -0.9322 -0.2005 0.3012
vn -0.8646 -0.4791 -0.1515
vn -0.9144 -0.3529 -0.1985
vn -0.5888 -0.5537 -0.5888
vn -0.6453 -0.4089 -0.6453
vn -0.1515 -0.4791 -0.8646
vn -0.1986 -0.3529 -0.9144
vn 0.3275 -0.2739 -0.9043
vn 0.3012 -0.2005 -0.9322
vn 0.7152 0.0080 -0.6989
vn 0.7163 0.0061 -0.6978
vn 0.9059 0.2899 -0.3087
vn 0.9370 0.2105 -0.2788
vn 0.8543 0.4951 0.1583
vn 0.9093 0.3587 0.2110
vn 0.2410 0.2349 0.9417
vn 0.6808 0.2705 0.6808
vn -0.2635 0.1372 0.9549
vn -0.7000 0.0029 0.7141
vn -0.9508 -0.1324 0.2802
vn -0.9448 -0.2319 -0.2314
vn -0.6811 -0.2685 -0.6811
vn -0.2314 -0.2319 -0.9448
vn 0.2802 -0.1324 -0.9508
vn 0.7141 0.0029 -0.7000
vn 0.9549 0.1372 -0.2635
vn 0.9417 0.2349 0.2410
vn 0.2541 0.1427 0.9566
vn 0.6975 0.1645 0.6975
vn -0.2574 0.0831 0.9627
vn -0.7019 0.0013 0.7123
vn -0.9595 -0.0810 0.2698
vn -0.9586 -0.1414 -0.2470
vn -0.6976 -0.1635 -0.6976
vn -0.2470 -0.1414 -0.9586
vn 0.2697 -0.0810 -0.9595
vn 0.7123 0.0013 -0.7019
vn 0.9627 0.0831 -0.2574
vn 0.9566 0.1427 0.2541
vn 0.2592 0.0750 0.9629
vn 0.7045 0.0865 0.7045
vn -0.2556 0.0436 0.9658
vn -0.7033 0.0005 0.7109
vn -0.9634 -0.0427 0.2647
vn -0.9644 -0.0744 -0.2539
vn -0.7045 -0.0860 -0.7045
vn -0.2539 -0.0744 -0.9644
vn 0.2647 -0.0427 -0.9634
vn 0.7109 0.0005 -0.7033
vn 0.9658 0.0436 -0.2556
vn 0.9629 0.0750 0.2592
vn 0.2605 0.0254 0.9651
vn 0.7068 0.0293 0.7068
vn -0.2556 0.0147 0.9667
vn -0.7043 0.0001 0.7099
vn -0.9649 -0.0144 0.2623
vn -0.9662 -0.0251 -0.2566
vn -0.7068 -0.0290 -0.7068
vn -0.2566 -0.0251 -0.9662
vn 0.2623 -0.0144 -0.9649
vn 0.7099 0.0001 -0.7043
vn 0.9667 0.0147 -0.2556
vn 0.9651 0.0254 0.2605
vn 0.2591 0.0022 0.9659
vn 0.7071 0.0025 0.7071
vn -0.2584 0.0013 0.9660
vn -0.7068 -0.0000 0.7074
vn -0.9658 -0.0012 0.2591
vn -0.9660 -0.0021 -0.2587
vn -0.7071 -0.0024 -0.7071
vn -0.2587 -0.0021 -0.9660
vn 0.2591 -0.0012 -0.9658
vn 0.7074 -0.0000 -0.7068
vn 0.9660 0.0013 -0.2584
vn 0.9659 0.0022 0.2591
vn 0.1911 -0.6508 -0.7348
vn -0.2000 -0.6491 -0.7339
vn -0.5383 -0.6485 -0.5383
vn -0.7339 -0.6491 -0.2000
vn 0.7288 -0.6573 0.1919
vn 0.7279 -0.6555 -0.2009
vn -0.7348 -0.6508 0.1911
vn -0.5400 -0.6532 0.5308
vn 0.5308 -0.6532 -0.5400
vn 0.1919 -0.6573 0.7288
vn 0.5325 -0.6579 0.5325
vn -0.2009 -0.6555 0.7279
vn 0.1323 0.5259 0.8402
vn 0.5606 0.6095 0.5606
vn 0.6033 0.5217 0.6033
vn 0.1642 0.4492 0.8782
vn 0.6448 0.4104 0.6448
vn 0.1977 0.3539 0.9141
vn 0.6724 0.3096 0.6724
vn 0.2245 0.2684 0.9368
vn -0.2829 0.1550 0.9465
vn -0.2999 0.2013 0.9325
vn -0.3178 0.2544 0.9134
vn -0.3329 0.2994 0.8942
vn -0.7119 -0.0019 0.7023
vn -0.7134 -0.0039 0.7008
vn -0.7128 -0.0054 0.7014
vn -0.7108 -0.0045 0.7034
vn -0.9489 -0.1606 0.2717
vn -0.9362 -0.2070 0.2840
vn -0.9177 -0.2588 0.3016
vn -0.8986 -0.3000 0.3202
vn -0.9328 -0.2778 -0.2298
vn -0.9114 -0.3550 -0.2080
vn -0.8798 -0.4407 -0.1780
vn -0.8474 -0.5102 -0.1473
vn -0.6697 -0.3208 -0.6697
vn -0.6452 -0.4091 -0.6452
vn -0.6096 -0.5067 -0.6096
vn -0.5731 -0.5857 -0.5731
vn -0.2298 -0.2778 -0.9328
vn -0.2080 -0.3550 -0.9114
vn -0.1780 -0.4408 -0.8798
vn -0.1473 -0.5102 -0.8474
vn 0.2717 -0.1606 -0.9489
vn 0.2840 -0.2070 -0.9362
vn 0.3015 -0.2588 -0.9177
vn 0.3202 -0.3000 -0.8986
vn 0.7023 -0.0019 -0.7119
vn 0.7008 -0.0039 -0.7134
vn 0.7014 -0.0054 -0.7128
vn 0.7034 -0.0045 -0.7108
vn 0.9465 0.1550 -0.2829
vn 0.9325 0.2013 -0.2999
vn 0.9134 0.2544 -0.3178
vn 0.8942 0.2993 -0.3329
vn 0.9368 0.2684 0.2245
vn 0.9141 0.3539 0.1977
vn 0.8782 0.4492 0.1642
vn 0.8402 0.5259 0.1323
vn -0.0087 -0.9999 -0.0087
vn -0.0195 -0.9629 -0.2693
vn -0.2374 -0.9713 -0.0165
vn -0.2509 -0.9510 -0.1808
vn -0.0834 -0.9213 -0.3798
vn -0.2733 -0.9578 0.0896
vn -0.3601 -0.9327 -0.0224
vn -0.4489 -0.8393 0.3067
vn -0.6372 -0.7449 0.1979
vn -0.7230 -0.0213 0.6906
vn -0.8568 0.0471 0.5135
vn 0.0146 0.9998 -0.0160
vn 0.1786 0.9713 -0.1571
vn 0.0039 0.9683 -0.2497
vn -0.1316 0.9804 -0.1464
vn -0.1380 0.9781 0.1559
vn -0.2506 0.9680 -0.0155
vn -0.4078 0.7892 0.4592
vn -0.4916 0.8362 0.2430
vn 0.4812 0.7677 -0.4231
vn 0.2637 0.8338 -0.4850
vn 0.6946 0.0196 -0.7191
vn 0.5115 0.1052 -0.8528
vn 0.3673 -0.7394 -0.5643
vn 0.2004 -0.6761 -0.7090
vn -0.1336 0.9820 -0.1336
vn -0.2260 0.9733 -0.0393
vn -0.4328 0.8927 0.1259
vn -0.9105 0.1928 0.3658
vn -0.5178 -0.8367 0.1785
vn -0.2706 -0.9618 -0.0412
vn -0.1563 -0.9753 -0.1563
vn -0.0412 -0.9618 -0.2706
vn 0.1785 -0.8367 -0.5178
vn 0.3658 0.1928 -0.9105
vn 0.1259 0.8927 -0.4328
vn -0.0393 0.9733 -0.2260
vn 0.1799 -0.8703 -0.4584
vn 0.5172 -0.5393 -0.6646
vn 0.1099 -0.9025 -0.4165
vn 0.4817 -0.5949 -0.6435
vn 0.0211 -0.9399 -0.3409
vn 0.4340 -0.6609 -0.6123
vn 0.7003 0.0030 -0.7139
vn 0.6991 0.0054 -0.7150
vn 0.6973 0.0100 -0.7167
vn 0.6074 0.5542 -0.5691
vn 0.5791 0.6146 -0.5357
vn 0.5393 0.6853 -0.4895
vn -0.3051 0.8959 0.3230
vn -0.5691 0.5542 0.6074
vn -0.2575 0.9250 0.2793
vn -0.5289 0.6199 0.5797
vn -0.1876 0.9550 0.2297
vn -0.4642 0.7026 0.5394
vn 0.3230 0.8959 -0.3051
vn 0.2804 0.9236 -0.2613
vn 0.2332 0.9491 -0.2118
vn -0.7139 0.0030 0.7003
vn -0.7205 -0.0051 0.6934
vn -0.7250 -0.0128 0.6886
vn -0.0004 1.0000 -0.0004
vn -0.0000 1.0000 -0.0006
vn 0.0123 0.9999 -0.0042
vn -0.6646 -0.5393 0.5172
vn -0.6616 -0.6129 0.4320
vn -0.5999 -0.7262 0.3358
vn -0.4584 -0.8703 0.1799
vn -0.4729 -0.8760 0.0949
vn -0.4320 -0.9002 0.0544
vn -0.1649 -0.9724 -0.1649
vn -0.2347 -0.9589 -0.1595
vn -0.3085 -0.9479 -0.0798
vn 0.2471 0.8690 -0.4288
vn 0.0953 0.7955 -0.5984
vn -0.2887 0.9128 -0.2887
vn -0.0995 0.9900 -0.0995
vn 0.5411 0.5193 -0.6614
vn 0.4564 0.4716 -0.7545
vn 0.7079 0.0138 -0.7062
vn 0.7003 0.0208 -0.7136
vn 0.6927 -0.4930 -0.5264
vn 0.7582 -0.4405 -0.4808
vn 0.4987 -0.8450 -0.1928
vn 0.6080 -0.7857 -0.1139
vn 0.1796 -0.9672 0.1796
vn 0.2871 -0.9138 0.2871
vn -0.1928 -0.8450 0.4987
vn -0.1139 -0.7857 0.6080
vn -0.5264 -0.4930 0.6927
vn -0.4808 -0.4405 0.7582
vn -0.7062 0.0138 0.7079
vn -0.7136 0.0208 0.7003
vn -0.6614 0.5193 0.5411
vn -0.7545 0.4716 0.4564
vn -0.4288 0.8690 0.2471
vn -0.5984 0.7955 0.0953
vn -0.0477 0.6691 -0.7417
vn -0.4529 0.7679 -0.4529
vn 0.3715 0.3964 -0.8395
vn 0.6967 0.0175 -0.7172
vn 0.8386 -0.3694 -0.4004
vn 0.7523 -0.6581 0.0302
vn 0.4553 -0.7651 0.4553
vn 0.0302 -0.6581 0.7523
vn -0.4004 -0.3694 0.8386
vn -0.7172 0.0175 0.6967
vn -0.8395 0.3964 0.3716
vn -0.7417 0.6691 -0.0477
vn -0.1523 0.5077 -0.8480
vn -0.5744 0.5833 -0.5744
vn 0.3111 0.2995 -0.9019
vn 0.6961 0.0113 -0.7179
vn 0.8981 -0.2810 -0.3384
vn 0.8567 -0.4972 0.1377
vn 0.5777 -0.5766 0.5777
vn 0.1377 -0.4972 0.8567
vn -0.3383 -0.2810 0.8981
vn -0.7179 0.0113 0.6961
vn -0.9019 0.2995 0.3111
vn -0.8480 0.5077 -0.1523
vn -0.2127 0.3534 -0.9110
vn -0.6460 0.4066 -0.6460
vn 0.2779 0.2073 -0.9380
vn 0.6978 0.0060 -0.7163
vn 0.9334 -0.1970 -0.3001
vn 0.9164 -0.3463 0.2007
vn 0.6478 -0.4009 0.6478
vn 0.2007 -0.3462 0.9164
vn -0.3000 -0.1970 0.9334
vn -0.7163 0.0060 0.6978
vn -0.9380 0.2073 0.2779
vn -0.9110 0.3534 -0.2127
vn -0.2419 0.2300 -0.9427
vn -0.6818 0.2649 -0.6818
vn 0.2630 0.1343 -0.9554
vn 0.7001 0.0028 -0.7140
vn 0.9514 -0.1293 -0.2795
vn 0.9459 -0.2263 0.2326
vn 0.6825 -0.2618 0.6824
vn 0.2326 -0.2263 0.9459
vn -0.2795 -0.1293 0.9514
vn -0.7140 0.0028 0.7001
vn -0.9554 0.1343 0.2630
vn -0.9427 0.2300 -0.2419
vn -0.2542 0.1401 -0.9569
vn -0.6978 0.1615 -0.6978
vn 0.2575 0.0815 -0.9628
vn 0.7021 0.0012 -0.7120
vn 0.9598 -0.0793 -0.2692
vn 0.9589 -0.1383 0.2476
vn 0.6980 -0.1600 0.6980
vn 0.2476 -0.1383 0.9589
vn -0.2692 -0.0793 0.9598
vn -0.7120 0.0012 0.7021
vn -0.9628 0.0815 0.2575
vn -0.9570 0.1401 -0.2542
vn -0.2587 0.0776 -0.9628
vn -0.7043 0.0895 -0.7043
vn 0.2562 0.0450 -0.9656
vn 0.7037 0.0005 -0.7105
vn 0.9635 -0.0442 -0.2642
vn 0.9641 -0.0768 0.2541
vn 0.7043 -0.0888 0.7043
vn 0.2541 -0.0768 0.9641
vn -0.2642 -0.0442 0.9635
vn -0.7105 0.0005 0.7037
vn -0.9656 0.0450 0.2562
vn -0.9628 0.0776 -0.2587
vn -0.2598 0.0360 -0.9650
vn -0.7065 0.0416 -0.7065
vn 0.2565 0.0209 -0.9663
vn 0.7049 0.0001 -0.7093
vn 0.9649 -0.0206 -0.2617
vn 0.9658 -0.0357 0.2568
vn 0.7065 -0.0413 0.7065
vn 0.2568 -0.0357 0.9658
vn -0.2617 -0.0206 0.9649
vn -0.7093 0.0001 0.7049
vn -0.9663 0.0209 0.2565
vn -0.9650 0.0360 -0.2598
vn -0.2596 0.0104 -0.9657
vn -0.7071 0.0120 -0.7071
vn 0.2574 0.0060 -0.9663
vn 0.7059 -0.0000 -0.7084
vn 0.9655 -0.0060 -0.2603
vn 0.9661 -0.0103 0.2579
vn 0.7071 -0.0119 0.7071
vn 0.2579 -0.0103 0.9661
vn -0.2603 -0.0060 0.9655
vn -0.7084 -0.0000 0.7059
vn -0.9663 0.0060 0.2574
vn -0.9657 0.0104 -0.2596
vn -0.2592 -0.0025 -0.9658
vn -0.7071 -0.0029 -0.7071
vn 0.2582 -0.0015 -0.9661
vn 0.9658 0.0015 -0.2594
vn 0.9660 0.0025 0.2585
vn 0.7071 0.0029 0.7071
vn 0.2585 0.0025 0.9660
vn -0.2594 0.0015 0.9658
vn -0.9661 -0.0015 0.2582
vn -0.9658 -0.0025 -0.2592
vn -0.2587 -0.0049 -0.9659
vn -0.7071 -0.0056 -0.7071
vn 0.2590 -0.0028 -0.9659
vn 0.7073 -0.0000 -0.7069
vn 0.9660 0.0028 -0.2586
vn 0.9659 0.0049 0.2589
vn 0.7071 0.0056 0.7071
vn 0.2589 0.0049 0.9659
vn -0.2586 0.0028 0.9660
vn -0.7069 -0.0000 0.7073
vn -0.9659 -0.0028 0.2590
vn -0.9659 -0.0049 -0.2587
vn -0.2591 -0.0067 -0.9658
vn -0.7071 -0.0077 -0.7071
vn 0.2583 -0.0039 -0.9660
vn 0.7067 -0.0000 -0.7075
vn 0.9658 0.0039 -0.2593
vn 0.9660 0.0067 0.2585
vn 0.7071 0.0077 0.7071
vn 0.2585 0.0067 0.9660
vn -0.2593 0.0039 0.9658
vn -0.7075 -0.0000 0.7067
vn -0.9660 -0.0039 0.2583
vn -0.9658 -0.0067 -0.2591
vn -0.2591 -0.0136 -0.9658
vn -0.7070 -0.0158 -0.7070
vn 0.2582 -0.0079 -0.9660
vn 0.9657 0.0079 -0.2595
vn 0.9659 0.0136 0.2584
vn 0.7070 0.0158 0.7070
vn 0.2584 0.0136 0.9659
vn -0.2595 0.0079 0.9657
vn -0.9660 -0.0079 0.2582
vn -0.9658 -0.0136 -0.2591
vn -0.2587 -0.0175 -0.9658
vn -0.7070 -0.0202 -0.7070
vn 0.2589 -0.0101 -0.9659
vn 0.9659 0.0101 -0.2589
vn 0.9658 0.0175 0.2587
vn 0.7070 0.0202 0.7070
vn 0.2587 0.0175 0.9658
vn -0.2589 0.0101 0.9659
vn -0.9659 -0.0101 0.2589
vn -0.9658 -0.0175 -0.2587
vn -0.2585 -0.0154 -0.9659
vn -0.7070 -0.0178 -0.7070
vn 0.2592 -0.0089 -0.9658
vn 0.9660 0.0089 -0.2585
vn 0.9658 0.0154 0.2589
vn 0.7070 0.0178 0.7070
vn 0.2589 0.0154 0.9658
vn -0.2585 0.0089 0.9660
vn -0.9658 -0.0089 0.2592
vn -0.9659 -0.0154 -0.2585
vn -0.2584 -0.0096 -0.9660
vn -0.7071 -0.0111 -0.7071
vn 0.2594 -0.0055 -0.9657
vn 0.9661 0.0056 -0.2582
vn 0.9658 0.0096 0.2591
vn 0.7071 0.0111 0.7071
vn 0.2591 0.0096 0.9658
vn -0.2582 0.0056 0.9661
vn -0.9657 -0.0055 0.2594
vn -0.9660 -0.0096 -0.2584
vn -0.2583 -0.0003 -0.9661
vn -0.7071 -0.0004 -0.7071
vn 0.2597 -0.0002 -0.9657
vn 0.7079 -0.0000 -0.7064
vn 0.9662 0.0002 -0.2579
vn 0.9658 0.0003 0.2593
vn 0.7071 0.0004 0.7071
vn 0.2593 0.0003 0.9658
vn -0.2579 0.0002 0.9662
vn -0.7064 -0.0000 0.7079
vn -0.9657 -0.0002 0.2597
vn -0.9661 -0.0003 -0.2583
vn -0.2580 0.0131 -0.9660
vn -0.7070 0.0151 -0.7070
vn 0.2601 0.0076 -0.9655
vn 0.7082 -0.0000 -0.7060
vn 0.9662 -0.0076 -0.2576
vn 0.9657 -0.0131 0.2595
vn 0.7070 -0.0152 0.7070
vn 0.2595 -0.0131 0.9657
vn -0.2576 -0.0076 0.9662
vn -0.7060 -0.0000 0.7082
vn -0.9655 0.0076 0.2601
vn -0.9661 0.0131 -0.2580
vn -0.2574 0.0324 -0.9658
vn -0.7066 0.0374 -0.7066
vn 0.2609 0.0187 -0.9652
vn 0.7086 -0.0001 -0.7056
vn 0.9662 -0.0188 -0.2573
vn 0.9652 -0.0325 0.2594
vn 0.7066 -0.0375 0.7066
vn 0.2594 -0.0325 0.9652
vn -0.2572 -0.0188 0.9662
vn -0.7056 -0.0001 0.7086
vn -0.9652 0.0187 0.2609
vn -0.9658 0.0324 -0.2573
vn -0.2557 0.0609 -0.9648
vn -0.7054 0.0704 -0.7054
vn 0.2624 0.0350 -0.9643
vn 0.7094 -0.0002 -0.7048
vn 0.9658 -0.0355 -0.2569
vn 0.9640 -0.0612 0.2589
vn 0.7053 -0.0706 0.7053
vn 0.2589 -0.0612 0.9640
vn -0.2569 -0.0355 0.9658
vn -0.7048 -0.0002 0.7094
vn -0.9643 0.0350 0.2624
vn -0.9648 0.0609 -0.2557
vn -0.2517 0.1059 -0.9620
vn -0.7018 0.1223 -0.7018
vn 0.2659 0.0608 -0.9621
vn 0.7109 -0.0007 -0.7033
vn 0.9644 -0.0621 -0.2569
vn 0.9605 -0.1070 0.2568
vn 0.7017 -0.1234 0.7017
vn 0.2568 -0.1070 0.9605
vn -0.2569 -0.0621 0.9644
vn -0.7033 -0.0007 0.7109
vn -0.9621 0.0608 0.2659
vn -0.9620 0.1059 -0.2517
vn -0.2404 0.1830 -0.9533
vn -0.6912 0.2112 -0.6912
vn 0.2750 0.1052 -0.9557
vn 0.7141 -0.0025 -0.7001
vn 0.9596 -0.1109 -0.2586
vn 0.9496 -0.1904 0.2491
vn 0.6899 -0.2195 0.6899
vn 0.2491 -0.1904 0.9496
vn -0.2586 -0.1109 0.9596
vn -0.7001 -0.0025 0.7141
vn -0.9557 0.1052 0.2750
vn -0.9533 0.1830 -0.2404
vn -0.1584 0.4951 -0.8543
vn -0.2111 0.3587 -0.9093
vn -0.6441 0.4126 -0.6441
vn -0.5811 0.5697 -0.5811
vn 0.3087 0.2899 -0.9059
vn 0.2788 0.2105 -0.9370
vn 0.6989 0.0080 -0.7152
vn 0.6978 0.0061 -0.7163
vn 0.9043 -0.2739 -0.3275
vn 0.9322 -0.2005 -0.3012
vn 0.8646 -0.4791 0.1515
vn 0.9144 -0.3529 0.1985
vn 0.5888 -0.5537 0.5888
vn 0.6453 -0.4088 0.6453
vn 0.1515 -0.4791 0.8646
vn 0.1986 -0.3529 0.9144
vn -0.3275 -0.2739 0.9043
vn -0.3012 -0.2005 0.9322
vn -0.7152 0.0080 0.6989
vn -0.7163 0.0061 0.6978
vn -0.9059 0.2899 0.3087
vn -0.9370 0.2105 0.2788
vn -0.8543 0.4951 -0.1583
vn -0.9093 0.3587 -0.2110
vn -0.2410 0.2349 -0.9417
vn -0.6808 0.2705 -0.6808
vn 0.2635 0.1372 -0.9549
vn 0.7000 0.0029 -0.7141
vn 0.9508 -0.1324 -0.2802
vn 0.9448 -0.2319 0.2314
vn 0.6812 -0.2685 0.6811
vn 0.2314 -0.2319 0.9448
vn -0.2802 -0.1324 0.9508
vn -0.7141 0.0029 0.7000
vn -0.9549 0.1372 0.2635
vn -0.9417 0.2349 -0.2410
vn -0.2541 0.1427 -0.9566
vn -0.6975 0.1645 -0.6975
vn 0.2574 0.0831 -0.9627
vn 0.7019 0.0013 -0.7123
vn 0.9595 -0.0810 -0.2697
vn 0.9586 -0.1414 0.2470
vn 0.6976 -0.1635 0.6976
vn 0.2470 -0.1414 0.9586
vn -0.2697 -0.0810 0.9595
vn -0.7123 0.0013 0.7019
vn -0.9627 0.0831 0.2574
vn -0.9566 0.1427 -0.2541
vn -0.2592 0.0750 -0.9629
vn -0.7045 0.0865 -0.7045
vn 0.2556 0.0436 -0.9658
vn 0.7033 0.0005 -0.7109
vn 0.9634 -0.0427 -0.2647
vn 0.9644 -0.0744 0.2539
vn 0.7045 -0.0860 0.7045
vn 0.2539 -0.0744 0.9644
vn -0.2647 -0.0427 0.9634
vn -0.7109 0.0005 0.7033
vn -0.9658 0.0436 0.2556
vn -0.9629 0.0750 -0.2592
vn -0.2605 0.0254 -0.9651
vn -0.7068 0.0293 -0.7068
vn 0.2556 0.0147 -0.9667
vn 0.7043 0.0001 -0.7099
vn 0.9649 -0.0144 -0.2623
vn 0.9662 -0.0251 0.2566
vn 0.7068 -0.0290 0.7068
vn 0.2566 -0.0251 0.9662
vn -0.2623 -0.0144 0.9649
vn -0.7099 0.0001 0.7043
vn -0.9667 0.0147 0.2556
vn -0.9651 0.0254 -0.2605
vn -0.2591 0.0022 -0.9659
vn -0.7071 0.0025 -0.7071
vn 0.2584 0.0013 -0.9660
vn 0.9658 -0.0012 -0.2591
vn 0.9660 -0.0021 0.2587
vn 0.7071 -0.0024 0.7071
vn 0.2587 -0.0021 0.9660
vn -0.2591 -0.0012 0.9658
vn -0.9660 0.0013 0.2584
vn -0.9659 0.0022 -0.2591
vn -0.1911 -0.6508 0.7348
vn 0.2000 -0.6491 0.7339
vn 0.5383 -0.6485 0.5383
vn 0.7339 -0.6491 0.2000
vn -0.7288 -0.6573 -0.1919
vn -0.7279 -0.6555 0.2009
vn 0.7348 -0.6508 -0.1911
vn 0.5400 -0.6532 -0.5308
vn -0.5308 -0.6532 0.5400
vn -0.1919 -0.6573 -0.7288
vn -0.5325 -0.6579 -0.5325
vn 0.2009 -0.6555 -0.7280
vn -0.1323 0.5259 -0.8402
vn -0.5606 0.6095 -0.5606
vn -0.6033 0.5217 -0.6033
vn -0.1642 0.4492 -0.8782
vn -0.6448 0.4104 -0.6448
vn -0.1977 0.3539 -0.9141
vn -0.6724 0.3096 -0.6724
vn -0.2245 0.2684 -0.9368
vn 0.2829 0.1550 -0.9465
vn 0.2999 0.2013 -0.9325
vn 0.3177 0.2544 -0.9134
vn 0.3329 0.2994 -0.8942
vn 0.7119 -0.0019 -0.7023
vn 0.7134 -0.0039 -0.7008
vn 0.7128 -0.0054 -0.7014
vn 0.7108 -0.0045 -0.7034
vn 0.9489 -0.1606 -0.2717
vn 0.9362 -0.2070 -0.2840
vn 0.9177 -0.2588 -0.3016
vn 0.8986 -0.3000 -0.3202
vn 0.9328 -0.2778 0.2298
vn 0.9114 -0.3550 0.2080
vn 0.8798 -0.4407 0.1780
vn 0.8474 -0.5102 0.1473
vn 0.6697 -0.3208 0.6697
vn 0.6452 -0.4091 0.6452
vn 0.6096 -0.5067 0.6096
vn 0.5731 -0.5857 0.5731
vn 0.2298 -0.2778 0.9328
vn 0.2080 -0.3550 0.9114
vn 0.1780 -0.4407 0.8798
vn 0.1473 -0.5102 0.8474
vn -0.2717 -0.1606 0.9489
vn -0.2840 -0.2070 0.9362
vn -0.3015 -0.2588 0.9177
vn -0.3202 -0.3000 0.8986
vn -0.7023 -0.0019 0.7119
vn -0.7008 -0.0039 0.7134
vn -0.7014 -0.0054 0.7128
vn -0.7034 -0.0045 0.7108
vn -0.9465 0.1550 0.2829
vn -0.9325 0.2013 0.2999
vn -0.9134 0.2544 0.3178
vn -0.8942 0.2994 0.3329
vn -0.9368 0.2684 -0.2245
vn -0.9141 0.3539 -0.1977
vn -0.8782 0.4492 -0.1642
vn -0.8402 0.5259 -0.1323
vn 0.0087 -0.9999 0.0087
vn 0.0574 -0.9819 0.1805
vn 0.1091 -0.9880 0.1091
vn 0.2003 -0.9590 0.2003
vn 0.0798 -0.9391 0.3342
vn 0.1805 -0.9819 0.0574
vn 0.3342 -0.9391 0.0798
vn 0.5027 -0.8090 -0.3046
vn 0.6783 -0.7124 -0.1800
vn 0.7197 0.0117 -0.6942
vn 0.8536 0.0993 -0.5113
vn 0.0005 1.0000 0.0005
vn -0.1829 0.9698 0.1615
vn -0.0046 0.9673 0.2536
vn 0.1384 0.9807 0.1384
vn 0.1615 0.9698 -0.1829
vn 0.2536 0.9673 -0.0046
vn 0.4245 0.7661 -0.4826
vn 0.4862 0.8330 -0.2642
vn -0.4826 0.7661 0.4245
vn -0.2642 0.8330 0.4862
vn -0.6942 0.0117 0.7197
vn -0.5113 0.0994 0.8537
vn -0.3046 -0.8090 0.5027
vn -0.1800 -0.7124 0.6783
vn 0.1336 0.9820 0.1336
vn 0.2260 0.9733 0.0393
vn 0.4328 0.8927 -0.1259
vn 0.9105 0.1928 -0.3658
vn 0.5178 -0.8367 -0.1785
vn 0.2706 -0.9618 0.0412
vn 0.1563 -0.9753 0.1563
vn 0.0412 -0.9618 0.2706
vn -0.1785 -0.8367 0.5178
vn -0.3658 0.1928 0.9105
vn -0.1259 0.8927 0.4328
vn 0.0393 0.9733 0.2260
vn -0.1799 -0.8703 0.4584
vn -0.5172 -0.5393 0.6646
vn -0.0682 -0.9023 0.4258
vn -0.4596 -0.6116 0.6440
vn 0.0638 -0.9491 0.3084
vn -0.3726 -0.7171 0.5891
vn -0.7003 0.0030 0.7139
vn -0.6987 0.0044 0.7154
vn -0.6964 0.0053 0.7177
vn -0.6074 0.5542 0.5691
vn -0.5791 0.6146 0.5357
vn -0.5402 0.6844 0.4897
vn 0.3051 0.8959 -0.3230
vn 0.5691 0.5542 -0.6074
vn 0.2612 0.9236 -0.2804
vn 0.5357 0.6146 -0.5791
vn 0.2123 0.9481 -0.2368
vn 0.4897 0.6844 -0.5402
vn -0.3230 0.8959 0.3051
vn -0.2804 0.9236 0.2613
vn -0.2368 0.9481 0.2123
vn 0.7139 0.0030 -0.7003
vn 0.7154 0.0044 -0.6987
vn 0.7177 0.0053 -0.6964
vn 0.0004 1.0000 0.0004
vn -0.0032 1.0000 -0.0032
vn 0.6646 -0.5393 -0.5172
vn 0.6440 -0.6116 -0.4596
vn 0.5891 -0.7171 -0.3726
vn 0.4584 -0.8703 -0.1799
vn 0.4258 -0.9023 -0.0682
vn 0.3084 -0.9491 0.0638
vn 0.1649 -0.9724 0.1649
vn 0.2131 -0.9535 0.2131
vn 0.2089 -0.9554 0.2089
vn -0.0961 0.9907 0.0961
vn -0.3110 0.8981 0.3110
vn -0.7071 -0.0008 0.7071
vn -0.3102 -0.8986 0.3102
vn -0.0959 -0.9908 0.0959
vn 0.0959 -0.9908 -0.0959
vn 0.3102 -0.8986 -0.3102
vn 0.7071 -0.0008 -0.7071
vn 0.3110 0.8981 -0.3110
vn 0.0961 0.9907 -0.0961
vt 0.426318 0.221593
vt 0.419222 0.221593
vt 0.419222 0.216444
vt 0.426318 0.216444
vt 0.426318 0.226600
vt 0.419222 0.226600
vt 0.426318 0.231413
vt 0.419222 0.231413
vt 0.426318 0.176331
vt 0.419222 0.176331
vt 0.419222 0.171505
vt 0.426318 0.171505
vt 0.426318 0.181340
vt 0.419222 0.181340
vt 0.426318 0.186490
vt 0.419222 0.186490
vt 0.426318 0.191641
vt 0.419222 0.191641
vt 0.426318 0.196650
vt 0.419222 0.196650
vt 0.426318 0.201476
vt 0.419222 0.201476
vt 0.426318 0.206289
vt 0.419222 0.206289
vt 0.426318 0.211295
vt 0.419222 0.211295
vt 0.412693 0.221593
vt 0.412693 0.216444
vt 0.412693 0.226600
vt 0.412693 0.231413
vt 0.412693 0.176331
vt 0.412693 0.171505
vt 0.412693 0.181340
vt 0.412693 0.186490
vt 0.412693 0.191641
vt 0.412693 0.196650
vt 0.412693 0.201476
vt 0.412693 0.206289
vt 0.412693 0.211295
vt 0.406161 0.221593
vt 0.406161 0.216444
vt 0.406161 0.226600
vt 0.406161 0.231413
vt 0.406161 0.176331
vt 0.406161 0.171505
vt 0.406161 0.181340
vt 0.406161 0.186490
vt 0.406161 0.191641
vt 0.406161 0.196650
vt 0.406161 0.201476
vt 0.406161 0.206289
vt 0.406161 0.211295
vt 0.399188 0.221593
vt 0.399188 0.216444
vt 0.399188 0.226600
vt 0.399188 0.231413
vt 0.399188 0.176331
vt 0.399188 0.171505
vt 0.399188 0.181340
vt 0.399188 0.186490
vt 0.399188 0.191641
vt 0.399188 0.196650
vt 0.399188 0.201476
vt 0.399188 0.206289
vt 0.399188 0.211295
vt 0.391514 0.221593
vt 0.391514 0.216444
vt 0.391514 0.226600
vt 0.391514 0.231413
vt 0.391514 0.176331
vt 0.391514 0.171505
vt 0.391514 0.181340
vt 0.391514 0.186490
vt 0.391514 0.191641
vt 0.391514 0.196650
vt 0.391514 0.201476
vt 0.391514 0.206289
vt 0.391514 0.211295
vt 0.383033 0.221593
vt 0.383033 0.216444
vt 0.383033 0.226600
vt 0.383033 0.231413
vt 0.383033 0.176331
vt 0.383033 0.171505
vt 0.383033 0.181340
vt 0.383033 0.186490
vt 0.383033 0.191641
vt 0.383033 0.196650
vt 0.383033 0.201476
vt 0.383033 0.206289
vt 0.383033 0.211295
vt 0.373734 0.221593
vt 0.373734 0.216444
vt 0.373734 0.226600
vt 0.373734 0.231413
vt 0.373734 0.176331
vt 0.373734 0.171505
vt 0.373734 0.181340
vt 0.373734 0.186490
vt 0.373734 0.191641
vt 0.373734 0.196650
vt 0.373734 0.201476
vt 0.373734 0.206289
vt 0.373734 0.211295
vt 0.363665 0.221593
vt 0.363665 0.216444
vt 0.363665 0.226600
vt 0.363665 0.231413
vt 0.363665 0.176331
vt 0.363665 0.171505
vt 0.363665 0.181340
vt 0.363665 0.186490
vt 0.363665 0.191641
vt 0.363665 0.196650
vt 0.363665 0.201476
vt 0.363665 0.206289
vt 0.363665 0.211295
vt 0.352907 0.221593
vt 0.352907 0.216444
vt 0.352907 0.226600
vt 0.352907 0.231413
vt 0.352907 0.176331
vt 0.352907 0.171505
vt 0.352907 0.181340
vt 0.352907 0.186490
vt 0.352907 0.191641
vt 0.352907 0.196650
vt 0.352907 0.201476
vt 0.352907 0.206289
vt 0.352907 0.211295
vt 0.341560 0.221593
vt 0.341560 0.216444
vt 0.341560 0.226600
vt 0.341560 0.231413
vt 0.341560 0.176331
vt 0.341560 0.171505
vt 0.341560 0.181340
vt 0.341560 0.186490
vt 0.341560 0.191641
vt 0.341560 0.196650
vt 0.341560 0.201476
vt 0.341560 0.206289
vt 0.341560 0.211295
vt 0.329733 0.221593
vt 0.329733 0.216444
vt 0.329733 0.226600
vt 0.329733 0.231413
vt 0.329733 0.176331
vt 0.329733 0.171505
vt 0.329733 0.181340
vt 0.329733 0.186490
vt 0.329733 0.191641
vt 0.329733 0.196650
vt 0.329733 0.201476
vt 0.329733 0.206289
vt 0.329733 0.211295
vt 0.317540 0.221593
vt 0.317540 0.216444
vt 0.317540 0.226600
vt 0.317540 0.231413
vt 0.317540 0.176331
vt 0.317540 0.171505
vt 0.317540 0.181340
vt 0.317540 0.186490
vt 0.317540 0.191641
vt 0.317540 0.196650
vt 0.317540 0.201476
vt 0.317540 0.206289
vt 0.317540 0.211295
vt 0.307837 0.221593
vt 0.307837 0.216444
vt 0.307837 0.226600
vt 0.307837 0.231413
vt 0.307837 0.176331
vt 0.307837 0.171505
vt 0.307837 0.181340
vt 0.307837 0.186490
vt 0.307837 0.191641
vt 0.307837 0.196650
vt 0.307837 0.201476
vt 0.307837 0.206289
vt 0.307837 0.211295
vt 0.294461 0.221593
vt 0.294461 0.216444
vt 0.294461 0.226600
vt 0.294461 0.231413
vt 0.294461 0.176331
vt 0.294461 0.171505
vt 0.294461 0.181340
vt 0.294461 0.186490
vt 0.294461 0.191641
vt 0.294461 0.196650
vt 0.294461 0.201476
vt 0.294461 0.206289
vt 0.294461 0.211295
vt 0.278217 0.221593
vt 0.278217 0.216444
vt 0.278217 0.226600
vt 0.278217 0.231413
vt 0.278217 0.176331
vt 0.278217 0.171505
vt 0.278217 0.181340
vt 0.278217 0.186490
vt 0.278217 0.191641
vt 0.278217 0.196650
vt 0.278217 0.201476
vt 0.278217 0.206289
vt 0.278217 0.211295
vt 0.259911 0.221593
vt 0.259911 0.216444
vt 0.259911 0.226600
vt 0.259911 0.231413
vt 0.259911 0.176331
vt 0.259911 0.171505
vt 0.259911 0.181340
vt 0.259911 0.186490
vt 0.259911 0.191641
vt 0.259911 0.196650
vt 0.259911 0.201476
vt 0.259911 0.206289
vt 0.259911 0.211295
vt 0.240346 0.221593
vt 0.240346 0.216444
vt 0.240346 0.226600
vt 0.240346 0.231413
vt 0.240346 0.176331
vt 0.240346 0.171505
vt 0.240346 0.181340
vt 0.240346 0.186490
vt 0.240346 0.191641
vt 0.240346 0.196650
vt 0.240346 0.201476
vt 0.240346 0.206289
vt 0.240346 0.211295
vt 0.220323 0.221593
vt 0.220323 0.216444
vt 0.220323 0.226600
vt 0.220323 0.231413
vt 0.220324 0.176331
vt 0.220324 0.171505
vt 0.220324 0.181340
vt 0.220324 0.186490
vt 0.220324 0.191641
vt 0.220324 0.196650
vt 0.220324 0.201476
vt 0.220324 0.206289
vt 0.220323 0.211295
vt 0.200642 0.221593
vt 0.200642 0.216444
vt 0.200642 0.226599
vt 0.200642 0.231413
vt 0.200642 0.176331
vt 0.200642 0.171505
vt 0.200642 0.181340
vt 0.200642 0.186490
vt 0.200642 0.191641
vt 0.200642 0.196650
vt 0.200642 0.201476
vt 0.200642 0.206289
vt 0.200642 0.211295
vt 0.182093 0.221593
vt 0.182093 0.216444
vt 0.182093 0.226599
vt 0.182093 0.231413
vt 0.182093 0.176331
vt 0.182093 0.171505
vt 0.182093 0.181340
vt 0.182093 0.186490
vt 0.182093 0.191641
vt 0.182093 0.196650
vt 0.182093 0.201476
vt 0.182093 0.206289
vt 0.182093 0.211295
vt 0.165452 0.221593
vt 0.165452 0.216444
vt 0.165452 0.226599
vt 0.165452 0.231413
vt 0.165452 0.176331
vt 0.165452 0.171505
vt 0.165452 0.181340
vt 0.165452 0.186490
vt 0.165452 0.191641
vt 0.165452 0.196650
vt 0.165452 0.201476
vt 0.165452 0.206289
vt 0.165452 0.211295
vt 0.151466 0.221593
vt 0.151466 0.216444
vt 0.151466 0.226599
vt 0.151466 0.231413
vt 0.151466 0.176331
vt 0.151466 0.171505
vt 0.151466 0.181340
vt 0.151466 0.186490
vt 0.151466 0.191641
vt 0.151466 0.196650
vt 0.151466 0.201476
vt 0.151466 0.206289
vt 0.151466 0.211295
vt 0.123632 0.221593
vt 0.112596 0.221593
vt 0.112596 0.216444
vt 0.123632 0.216444
vt 0.123632 0.226599
vt 0.112596 0.226599
vt 0.123632 0.231413
vt 0.112596 0.231413
vt 0.123632 0.176331
vt 0.112596 0.176331
vt 0.112596 0.171505
vt 0.123632 0.171505
vt 0.123632 0.181340
vt 0.112596 0.181340
vt 0.123632 0.186490
vt 0.112596 0.186490
vt 0.123632 0.191641
vt 0.112596 0.191641
vt 0.123632 0.196650
vt 0.112596 0.196650
vt 0.123632 0.201476
vt 0.112596 0.201476
vt 0.123632 0.206289
vt 0.112596 0.206289
vt 0.123632 0.211295
vt 0.112596 0.211295
vt 0.100739 0.221593
vt 0.100739 0.216444
vt 0.100739 0.226599
vt 0.100739 0.231413
vt 0.100739 0.176331
vt 0.100739 0.171505
vt 0.100739 0.181340
vt 0.100739 0.186490
vt 0.100739 0.191641
vt 0.100739 0.196650
vt 0.100739 0.201476
vt 0.100739 0.206289
vt 0.100739 0.211295
vt 0.088147 0.221593
vt 0.088147 0.216444
vt 0.088147 0.226599
vt 0.088147 0.231413
vt 0.088147 0.176331
vt 0.088147 0.171505
vt 0.088147 0.181340
vt 0.088147 0.186490
vt 0.088147 0.191641
vt 0.088147 0.196650
vt 0.088147 0.201476
vt 0.088147 0.206289
vt 0.088147 0.211295
vt 0.075067 0.221593
vt 0.075067 0.216444
vt 0.075067 0.226599
vt 0.075067 0.231413
vt 0.075067 0.176331
vt 0.075067 0.171505
vt 0.075067 0.181340
vt 0.075067 0.186490
vt 0.075067 0.191641
vt 0.075067 0.196650
vt 0.075067 0.201476
vt 0.075067 0.206289
vt 0.075067 0.211295
vt 0.061840 0.221593
vt 0.061840 0.216444
vt 0.061840 0.226599
vt 0.061840 0.231413
vt 0.061840 0.176331
vt 0.061840 0.171505
vt 0.061840 0.181340
vt 0.061840 0.186490
vt 0.061840 0.191641
vt 0.061840 0.196650
vt 0.061840 0.201476
vt 0.061840 0.206289
vt 0.061840 0.211295
vt 0.048860 0.221593
vt 0.048860 0.216444
vt 0.048860 0.226599
vt 0.048860 0.231413
vt 0.048860 0.176331
vt 0.048860 0.171505
vt 0.048860 0.181340
vt 0.048860 0.186490
vt 0.048860 0.191641
vt 0.048860 0.196650
vt 0.048860 0.201476
vt 0.048860 0.206289
vt 0.048860 0.211295
vt 0.001498 0.196650
vt 0.001498 0.191641
vt 0.001498 0.186490
vt 0.001498 0.181340
vt 0.001498 0.211295
vt 0.001498 0.206289
vt 0.001498 0.176331
vt 0.001498 0.171505
vt 0.001498 0.201476
vt 0.001498 0.221593
vt 0.001498 0.216444
vt 0.001498 0.226599
vt 0.001498 0.231413
vt 0.134516 0.221593
vt 0.134516 0.216444
vt 0.138563 0.216444
vt 0.138563 0.221593
vt 0.143191 0.216444
vt 0.143191 0.221593
vt 0.147213 0.216444
vt 0.147213 0.221593
vt 0.147213 0.226599
vt 0.143191 0.226599
vt 0.138563 0.226599
vt 0.134516 0.226599
vt 0.147213 0.231413
vt 0.143191 0.231413
vt 0.138563 0.231413
vt 0.134516 0.231413
vt 0.147213 0.171505
vt 0.147213 0.176331
vt 0.143191 0.176331
vt 0.143191 0.171505
vt 0.138563 0.176331
vt 0.138563 0.171505
vt 0.134516 0.176331
vt 0.134516 0.171505
vt 0.147213 0.181340
vt 0.143191 0.181340
vt 0.138563 0.181340
vt 0.134516 0.181340
vt 0.147213 0.186490
vt 0.143191 0.186490
vt 0.138563 0.186490
vt 0.134516 0.186490
vt 0.147213 0.191641
vt 0.143191 0.191641
vt 0.138563 0.191641
vt 0.134516 0.191641
vt 0.147213 0.196650
vt 0.143191 0.196650
vt 0.138563 0.196650
vt 0.134516 0.196650
vt 0.147213 0.201476
vt 0.143191 0.201476
vt 0.138563 0.201476
vt 0.134516 0.201476
vt 0.147213 0.206289
vt 0.143191 0.206289
vt 0.138563 0.206289
vt 0.134516 0.206289
vt 0.147213 0.211295
vt 0.143191 0.211295
vt 0.138563 0.211295
vt 0.134516 0.211295
vt 0.966260 0.312518
vt 0.964281 0.312518
vt 0.962567 0.311529
vt 0.961577 0.309815
vt 0.961577 0.307835
vt 0.962567 0.306121
vt 0.964281 0.305132
vt 0.966260 0.305132
vt 0.967974 0.306121
vt 0.968964 0.307835
vt 0.968964 0.309815
vt 0.967974 0.311529
vt 0.963561 0.315207
vt 0.966981 0.315207
vt 0.967769 0.318149
vt 0.962772 0.318149
vt 0.969942 0.313497
vt 0.972096 0.315650
vt 0.971652 0.310535
vt 0.974594 0.311323
vt 0.971652 0.307115
vt 0.974594 0.306327
vt 0.969942 0.304153
vt 0.972096 0.302000
vt 0.966981 0.302443
vt 0.967769 0.299502
vt 0.963561 0.302444
vt 0.962772 0.299502
vt 0.960599 0.304153
vt 0.958445 0.302000
vt 0.958889 0.307115
vt 0.955947 0.306327
vt 0.958889 0.310535
vt 0.955947 0.311323
vt 0.960599 0.313497
vt 0.958445 0.315650
vt 0.468906 0.191641
vt 0.468906 0.186490
vt 0.479462 0.186490
vt 0.479462 0.191641
vt 0.468906 0.181340
vt 0.479462 0.181340
vt 0.468906 0.176331
vt 0.479462 0.176331
vt 0.468906 0.171505
vt 0.479462 0.171505
vt 0.468906 0.216444
vt 0.468906 0.211295
vt 0.479462 0.211295
vt 0.479462 0.216444
vt 0.468906 0.221593
vt 0.479462 0.221593
vt 0.468906 0.231413
vt 0.468906 0.226600
vt 0.479462 0.226600
vt 0.479462 0.231413
vt 0.468906 0.206289
vt 0.479462 0.206289
vt 0.468906 0.201476
vt 0.479462 0.201476
vt 0.468906 0.196650
vt 0.479462 0.196650
vt 0.482015 0.216444
vt 0.482015 0.221593
vt 0.482015 0.226600
vt 0.482015 0.231413
vt 0.482015 0.171505
vt 0.482015 0.176331
vt 0.482015 0.181340
vt 0.482015 0.186490
vt 0.482015 0.191641
vt 0.482015 0.196650
vt 0.482015 0.201476
vt 0.482015 0.206289
vt 0.482015 0.211295
vt 0.436937 0.191641
vt 0.436937 0.196650
vt 0.447556 0.191641
vt 0.447556 0.196650
vt 0.458286 0.191641
vt 0.458286 0.196650
vt 0.436937 0.201476
vt 0.447556 0.201476
vt 0.458286 0.201476
vt 0.436937 0.206289
vt 0.447556 0.206289
vt 0.458286 0.206289
vt 0.436937 0.221593
vt 0.436937 0.226600
vt 0.447556 0.221593
vt 0.447556 0.226600
vt 0.458286 0.221593
vt 0.458286 0.226600
vt 0.436937 0.211295
vt 0.447556 0.211295
vt 0.458286 0.211295
vt 0.436937 0.231413
vt 0.447556 0.231413
vt 0.458286 0.231413
vt 0.436937 0.216444
vt 0.447556 0.216444
vt 0.458286 0.216444
vt 0.436937 0.171505
vt 0.436937 0.176331
vt 0.447556 0.171505
vt 0.447556 0.176331
vt 0.458286 0.171505
vt 0.458286 0.176331
vt 0.436937 0.181340
vt 0.447556 0.181340
vt 0.458286 0.181340
vt 0.436937 0.186490
vt 0.447556 0.186490
vt 0.458286 0.186490
vt 0.551488 0.211295
vt 0.558585 0.211295
vt 0.558585 0.216444
vt 0.551488 0.216444
vt 0.551488 0.206289
vt 0.558585 0.206289
vt 0.551488 0.201476
vt 0.558585 0.201476
vt 0.551488 0.196650
vt 0.558585 0.196650
vt 0.551488 0.191641
vt 0.558585 0.191641
vt 0.551488 0.186490
vt 0.558585 0.186490
vt 0.551488 0.181340
vt 0.558585 0.181340
vt 0.551488 0.176331
vt 0.558585 0.176331
vt 0.551488 0.171505
vt 0.558585 0.171505
vt 0.551488 0.226600
vt 0.558585 0.226600
vt 0.558585 0.231413
vt 0.551488 0.231413
vt 0.551488 0.221593
vt 0.558585 0.221593
vt 0.565114 0.211295
vt 0.565114 0.216444
vt 0.565114 0.206289
vt 0.565114 0.201476
vt 0.565114 0.196650
vt 0.565114 0.191641
vt 0.565114 0.186491
vt 0.565114 0.181340
vt 0.565114 0.176331
vt 0.565114 0.171505
vt 0.565114 0.226600
vt 0.565114 0.231413
vt 0.565114 0.221593
vt 0.571645 0.211295
vt 0.571645 0.216444
vt 0.571645 0.206289
vt 0.571645 0.201476
vt 0.571645 0.196650
vt 0.571645 0.191641
vt 0.571645 0.186491
vt 0.571645 0.181340
vt 0.571645 0.176331
vt 0.571645 0.171505
vt 0.571645 0.226600
vt 0.571645 0.231413
vt 0.571645 0.221593
vt 0.578619 0.211295
vt 0.578619 0.216444
vt 0.578619 0.206289
vt 0.578619 0.201476
vt 0.578619 0.196650
vt 0.578619 0.191641
vt 0.578619 0.186491
vt 0.578619 0.181340
vt 0.578619 0.176331
vt 0.578619 0.171505
vt 0.578619 0.226600
vt 0.578619 0.231413
vt 0.578619 0.221593
vt 0.586292 0.211295
vt 0.586292 0.216444
vt 0.586292 0.206289
vt 0.586292 0.201476
vt 0.586292 0.196650
vt 0.586292 0.191641
vt 0.586292 0.186491
vt 0.586292 0.181340
vt 0.586292 0.176331
vt 0.586292 0.171505
vt 0.586292 0.226600
vt 0.586292 0.231413
vt 0.586292 0.221593
vt 0.594773 0.211295
vt 0.594773 0.216444
vt 0.594773 0.206289
vt 0.594773 0.201476
vt 0.594773 0.196650
vt 0.594773 0.191641
vt 0.594773 0.186491
vt 0.594773 0.181340
vt 0.594773 0.176331
vt 0.594773 0.171505
vt 0.594773 0.226600
vt 0.594773 0.231413
vt 0.594773 0.221593
vt 0.604072 0.211295
vt 0.604072 0.216444
vt 0.604072 0.206289
vt 0.604072 0.201476
vt 0.604072 0.196650
vt 0.604072 0.191641
vt 0.604072 0.186491
vt 0.604072 0.181340
vt 0.604072 0.176331
vt 0.604072 0.171505
vt 0.604072 0.226600
vt 0.604072 0.231413
vt 0.604072 0.221593
vt 0.614141 0.211295
vt 0.614141 0.216444
vt 0.614141 0.206289
vt 0.614141 0.201476
vt 0.614141 0.196650
vt 0.614141 0.191641
vt 0.614141 0.186491
vt 0.614141 0.181340
vt 0.614141 0.176331
vt 0.614141 0.171505
vt 0.614141 0.226600
vt 0.614141 0.231413
vt 0.614141 0.221593
vt 0.624899 0.211295
vt 0.624899 0.216444
vt 0.624899 0.206289
vt 0.624899 0.201476
vt 0.624899 0.196650
vt 0.624899 0.191641
vt 0.624899 0.186491
vt 0.624899 0.181340
vt 0.624899 0.176331
vt 0.624899 0.171505
vt 0.624899 0.226600
vt 0.624899 0.231413
vt 0.624899 0.221593
vt 0.636246 0.211295
vt 0.636246 0.216444
vt 0.636246 0.206289
vt 0.636246 0.201476
vt 0.636246 0.196650
vt 0.636246 0.191641
vt 0.636246 0.186491
vt 0.636246 0.181340
vt 0.636246 0.176331
vt 0.636246 0.171505
vt 0.636246 0.226600
vt 0.636246 0.231413
vt 0.636246 0.221593
vt 0.648073 0.211295
vt 0.648073 0.216444
vt 0.648073 0.206289
vt 0.648073 0.201476
vt 0.648073 0.196650
vt 0.648073 0.191641
vt 0.648073 0.186491
vt 0.648073 0.181340
vt 0.648073 0.176331
vt 0.648073 0.171505
vt 0.648073 0.226600
vt 0.648073 0.231413
vt 0.648073 0.221593
vt 0.660267 0.211295
vt 0.660267 0.216444
vt 0.660267 0.206289
vt 0.660267 0.201476
vt 0.660267 0.196650
vt 0.660267 0.191641
vt 0.660267 0.186491
vt 0.660267 0.181340
vt 0.660267 0.176331
vt 0.660267 0.171505
vt 0.660267 0.226600
vt 0.660267 0.231413
vt 0.660267 0.221593
vt 0.669969 0.211295
vt 0.669969 0.216444
vt 0.669969 0.206289
vt 0.669969 0.201476
vt 0.669969 0.196650
vt 0.669969 0.191641
vt 0.669969 0.186491
vt 0.669969 0.181340
vt 0.669969 0.176331
vt 0.669969 0.171505
vt 0.669969 0.226600
vt 0.669969 0.231413
vt 0.669969 0.221593
vt 0.683345 0.211295
vt 0.683345 0.216444
vt 0.683345 0.206289
vt 0.683345 0.201476
vt 0.683345 0.196650
vt 0.683345 0.191641
vt 0.683345 0.186491
vt 0.683345 0.181340
vt 0.683345 0.176331
vt 0.683345 0.171505
vt 0.683345 0.226600
vt 0.683345 0.231413
vt 0.683345 0.221593
vt 0.699589 0.211295
vt 0.699589 0.216444
vt 0.699589 0.206289
vt 0.699589 0.201476
vt 0.699589 0.196650
vt 0.699589 0.191641
vt 0.699589 0.186491
vt 0.699589 0.181340
vt 0.699589 0.176331
vt 0.699589 0.171505
vt 0.699589 0.226600
vt 0.699589 0.231413
vt 0.699589 0.221593
vt 0.717895 0.211295
vt 0.717895 0.216444
vt 0.717895 0.206289
vt 0.717895 0.201476
vt 0.717895 0.196650
vt 0.717895 0.191641
vt 0.717895 0.186491
vt 0.717895 0.181340
vt 0.717895 0.176331
vt 0.717895 0.171505
vt 0.717895 0.226600
vt 0.717895 0.231413
vt 0.717895 0.221593
vt 0.737461 0.211295
vt 0.737461 0.216444
vt 0.737461 0.206289
vt 0.737461 0.201476
vt 0.737461 0.196650
vt 0.737461 0.191641
vt 0.737461 0.186491
vt 0.737461 0.181340
vt 0.737461 0.176331
vt 0.737460 0.171505
vt 0.737461 0.226600
vt 0.737460 0.231413
vt 0.737461 0.221593
vt 0.757483 0.211295
vt 0.757483 0.216444
vt 0.757483 0.206289
vt 0.757483 0.201476
vt 0.757483 0.196650
vt 0.757483 0.191641
vt 0.757483 0.186491
vt 0.757483 0.181340
vt 0.757483 0.176331
vt 0.757483 0.171505
vt 0.757483 0.226600
vt 0.757483 0.231413
vt 0.757483 0.221593
vt 0.777164 0.211295
vt 0.777164 0.216444
vt 0.777164 0.206289
vt 0.777164 0.201476
vt 0.777164 0.196650
vt 0.777164 0.191641
vt 0.777164 0.186491
vt 0.777164 0.181340
vt 0.777164 0.176331
vt 0.777164 0.171505
vt 0.777164 0.226600
vt 0.777164 0.231413
vt 0.777164 0.221593
vt 0.795714 0.211295
vt 0.795714 0.216444
vt 0.795714 0.206289
vt 0.795714 0.201476
vt 0.795714 0.196650
vt 0.795714 0.191641
vt 0.795714 0.186491
vt 0.795714 0.181340
vt 0.795714 0.176331
vt 0.795714 0.171505
vt 0.795714 0.226600
vt 0.795714 0.231413
vt 0.795714 0.221593
vt 0.812354 0.211295
vt 0.812354 0.216444
vt 0.812354 0.206289
vt 0.812354 0.201476
vt 0.812354 0.196650
vt 0.812354 0.191641
vt 0.812354 0.186491
vt 0.812354 0.181340
vt 0.812354 0.176331
vt 0.812354 0.171505
vt 0.812354 0.226600
vt 0.812354 0.231413
vt 0.812354 0.221593
vt 0.826340 0.211295
vt 0.826340 0.216444
vt 0.826340 0.206289
vt 0.826340 0.201476
vt 0.826340 0.196650
vt 0.826340 0.191641
vt 0.826340 0.186491
vt 0.826340 0.181340
vt 0.826340 0.176331
vt 0.826340 0.171505
vt 0.826340 0.226600
vt 0.826340 0.231413
vt 0.826340 0.221593
vt 0.854174 0.211295
vt 0.865211 0.211295
vt 0.865211 0.216444
vt 0.854174 0.216444
vt 0.854174 0.206289
vt 0.865211 0.206289
vt 0.854174 0.201476
vt 0.865211 0.201476
vt 0.854174 0.196650
vt 0.865211 0.196650
vt 0.854174 0.191641
vt 0.865211 0.191641
vt 0.854174 0.186491
vt 0.865211 0.186491
vt 0.854174 0.181340
vt 0.865211 0.181340
vt 0.854174 0.176331
vt 0.865211 0.176331
vt 0.854174 0.171505
vt 0.865211 0.171505
vt 0.854174 0.226600
vt 0.865211 0.226600
vt 0.865211 0.231413
vt 0.854174 0.231413
vt 0.854174 0.221593
vt 0.865211 0.221593
vt 0.877068 0.211295
vt 0.877068 0.216444
vt 0.877068 0.206289
vt 0.877068 0.201476
vt 0.877068 0.196650
vt 0.877068 0.191641
vt 0.877068 0.186491
vt 0.877068 0.181340
vt 0.877068 0.176331
vt 0.877068 0.171505
vt 0.877068 0.226600
vt 0.877068 0.231413
vt 0.877068 0.221593
vt 0.889660 0.211295
vt 0.889660 0.216444
vt 0.889660 0.206289
vt 0.889660 0.201476
vt 0.889660 0.196650
vt 0.889660 0.191641
vt 0.889660 0.186491
vt 0.889660 0.181340
vt 0.889660 0.176331
vt 0.889660 0.171505
vt 0.889660 0.226600
vt 0.889660 0.231413
vt 0.889660 0.221593
vt 0.902740 0.211295
vt 0.902740 0.216444
vt 0.902740 0.206289
vt 0.902740 0.201476
vt 0.902740 0.196650
vt 0.902740 0.191641
vt 0.902740 0.186491
vt 0.902740 0.181340
vt 0.902740 0.176331
vt 0.902740 0.171505
vt 0.902740 0.226600
vt 0.902740 0.231413
vt 0.902740 0.221593
vt 0.915967 0.211295
vt 0.915967 0.216444
vt 0.915967 0.206289
vt 0.915967 0.201476
vt 0.915967 0.196650
vt 0.915967 0.191641
vt 0.915967 0.186491
vt 0.915967 0.181340
vt 0.915967 0.176331
vt 0.915967 0.171505
vt 0.915967 0.226600
vt 0.915967 0.231413
vt 0.915967 0.221593
vt 0.928947 0.211295
vt 0.928947 0.216444
vt 0.928947 0.206289
vt 0.928947 0.201476
vt 0.928947 0.196650
vt 0.928947 0.191641
vt 0.928947 0.186491
vt 0.928947 0.181340
vt 0.928947 0.176331
vt 0.928947 0.171505
vt 0.928947 0.226600
vt 0.928947 0.231413
vt 0.928947 0.221593
vt 0.976309 0.176331
vt 0.976309 0.181340
vt 0.976309 0.186491
vt 0.976309 0.191641
vt 0.976309 0.221593
vt 0.976309 0.226600
vt 0.976309 0.196650
vt 0.976309 0.201476
vt 0.976309 0.171505
vt 0.976309 0.211295
vt 0.976309 0.216444
vt 0.976309 0.206289
vt 0.976309 0.231413
vt 0.843291 0.211295
vt 0.843291 0.216444
vt 0.839243 0.216444
vt 0.839243 0.211295
vt 0.834616 0.216444
vt 0.834616 0.211295
vt 0.830593 0.216444
vt 0.830593 0.211295
vt 0.830593 0.206289
vt 0.834616 0.206289
vt 0.839243 0.206289
vt 0.843291 0.206289
vt 0.830593 0.201476
vt 0.834616 0.201476
vt 0.839243 0.201476
vt 0.843291 0.201476
vt 0.830593 0.196650
vt 0.834616 0.196650
vt 0.839243 0.196650
vt 0.843291 0.196650
vt 0.830593 0.191641
vt 0.834616 0.191641
vt 0.839243 0.191641
vt 0.843291 0.191641
vt 0.830593 0.186491
vt 0.834616 0.186491
vt 0.839243 0.186491
vt 0.843291 0.186491
vt 0.830593 0.181340
vt 0.834616 0.181340
vt 0.839243 0.181340
vt 0.843291 0.181340
vt 0.830593 0.176331
vt 0.834616 0.176331
vt 0.839243 0.176331
vt 0.843291 0.176331
vt 0.830593 0.171505
vt 0.834616 0.171505
vt 0.839243 0.171505
vt 0.843291 0.171505
vt 0.830593 0.231413
vt 0.830593 0.226600
vt 0.834616 0.226600
vt 0.834616 0.231413
vt 0.839243 0.226600
vt 0.839243 0.231413
vt 0.843291 0.226600
vt 0.843291 0.231413
vt 0.830593 0.221593
vt 0.834616 0.221593
vt 0.839243 0.221593
vt 0.843291 0.221593
vt 0.968188 0.350121
vt 0.969179 0.351834
vt 0.969180 0.353813
vt 0.968192 0.355528
vt 0.966478 0.356519
vt 0.964499 0.356520
vt 0.962785 0.355532
vt 0.961794 0.353818
vt 0.961792 0.351839
vt 0.962781 0.350124
vt 0.964494 0.349134
vt 0.966473 0.349132
vt 0.971867 0.351112
vt 0.970155 0.348151
vt 0.972307 0.345996
vt 0.974808 0.350321
vt 0.967192 0.346443
vt 0.967978 0.343501
vt 0.963772 0.346446
vt 0.962981 0.343504
vt 0.960811 0.348158
vt 0.958656 0.346006
vt 0.959103 0.351121
vt 0.956161 0.350335
vt 0.959106 0.354541
vt 0.956165 0.355331
vt 0.960818 0.357501
vt 0.958666 0.359656
vt 0.963781 0.359209
vt 0.962995 0.362151
vt 0.967201 0.359206
vt 0.967991 0.362148
vt 0.970161 0.357494
vt 0.972316 0.359647
vt 0.971869 0.354532
vt 0.974812 0.355318
vt 0.508901 0.181340
vt 0.508901 0.186490
vt 0.498345 0.186490
vt 0.498345 0.181340
vt 0.508901 0.191641
vt 0.498345 0.191641
vt 0.508901 0.196650
vt 0.498345 0.196650
vt 0.508901 0.201476
vt 0.498345 0.201476
vt 0.508901 0.216444
vt 0.508901 0.221593
vt 0.498345 0.221593
vt 0.498345 0.216444
vt 0.508901 0.211295
vt 0.498345 0.211295
vt 0.508901 0.206289
vt 0.498345 0.206289
vt 0.508901 0.226600
vt 0.498345 0.226600
vt 0.508901 0.231413
vt 0.498345 0.231413
vt 0.508901 0.171505
vt 0.508901 0.176331
vt 0.498345 0.176331
vt 0.498345 0.171505
vt 0.495792 0.216444
vt 0.495792 0.211295
vt 0.495792 0.206289
vt 0.495792 0.201476
vt 0.495792 0.196650
vt 0.495792 0.191641
vt 0.495792 0.186490
vt 0.495792 0.181340
vt 0.495792 0.176331
vt 0.495792 0.171505
vt 0.495792 0.231413
vt 0.495792 0.226600
vt 0.495792 0.221593
vt 0.540870 0.181340
vt 0.540870 0.176331
vt 0.530251 0.181340
vt 0.530251 0.176331
vt 0.519521 0.181340
vt 0.519521 0.176331
vt 0.540870 0.171505
vt 0.530251 0.171505
vt 0.519521 0.171505
vt 0.540870 0.231413
vt 0.540870 0.226600
vt 0.530251 0.231413
vt 0.530251 0.226600
vt 0.519521 0.231413
vt 0.519521 0.226600
vt 0.540870 0.211295
vt 0.540870 0.206289
vt 0.530251 0.211295
vt 0.530251 0.206289
vt 0.519521 0.211295
vt 0.519521 0.206289
vt 0.540870 0.221593
vt 0.530251 0.221593
vt 0.519521 0.221593
vt 0.540870 0.201476
vt 0.530251 0.201476
vt 0.519521 0.201476
vt 0.540870 0.216444
vt 0.530251 0.216444
vt 0.519521 0.216444
vt 0.540870 0.196650
vt 0.530251 0.196650
vt 0.519521 0.196650
vt 0.540870 0.191641
vt 0.530251 0.191641
vt 0.519521 0.191641
vt 0.540870 0.186490
vt 0.530251 0.186490
vt 0.519521 0.186490
vt 0.486607 0.221593
vt 0.486607 0.226600
vt 0.486607 0.231413
vt 0.486607 0.171505
vt 0.486607 0.176331
vt 0.486607 0.181340
vt 0.486607 0.186490
vt 0.486607 0.191641
vt 0.486607 0.196650
vt 0.486607 0.201476
vt 0.486607 0.206289
vt 0.486607 0.211295
vt 0.486607 0.216444
vt 0.491200 0.221593
vt 0.491200 0.216444
vt 0.491200 0.211295
vt 0.491200 0.206289
vt 0.491200 0.201476
vt 0.491200 0.196650
vt 0.491200 0.191641
vt 0.491200 0.186490
vt 0.491200 0.181340
vt 0.491200 0.176331
vt 0.491200 0.171505
vt 0.491200 0.231413
vt 0.491200 0.226600
vt 0.426332 0.255619
vt 0.419234 0.255619
vt 0.419234 0.250470
vt 0.426332 0.250470
vt 0.426332 0.260624
vt 0.419234 0.260624
vt 0.426332 0.265432
vt 0.419234 0.265432
vt 0.426332 0.270245
vt 0.419234 0.270245
vt 0.426332 0.275255
vt 0.419234 0.275255
vt 0.426332 0.280412
vt 0.419234 0.280412
vt 0.426332 0.285563
vt 0.419234 0.285563
vt 0.426332 0.290578
vt 0.419234 0.290578
vt 0.426331 0.295407
vt 0.419234 0.295407
vt 0.426332 0.240315
vt 0.419234 0.240315
vt 0.419234 0.235501
vt 0.426332 0.235501
vt 0.426332 0.245321
vt 0.419234 0.245321
vt 0.412705 0.255619
vt 0.412705 0.250470
vt 0.412705 0.260624
vt 0.412705 0.265432
vt 0.412705 0.270245
vt 0.412705 0.275255
vt 0.412705 0.280412
vt 0.412705 0.285563
vt 0.412705 0.290578
vt 0.412705 0.295407
vt 0.412705 0.240315
vt 0.412705 0.235501
vt 0.412705 0.245321
vt 0.406174 0.255619
vt 0.406174 0.250470
vt 0.406174 0.260624
vt 0.406174 0.265432
vt 0.406174 0.270245
vt 0.406174 0.275255
vt 0.406174 0.280412
vt 0.406174 0.285563
vt 0.406174 0.290578
vt 0.406174 0.295407
vt 0.406174 0.240315
vt 0.406174 0.235501
vt 0.406174 0.245321
vt 0.399200 0.255619
vt 0.399200 0.250470
vt 0.399200 0.260624
vt 0.399200 0.265432
vt 0.399200 0.270245
vt 0.399200 0.275255
vt 0.399200 0.280412
vt 0.399200 0.285563
vt 0.399200 0.290578
vt 0.399200 0.295407
vt 0.399200 0.240315
vt 0.399200 0.235501
vt 0.399200 0.245321
vt 0.391526 0.255619
vt 0.391526 0.250470
vt 0.391526 0.260624
vt 0.391526 0.265432
vt 0.391526 0.270245
vt 0.391526 0.275255
vt 0.391526 0.280412
vt 0.391526 0.285563
vt 0.391526 0.290578
vt 0.391526 0.295407
vt 0.391526 0.240315
vt 0.391526 0.235501
vt 0.391526 0.245321
vt 0.383045 0.255619
vt 0.383045 0.250470
vt 0.383045 0.260624
vt 0.383045 0.265432
vt 0.383045 0.270245
vt 0.383045 0.275255
vt 0.383045 0.280412
vt 0.383045 0.285563
vt 0.383045 0.290578
vt 0.383045 0.295407
vt 0.383045 0.240315
vt 0.383045 0.235501
vt 0.383045 0.245321
vt 0.373745 0.255619
vt 0.373745 0.250470
vt 0.373745 0.260624
vt 0.373745 0.265432
vt 0.373745 0.270245
vt 0.373745 0.275255
vt 0.373745 0.280412
vt 0.373745 0.285563
vt 0.373745 0.290578
vt 0.373745 0.295407
vt 0.373745 0.240315
vt 0.373745 0.235501
vt 0.373745 0.245321
vt 0.363676 0.255619
vt 0.363676 0.250470
vt 0.363676 0.260624
vt 0.363676 0.265432
vt 0.363676 0.270245
vt 0.363676 0.275255
vt 0.363676 0.280412
vt 0.363676 0.285563
vt 0.363676 0.290578
vt 0.363676 0.295407
vt 0.363676 0.240315
vt 0.363676 0.235501
vt 0.363676 0.245321
vt 0.352918 0.255619
vt 0.352918 0.250470
vt 0.352918 0.260624
vt 0.352918 0.265432
vt 0.352918 0.270245
vt 0.352918 0.275255
vt 0.352918 0.280412
vt 0.352918 0.285563
vt 0.352918 0.290578
vt 0.352918 0.295407
vt 0.352918 0.240315
vt 0.352918 0.235501
vt 0.352918 0.245321
vt 0.341570 0.255619
vt 0.341570 0.250470
vt 0.341570 0.260624
vt 0.341570 0.265432
vt 0.341570 0.270245
vt 0.341570 0.275255
vt 0.341570 0.280412
vt 0.341570 0.285563
vt 0.341570 0.290578
vt 0.341570 0.295407
vt 0.341570 0.240315
vt 0.341570 0.235501
vt 0.341570 0.245321
vt 0.329743 0.255619
vt 0.329743 0.250470
vt 0.329743 0.260624
vt 0.329743 0.265432
vt 0.329743 0.270245
vt 0.329743 0.275255
vt 0.329743 0.280412
vt 0.329743 0.285563
vt 0.329743 0.290578
vt 0.329743 0.295407
vt 0.329743 0.240315
vt 0.329743 0.235501
vt 0.329743 0.245321
vt 0.317549 0.255619
vt 0.317549 0.250470
vt 0.317549 0.260624
vt 0.317549 0.265432
vt 0.317549 0.270245
vt 0.317549 0.275255
vt 0.317549 0.280412
vt 0.317549 0.285563
vt 0.317549 0.290578
vt 0.317549 0.295407
vt 0.317549 0.240315
vt 0.317549 0.235501
vt 0.317549 0.245321
vt 0.307846 0.255619
vt 0.307846 0.250470
vt 0.307846 0.260624
vt 0.307846 0.265432
vt 0.307846 0.270245
vt 0.307846 0.275255
vt 0.307846 0.280412
vt 0.307846 0.285563
vt 0.307846 0.290578
vt 0.307846 0.295407
vt 0.307846 0.240315
vt 0.307846 0.235501
vt 0.307846 0.245321
vt 0.294469 0.255619
vt 0.294469 0.250470
vt 0.294469 0.260624
vt 0.294469 0.265432
vt 0.294469 0.270245
vt 0.294469 0.275255
vt 0.294469 0.280412
vt 0.294469 0.285563
vt 0.294469 0.290578
vt 0.294469 0.295407
vt 0.294469 0.240315
vt 0.294469 0.235501
vt 0.294469 0.245321
vt 0.278225 0.255619
vt 0.278225 0.250470
vt 0.278225 0.260624
vt 0.278225 0.265432
vt 0.278225 0.270245
vt 0.278225 0.275255
vt 0.278225 0.280412
vt 0.278225 0.285563
vt 0.278225 0.290578
vt 0.278225 0.295407
vt 0.278225 0.240315
vt 0.278225 0.235501
vt 0.278225 0.245321
vt 0.259918 0.255619
vt 0.259918 0.250470
vt 0.259918 0.260624
vt 0.259918 0.265432
vt 0.259918 0.270245
vt 0.259918 0.275255
vt 0.259918 0.280412
vt 0.259918 0.285563
vt 0.259918 0.290578
vt 0.259918 0.295407
vt 0.259918 0.240315
vt 0.259918 0.235501
vt 0.259918 0.245321
vt 0.240352 0.255619
vt 0.240352 0.250470
vt 0.240352 0.260624
vt 0.240352 0.265432
vt 0.240352 0.270245
vt 0.240352 0.275255
vt 0.240352 0.280412
vt 0.240352 0.285563
vt 0.240352 0.290578
vt 0.240352 0.295407
vt 0.240352 0.240315
vt 0.240352 0.235501
vt 0.240352 0.245321
vt 0.220330 0.255619
vt 0.220330 0.250470
vt 0.220330 0.260624
vt 0.220330 0.265432
vt 0.220330 0.270245
vt 0.220330 0.275255
vt 0.220330 0.280412
vt 0.220330 0.285563
vt 0.220330 0.290578
vt 0.220330 0.295407
vt 0.220330 0.240315
vt 0.220330 0.235501
vt 0.220330 0.245321
vt 0.200648 0.255619
vt 0.200648 0.250470
vt 0.200648 0.260624
vt 0.200648 0.265432
vt 0.200648 0.270245
vt 0.200648 0.275255
vt 0.200648 0.280412
vt 0.200648 0.285563
vt 0.200648 0.290578
vt 0.200648 0.295407
vt 0.200648 0.240315
vt 0.200648 0.235501
vt 0.200648 0.245321
vt 0.182098 0.255619
vt 0.182098 0.250470
vt 0.182098 0.260624
vt 0.182098 0.265432
vt 0.182098 0.270245
vt 0.182098 0.275255
vt 0.182098 0.280412
vt 0.182098 0.285563
vt 0.182098 0.290578
vt 0.182098 0.295407
vt 0.182098 0.240315
vt 0.182098 0.235501
vt 0.182098 0.245321
vt 0.165456 0.255619
vt 0.165456 0.250470
vt 0.165456 0.260624
vt 0.165456 0.265432
vt 0.165456 0.270245
vt 0.165456 0.275255
vt 0.165456 0.280412
vt 0.165456 0.285563
vt 0.165456 0.290578
vt 0.165456 0.295407
vt 0.165456 0.240315
vt 0.165456 0.235501
vt 0.165456 0.245321
vt 0.151470 0.255619
vt 0.151470 0.250470
vt 0.151470 0.260624
vt 0.151470 0.265432
vt 0.151470 0.270245
vt 0.151470 0.275255
vt 0.151470 0.280412
vt 0.151470 0.285563
vt 0.151470 0.290578
vt 0.151470 0.295407
vt 0.151470 0.240315
vt 0.151470 0.235501
vt 0.151470 0.245321
vt 0.123635 0.255619
vt 0.112598 0.255619
vt 0.112598 0.250470
vt 0.123635 0.250470
vt 0.123635 0.260624
vt 0.112598 0.260624
vt 0.123635 0.265432
vt 0.112598 0.265432
vt 0.123635 0.270245
vt 0.112598 0.270245
vt 0.123635 0.275255
vt 0.112598 0.275255
vt 0.123635 0.280412
vt 0.112598 0.280412
vt 0.123635 0.285563
vt 0.112598 0.285563
vt 0.123635 0.290578
vt 0.112598 0.290578
vt 0.123635 0.295407
vt 0.112598 0.295407
vt 0.123635 0.240315
vt 0.112598 0.240315
vt 0.112598 0.235501
vt 0.123635 0.235501
vt 0.123635 0.245321
vt 0.112598 0.245321
vt 0.100741 0.255619
vt 0.100741 0.250470
vt 0.100741 0.260624
vt 0.100741 0.265432
vt 0.100741 0.270245
vt 0.100741 0.275255
vt 0.100741 0.280412
vt 0.100741 0.285563
vt 0.100741 0.290578
vt 0.100741 0.295407
vt 0.100741 0.240315
vt 0.100741 0.235501
vt 0.100741 0.245321
vt 0.088148 0.255619
vt 0.088148 0.250470
vt 0.088148 0.260624
vt 0.088148 0.265432
vt 0.088148 0.270245
vt 0.088148 0.275255
vt 0.088148 0.280412
vt 0.088148 0.285563
vt 0.088148 0.290578
vt 0.088148 0.295407
vt 0.088148 0.240315
vt 0.088148 0.235501
vt 0.088148 0.245321
vt 0.075068 0.255619
vt 0.075068 0.250470
vt 0.075068 0.260624
vt 0.075068 0.265432
vt 0.075068 0.270245
vt 0.075068 0.275255
vt 0.075068 0.280412
vt 0.075068 0.285563
vt 0.075068 0.290578
vt 0.075068 0.295407
vt 0.075068 0.240315
vt 0.075068 0.235501
vt 0.075068 0.245321
vt 0.061841 0.255619
vt 0.061841 0.250470
vt 0.061841 0.260624
vt 0.061841 0.265432
vt 0.061841 0.270245
vt 0.061841 0.275255
vt 0.061841 0.280412
vt 0.061841 0.285563
vt 0.061841 0.290578
vt 0.061841 0.295407
vt 0.061841 0.240315
vt 0.061841 0.235501
vt 0.061841 0.245321
vt 0.048860 0.255619
vt 0.048860 0.250470
vt 0.048860 0.260624
vt 0.048860 0.265432
vt 0.048860 0.270245
vt 0.048860 0.275255
vt 0.048860 0.280412
vt 0.048860 0.285563
vt 0.048860 0.290578
vt 0.048860 0.295407
vt 0.048860 0.240315
vt 0.048860 0.235501
vt 0.048860 0.245321
vt 0.001497 0.290578
vt 0.001497 0.285563
vt 0.001497 0.280412
vt 0.001497 0.275255
vt 0.001497 0.245321
vt 0.001497 0.240315
vt 0.001497 0.270245
vt 0.001497 0.265432
vt 0.001497 0.295407
vt 0.001497 0.255619
vt 0.001497 0.250470
vt 0.001497 0.260624
vt 0.001497 0.235501
vt 0.134519 0.255619
vt 0.134519 0.250470
vt 0.138567 0.250470
vt 0.138567 0.255619
vt 0.143194 0.250470
vt 0.143194 0.255619
vt 0.147217 0.250470
vt 0.147217 0.255619
vt 0.147217 0.260624
vt 0.143194 0.260624
vt 0.138567 0.260624
vt 0.134519 0.260624
vt 0.147217 0.265432
vt 0.143194 0.265432
vt 0.138567 0.265432
vt 0.134519 0.265432
vt 0.147217 0.270245
vt 0.143194 0.270245
vt 0.138567 0.270245
vt 0.134519 0.270245
vt 0.147217 0.275255
vt 0.143194 0.275255
vt 0.138567 0.275255
vt 0.134519 0.275255
vt 0.147217 0.280412
vt 0.143194 0.280412
vt 0.138567 0.280412
vt 0.134519 0.280412
vt 0.147217 0.285563
vt 0.143194 0.285563
vt 0.138567 0.285563
vt 0.134519 0.285563
vt 0.147217 0.290578
vt 0.143194 0.290578
vt 0.138567 0.290578
vt 0.134519 0.290578
vt 0.147217 0.295407
vt 0.143194 0.295407
vt 0.138567 0.295407
vt 0.134519 0.295407
vt 0.147217 0.235501
vt 0.147217 0.240315
vt 0.143194 0.240315
vt 0.143194 0.235501
vt 0.138567 0.240315
vt 0.138567 0.235501
vt 0.134519 0.240315
vt 0.134519 0.235501
vt 0.147217 0.245321
vt 0.143194 0.245321
vt 0.138567 0.245321
vt 0.134519 0.245321
vt 0.480034 0.361530
vt 0.478321 0.362521
vt 0.476342 0.362523
vt 0.474627 0.361534
vt 0.473636 0.359821
vt 0.473635 0.357842
vt 0.474623 0.356127
vt 0.476336 0.355136
vt 0.478316 0.355135
vt 0.480030 0.356123
vt 0.481021 0.357837
vt 0.481022 0.359816
vt 0.479043 0.365209
vt 0.482003 0.363497
vt 0.484159 0.365649
vt 0.479833 0.368151
vt 0.483711 0.360534
vt 0.486654 0.361321
vt 0.483709 0.357114
vt 0.486650 0.356324
vt 0.481997 0.354154
vt 0.484149 0.351999
vt 0.479034 0.352446
vt 0.479820 0.349504
vt 0.475614 0.352448
vt 0.474824 0.349507
vt 0.472654 0.354160
vt 0.470499 0.352008
vt 0.470946 0.357123
vt 0.468003 0.356337
vt 0.470948 0.360543
vt 0.468007 0.361334
vt 0.472660 0.363504
vt 0.470508 0.365659
vt 0.475623 0.365212
vt 0.474837 0.368154
vt 0.468930 0.285563
vt 0.468930 0.280412
vt 0.479488 0.280412
vt 0.479488 0.285563
vt 0.468930 0.275255
vt 0.479488 0.275255
vt 0.468930 0.270245
vt 0.479488 0.270245
vt 0.468930 0.265432
vt 0.479488 0.265432
vt 0.468930 0.250470
vt 0.468930 0.245321
vt 0.479488 0.245321
vt 0.479488 0.250470
vt 0.468930 0.255619
vt 0.479488 0.255619
vt 0.468930 0.260624
vt 0.479488 0.260624
vt 0.468930 0.240315
vt 0.479488 0.240315
vt 0.468930 0.235501
vt 0.479488 0.235501
vt 0.468930 0.295407
vt 0.468930 0.290579
vt 0.479488 0.290579
vt 0.479488 0.295407
vt 0.482041 0.250470
vt 0.482041 0.255619
vt 0.482041 0.260624
vt 0.482041 0.265432
vt 0.482041 0.270245
vt 0.482041 0.275255
vt 0.482041 0.280412
vt 0.482041 0.285563
vt 0.482041 0.290579
vt 0.482041 0.295407
vt 0.482041 0.235501
vt 0.482041 0.240315
vt 0.482041 0.245321
vt 0.436950 0.285563
vt 0.436950 0.290578
vt 0.447569 0.285563
vt 0.447569 0.290578
vt 0.458305 0.285563
vt 0.458305 0.290578
vt 0.436950 0.295407
vt 0.447569 0.295407
vt 0.458305 0.295407
vt 0.436950 0.235501
vt 0.436950 0.240315
vt 0.447569 0.235501
vt 0.447569 0.240315
vt 0.458305 0.235501
vt 0.458305 0.240315
vt 0.436950 0.255619
vt 0.436950 0.260624
vt 0.447569 0.255619
vt 0.447569 0.260624
vt 0.458305 0.255619
vt 0.458305 0.260624
vt 0.436950 0.245321
vt 0.447569 0.245321
vt 0.458305 0.245321
vt 0.436950 0.265432
vt 0.447569 0.265432
vt 0.458305 0.265432
vt 0.436950 0.250470
vt 0.447569 0.250470
vt 0.458305 0.250470
vt 0.436950 0.270245
vt 0.447569 0.270245
vt 0.458305 0.270245
vt 0.436950 0.275255
vt 0.447569 0.275255
vt 0.458305 0.275255
vt 0.436950 0.280412
vt 0.447569 0.280412
vt 0.458305 0.280412
vt 0.551517 0.245321
vt 0.558614 0.245321
vt 0.558614 0.250470
vt 0.551517 0.250470
vt 0.551517 0.240315
vt 0.558614 0.240315
vt 0.551517 0.235501
vt 0.558614 0.235501
vt 0.551517 0.290579
vt 0.558614 0.290579
vt 0.558614 0.295407
vt 0.551517 0.295407
vt 0.551517 0.285563
vt 0.558614 0.285563
vt 0.551517 0.280412
vt 0.558614 0.280412
vt 0.551517 0.275255
vt 0.558614 0.275255
vt 0.551517 0.270245
vt 0.558614 0.270245
vt 0.551517 0.265432
vt 0.558614 0.265432
vt 0.551517 0.260624
vt 0.558614 0.260624
vt 0.551517 0.255619
vt 0.558614 0.255619
vt 0.565143 0.245321
vt 0.565143 0.250470
vt 0.565143 0.240315
vt 0.565143 0.235501
vt 0.565143 0.290579
vt 0.565143 0.295407
vt 0.565143 0.285563
vt 0.565143 0.280412
vt 0.565143 0.275255
vt 0.565143 0.270245
vt 0.565143 0.265432
vt 0.565143 0.260624
vt 0.565143 0.255619
vt 0.571675 0.245321
vt 0.571675 0.250470
vt 0.571675 0.240315
vt 0.571675 0.235501
vt 0.571675 0.290579
vt 0.571675 0.295407
vt 0.571675 0.285563
vt 0.571675 0.280412
vt 0.571675 0.275255
vt 0.571675 0.270245
vt 0.571675 0.265432
vt 0.571675 0.260624
vt 0.571675 0.255619
vt 0.578649 0.245321
vt 0.578649 0.250470
vt 0.578649 0.240315
vt 0.578649 0.235501
vt 0.578649 0.290579
vt 0.578649 0.295407
vt 0.578649 0.285563
vt 0.578649 0.280412
vt 0.578649 0.275255
vt 0.578649 0.270245
vt 0.578649 0.265432
vt 0.578649 0.260624
vt 0.578649 0.255619
vt 0.586323 0.245321
vt 0.586323 0.250470
vt 0.586323 0.240315
vt 0.586323 0.235501
vt 0.586323 0.290579
vt 0.586323 0.295407
vt 0.586323 0.285563
vt 0.586323 0.280412
vt 0.586323 0.275255
vt 0.586323 0.270245
vt 0.586323 0.265432
vt 0.586323 0.260624
vt 0.586323 0.255619
vt 0.594804 0.245321
vt 0.594804 0.250470
vt 0.594804 0.240315
vt 0.594804 0.235501
vt 0.594804 0.290579
vt 0.594804 0.295407
vt 0.594804 0.285563
vt 0.594804 0.280412
vt 0.594804 0.275255
vt 0.594804 0.270245
vt 0.594804 0.265432
vt 0.594804 0.260624
vt 0.594804 0.255619
vt 0.604104 0.245321
vt 0.604104 0.250470
vt 0.604104 0.240315
vt 0.604104 0.235501
vt 0.604104 0.290579
vt 0.604104 0.295407
vt 0.604104 0.285563
vt 0.604104 0.280412
vt 0.604104 0.275255
vt 0.604104 0.270245
vt 0.604104 0.265432
vt 0.604104 0.260624
vt 0.604104 0.255619
vt 0.614173 0.245321
vt 0.614173 0.250470
vt 0.614173 0.240315
vt 0.614173 0.235501
vt 0.614173 0.290579
vt 0.614173 0.295407
vt 0.614173 0.285563
vt 0.614173 0.280412
vt 0.614173 0.275255
vt 0.614173 0.270245
vt 0.614173 0.265432
vt 0.614173 0.260624
vt 0.614173 0.255619
vt 0.624932 0.245321
vt 0.624932 0.250470
vt 0.624932 0.240315
vt 0.624932 0.235501
vt 0.624932 0.290579
vt 0.624932 0.295407
vt 0.624932 0.285563
vt 0.624932 0.280412
vt 0.624932 0.275255
vt 0.624932 0.270245
vt 0.624932 0.265432
vt 0.624932 0.260624
vt 0.624932 0.255619
vt 0.636279 0.245321
vt 0.636279 0.250470
vt 0.636279 0.240315
vt 0.636279 0.235501
vt 0.636279 0.290579
vt 0.636279 0.295407
vt 0.636279 0.285563
vt 0.636279 0.280412
vt 0.636279 0.275255
vt 0.636279 0.270245
vt 0.636279 0.265432
vt 0.636279 0.260624
vt 0.636279 0.255619
vt 0.648107 0.245321
vt 0.648107 0.250470
vt 0.648107 0.240315
vt 0.648107 0.235501
vt 0.648107 0.290579
vt 0.648107 0.295407
vt 0.648107 0.285563
vt 0.648107 0.280412
vt 0.648107 0.275255
vt 0.648107 0.270245
vt 0.648107 0.265432
vt 0.648107 0.260624
vt 0.648107 0.255619
vt 0.660300 0.245321
vt 0.660300 0.250470
vt 0.660300 0.240315
vt 0.660300 0.235501
vt 0.660300 0.290579
vt 0.660300 0.295407
vt 0.660300 0.285563
vt 0.660300 0.280412
vt 0.660300 0.275255
vt 0.660300 0.270245
vt 0.660300 0.265432
vt 0.660300 0.260624
vt 0.660300 0.255619
vt 0.670004 0.245321
vt 0.670004 0.250470
vt 0.670004 0.240315
vt 0.670004 0.235501
vt 0.670004 0.290579
vt 0.670004 0.295407
vt 0.670004 0.285563
vt 0.670004 0.280412
vt 0.670004 0.275255
vt 0.670004 0.270245
vt 0.670004 0.265432
vt 0.670004 0.260624
vt 0.670004 0.255619
vt 0.683380 0.245321
vt 0.683380 0.250470
vt 0.683380 0.240315
vt 0.683380 0.235501
vt 0.683380 0.290579
vt 0.683380 0.295407
vt 0.683380 0.285563
vt 0.683380 0.280412
vt 0.683380 0.275255
vt 0.683380 0.270245
vt 0.683380 0.265432
vt 0.683380 0.260624
vt 0.683380 0.255619
vt 0.699625 0.245321
vt 0.699625 0.250470
vt 0.699625 0.240315
vt 0.699625 0.235501
vt 0.699625 0.290579
vt 0.699625 0.295407
vt 0.699625 0.285563
vt 0.699625 0.280412
vt 0.699625 0.275255
vt 0.699625 0.270245
vt 0.699625 0.265432
vt 0.699625 0.260624
vt 0.699625 0.255619
vt 0.717932 0.245321
vt 0.717932 0.250470
vt 0.717932 0.240315
vt 0.717932 0.235501
vt 0.717932 0.290579
vt 0.717932 0.295407
vt 0.717932 0.285563
vt 0.717932 0.280412
vt 0.717932 0.275255
vt 0.717932 0.270245
vt 0.717932 0.265432
vt 0.717932 0.260624
vt 0.717932 0.255619
vt 0.737498 0.245321
vt 0.737498 0.250470
vt 0.737498 0.240315
vt 0.737498 0.235501
vt 0.737498 0.290579
vt 0.737498 0.295407
vt 0.737498 0.285563
vt 0.737498 0.280412
vt 0.737498 0.275255
vt 0.737498 0.270245
vt 0.737498 0.265432
vt 0.737498 0.260624
vt 0.737498 0.255619
vt 0.757521 0.245321
vt 0.757521 0.250470
vt 0.757521 0.240315
vt 0.757521 0.235501
vt 0.757521 0.290579
vt 0.757521 0.295407
vt 0.757521 0.285563
vt 0.757521 0.280412
vt 0.757521 0.275255
vt 0.757521 0.270245
vt 0.757521 0.265432
vt 0.757521 0.260624
vt 0.757521 0.255619
vt 0.777203 0.245321
vt 0.777203 0.250470
vt 0.777203 0.240315
vt 0.777203 0.235501
vt 0.777203 0.290579
vt 0.777203 0.295407
vt 0.777203 0.285563
vt 0.777203 0.280412
vt 0.777203 0.275255
vt 0.777203 0.270245
vt 0.777203 0.265432
vt 0.777203 0.260624
vt 0.777203 0.255619
vt 0.795753 0.245321
vt 0.795753 0.250470
vt 0.795753 0.240315
vt 0.795753 0.235501
vt 0.795753 0.290579
vt 0.795753 0.295407
vt 0.795753 0.285563
vt 0.795753 0.280412
vt 0.795753 0.275255
vt 0.795753 0.270245
vt 0.795753 0.265432
vt 0.795753 0.260624
vt 0.795753 0.255619
vt 0.812395 0.245321
vt 0.812395 0.250470
vt 0.812395 0.240315
vt 0.812395 0.235501
vt 0.812395 0.290579
vt 0.812395 0.295407
vt 0.812395 0.285563
vt 0.812395 0.280412
vt 0.812395 0.275255
vt 0.812395 0.270245
vt 0.812395 0.265432
vt 0.812395 0.260624
vt 0.812395 0.255619
vt 0.826381 0.245321
vt 0.826381 0.250470
vt 0.826381 0.240315
vt 0.826381 0.235501
vt 0.826381 0.290579
vt 0.826381 0.295407
vt 0.826381 0.285563
vt 0.826381 0.280412
vt 0.826381 0.275255
vt 0.826381 0.270245
vt 0.826381 0.265432
vt 0.826381 0.260624
vt 0.826381 0.255619
vt 0.854216 0.245321
vt 0.865253 0.245321
vt 0.865253 0.250470
vt 0.854216 0.250470
vt 0.854216 0.240315
vt 0.865253 0.240315
vt 0.854216 0.235501
vt 0.865253 0.235501
vt 0.854216 0.290579
vt 0.865253 0.290579
vt 0.865253 0.295407
vt 0.854216 0.295407
vt 0.854216 0.285563
vt 0.865253 0.285563
vt 0.854216 0.280412
vt 0.865253 0.280412
vt 0.854216 0.275255
vt 0.865253 0.275255
vt 0.854216 0.270245
vt 0.865253 0.270245
vt 0.854216 0.265432
vt 0.865253 0.265432
vt 0.854216 0.260624
vt 0.865253 0.260624
vt 0.854216 0.255619
vt 0.865253 0.255619
vt 0.877111 0.245321
vt 0.877111 0.250470
vt 0.877111 0.240315
vt 0.877111 0.235501
vt 0.877111 0.290579
vt 0.877111 0.295407
vt 0.877111 0.285563
vt 0.877111 0.280412
vt 0.877111 0.275255
vt 0.877111 0.270245
vt 0.877111 0.265432
vt 0.877111 0.260624
vt 0.877111 0.255619
vt 0.889704 0.245321
vt 0.889704 0.250470
vt 0.889704 0.240315
vt 0.889704 0.235501
vt 0.889704 0.290579
vt 0.889704 0.295407
vt 0.889704 0.285563
vt 0.889704 0.280412
vt 0.889704 0.275255
vt 0.889704 0.270245
vt 0.889704 0.265432
vt 0.889704 0.260624
vt 0.889704 0.255619
vt 0.902784 0.245321
vt 0.902784 0.250470
vt 0.902784 0.240315
vt 0.902784 0.235501
vt 0.902784 0.290579
vt 0.902784 0.295407
vt 0.902784 0.285563
vt 0.902784 0.280412
vt 0.902784 0.275255
vt 0.902784 0.270245
vt 0.902784 0.265432
vt 0.902784 0.260624
vt 0.902784 0.255619
vt 0.916011 0.245321
vt 0.916011 0.250470
vt 0.916011 0.240315
vt 0.916012 0.235501
vt 0.916011 0.290579
vt 0.916012 0.295407
vt 0.916011 0.285563
vt 0.916011 0.280412
vt 0.916011 0.275255
vt 0.916011 0.270245
vt 0.916011 0.265432
vt 0.916011 0.260624
vt 0.916011 0.255619
vt 0.928992 0.245321
vt 0.928993 0.250470
vt 0.928992 0.240315
vt 0.928992 0.235501
vt 0.928992 0.290579
vt 0.928992 0.295407
vt 0.928992 0.285563
vt 0.928992 0.280412
vt 0.928992 0.275255
vt 0.928992 0.270245
vt 0.928992 0.265432
vt 0.928992 0.260624
vt 0.928992 0.255619
vt 0.976356 0.270245
vt 0.976356 0.275255
vt 0.976356 0.280412
vt 0.976356 0.285563
vt 0.976356 0.255619
vt 0.976356 0.260624
vt 0.976356 0.290579
vt 0.976356 0.295407
vt 0.976356 0.265432
vt 0.976356 0.245321
vt 0.976356 0.250470
vt 0.976356 0.240315
vt 0.976356 0.235501
vt 0.843332 0.245321
vt 0.843332 0.250470
vt 0.839284 0.250470
vt 0.839284 0.245321
vt 0.834657 0.250470
vt 0.834657 0.245321
vt 0.830634 0.250470
vt 0.830634 0.245321
vt 0.830634 0.240315
vt 0.834657 0.240315
vt 0.839284 0.240315
vt 0.843332 0.240315
vt 0.830634 0.235501
vt 0.834657 0.235501
vt 0.839284 0.235501
vt 0.843332 0.235501
vt 0.830634 0.295407
vt 0.830634 0.290579
vt 0.834657 0.290579
vt 0.834657 0.295407
vt 0.839284 0.290579
vt 0.839284 0.295407
vt 0.843332 0.290579
vt 0.843332 0.295407
vt 0.830634 0.285563
vt 0.834657 0.285563
vt 0.839284 0.285563
vt 0.843332 0.285563
vt 0.830634 0.280412
vt 0.834657 0.280412
vt 0.839284 0.280412
vt 0.843332 0.280412
vt 0.830634 0.275255
vt 0.834657 0.275255
vt 0.839284 0.275255
vt 0.843332 0.275255
vt 0.830634 0.270245
vt 0.834657 0.270245
vt 0.839284 0.270245
vt 0.843332 0.270245
vt 0.830634 0.265432
vt 0.834657 0.265432
vt 0.839284 0.265432
vt 0.843332 0.265432
vt 0.830634 0.260624
vt 0.834657 0.260624
vt 0.839284 0.260624
vt 0.843332 0.260624
vt 0.830634 0.255619
vt 0.834657 0.255619
vt 0.839284 0.255619
vt 0.843332 0.255619
vt 0.964490 0.327135
vt 0.966469 0.327135
vt 0.968183 0.328124
vt 0.969172 0.329838
vt 0.969172 0.331817
vt 0.968183 0.333531
vt 0.966469 0.334521
vt 0.964490 0.334521
vt 0.962776 0.333531
vt 0.961786 0.331817
vt 0.961786 0.329838
vt 0.962776 0.328124
vt 0.967189 0.324446
vt 0.963769 0.324446
vt 0.962981 0.321504
vt 0.967977 0.321504
vt 0.960808 0.326156
vt 0.958654 0.324002
vt 0.959098 0.329118
vt 0.956156 0.328329
vt 0.959098 0.332538
vt 0.956156 0.333326
vt 0.960808 0.335499
vt 0.958654 0.337653
vt 0.963769 0.337209
vt 0.962981 0.340151
vt 0.967189 0.337209
vt 0.967977 0.340151
vt 0.970151 0.335499
vt 0.972304 0.337653
vt 0.971861 0.332538
vt 0.974803 0.333326
vt 0.971861 0.329118
vt 0.974803 0.328329
vt 0.970151 0.326156
vt 0.972304 0.324002
vt 0.508928 0.275255
vt 0.508928 0.280412
vt 0.498371 0.280412
vt 0.498371 0.275255
vt 0.508928 0.285563
vt 0.498371 0.285563
vt 0.508928 0.290579
vt 0.498371 0.290579
vt 0.508928 0.295407
vt 0.498371 0.295407
vt 0.508928 0.250470
vt 0.508928 0.255619
vt 0.498371 0.255619
vt 0.498371 0.250470
vt 0.508928 0.245321
vt 0.498371 0.245321
vt 0.508928 0.235501
vt 0.508928 0.240315
vt 0.498371 0.240315
vt 0.498371 0.235501
vt 0.508928 0.260624
vt 0.498371 0.260624
vt 0.508928 0.265432
vt 0.498371 0.265432
vt 0.508928 0.270245
vt 0.498371 0.270245
vt 0.495818 0.250470
vt 0.495818 0.245321
vt 0.495818 0.240315
vt 0.495818 0.235501
vt 0.495818 0.295407
vt 0.495818 0.290579
vt 0.495818 0.285563
vt 0.495818 0.280412
vt 0.495818 0.275255
vt 0.495818 0.270245
vt 0.495818 0.265432
vt 0.495818 0.260624
vt 0.495818 0.255619
vt 0.540898 0.275255
vt 0.540898 0.270245
vt 0.530279 0.275255
vt 0.530279 0.270245
vt 0.519548 0.275255
vt 0.519548 0.270245
vt 0.540898 0.265432
vt 0.530279 0.265432
vt 0.519548 0.265432
vt 0.540898 0.260624
vt 0.530279 0.260624
vt 0.519548 0.260624
vt 0.540898 0.245321
vt 0.540898 0.240315
vt 0.530279 0.245321
vt 0.530279 0.240315
vt 0.519548 0.245321
vt 0.519548 0.240315
vt 0.540898 0.255619
vt 0.530279 0.255619
vt 0.519548 0.255619
vt 0.540898 0.235501
vt 0.530279 0.235501
vt 0.519548 0.235501
vt 0.540898 0.250470
vt 0.530279 0.250470
vt 0.519548 0.250470
vt 0.540898 0.295407
vt 0.540898 0.290579
vt 0.530279 0.295407
vt 0.530279 0.290579
vt 0.519548 0.295407
vt 0.519548 0.290579
vt 0.540898 0.285563
vt 0.530279 0.285563
vt 0.519548 0.285563
vt 0.540898 0.280412
vt 0.530279 0.280412
vt 0.519548 0.280412
vt 0.486633 0.255619
vt 0.486633 0.260624
vt 0.486633 0.265432
vt 0.486633 0.270245
vt 0.486633 0.275255
vt 0.486633 0.280412
vt 0.486633 0.285563
vt 0.486633 0.290579
vt 0.486633 0.295407
vt 0.486633 0.235501
vt 0.486633 0.240315
vt 0.486633 0.245321
vt 0.486633 0.250470
vt 0.491226 0.255619
vt 0.491226 0.250470
vt 0.491226 0.245321
vt 0.491226 0.240315
vt 0.491226 0.235501
vt 0.491226 0.295407
vt 0.491226 0.290579
vt 0.491226 0.285563
vt 0.491226 0.280412
vt 0.491226 0.275255
vt 0.491226 0.270245
vt 0.491226 0.265432
vt 0.491226 0.260624
s 1
usemtl Guitar_Chair_Textures
f 3027/3542/853 3039/3543/854 3050/3544/855 3038/3545/856
f 3028/3546/857 3040/3547/858 3039/3543/854 3027/3542/853
f 3029/3548/859 3041/3549/860 3040/3547/858 3028/3546/857
f 3030/3550/861 3042/3551/862 3041/3552/860 3029/3553/859
f 3031/3554/863 3043/3555/864 3042/3551/862 3030/3550/861
f 3032/3556/865 3044/3557/866 3043/3555/864 3031/3554/863
f 3033/3558/867 3045/3559/868 3044/3557/866 3032/3556/865
f 3034/3560/869 3046/3561/870 3045/3559/868 3033/3558/867
f 3035/3562/871 3047/3563/872 3046/3561/870 3034/3560/869
f 3036/3564/873 3048/3565/874 3047/3563/872 3035/3562/871
f 3037/3566/875 3049/3567/876 3048/3565/874 3036/3564/873
f 3038/3545/856 3050/3544/855 3049/3567/876 3037/3566/875
f 3039/3543/854 3051/3568/877 3062/3569/878 3050/3544/855
f 3040/3547/858 3052/3570/879 3051/3568/877 3039/3543/854
f 3041/3549/860 3053/3571/880 3052/3570/879 3040/3547/858
f 3042/3551/862 3054/3572/881 3053/3573/880 3041/3552/860
f 3043/3555/864 3055/3574/882 3054/3572/881 3042/3551/862
f 3044/3557/866 3056/3575/883 3055/3574/882 3043/3555/864
f 3045/3559/868 3057/3576/884 3056/3575/883 3044/3557/866
f 3046/3561/870 3058/3577/885 3057/3576/884 3045/3559/868
f 3047/3563/872 3059/3578/886 3058/3577/885 3046/3561/870
f 3048/3565/874 3060/3579/887 3059/3578/886 3047/3563/872
f 3049/3567/876 3061/3580/888 3060/3579/887 3048/3565/874
f 3050/3544/855 3062/3569/878 3061/3580/888 3049/3567/876
f 3051/3568/877 3063/3581/889 3074/3582/890 3062/3569/878
f 3052/3570/879 3064/3583/891 3063/3581/889 3051/3568/877
f 3053/3571/880 3065/3584/892 3064/3583/891 3052/3570/879
f 3054/3572/881 3066/3585/893 3065/3586/892 3053/3573/880
f 3055/3574/882 3067/3587/894 3066/3585/893 3054/3572/881
f 3056/3575/883 3068/3588/895 3067/3587/894 3055/3574/882
f 3057/3576/884 3069/3589/896 3068/3588/895 3056/3575/883
f 3058/3577/885 3070/3590/897 3069/3589/896 3057/3576/884
f 3059/3578/886 3071/3591/898 3070/3590/897 3058/3577/885
f 3060/3579/887 3072/3592/899 3071/3591/898 3059/3578/886
f 3061/3580/888 3073/3593/900 3072/3592/899 3060/3579/887
f 3062/3569/878 3074/3582/890 3073/3593/900 3061/3580/888
f 3063/3581/889 3075/3594/901 3086/3595/902 3074/3582/890
f 3064/3583/891 3076/3596/903 3075/3594/901 3063/3581/889
f 3065/3584/892 3077/3597/904 3076/3596/903 3064/3583/891
f 3066/3585/893 3078/3598/905 3077/3599/904 3065/3586/892
f 3067/3587/894 3079/3600/906 3078/3598/905 3066/3585/893
f 3068/3588/895 3080/3601/907 3079/3600/906 3067/3587/894
f 3069/3589/896 3081/3602/908 3080/3601/907 3068/3588/895
f 3070/3590/897 3082/3603/909 3081/3602/908 3069/3589/896
f 3071/3591/898 3083/3604/910 3082/3603/909 3070/3590/897
f 3072/3592/899 3084/3605/911 3083/3604/910 3071/3591/898
f 3073/3593/900 3085/3606/912 3084/3605/911 3072/3592/899
f 3074/3582/890 3086/3595/902 3085/3606/912 3073/3593/900
f 3075/3594/901 3087/3607/913 3098/3608/914 3086/3595/902
f 3076/3596/903 3088/3609/915 3087/3607/913 3075/3594/901
f 3077/3597/904 3089/3610/916 3088/3609/915 3076/3596/903
f 3078/3598/905 3090/3611/917 3089/3612/916 3077/3599/904
f 3079/3600/906 3091/3613/918 3090/3611/917 3078/3598/905
f 3080/3601/907 3092/3614/919 3091/3613/918 3079/3600/906
f 3081/3602/908 3093/3615/920 3092/3614/919 3080/3601/907
f 3082/3603/909 3094/3616/921 3093/3615/920 3081/3602/908
f 3083/3604/910 3095/3617/922 3094/3616/921 3082/3603/909
f 3084/3605/911 3096/3618/923 3095/3617/922 3083/3604/910
f 3085/3606/912 3097/3619/924 3096/3618/923 3084/3605/911
f 3086/3595/902 3098/3608/914 3097/3619/924 3085/3606/912
f 3087/3607/913 3099/3620/925 3110/3621/926 3098/3608/914
f 3088/3609/915 3100/3622/927 3099/3620/925 3087/3607/913
f 3089/3610/916 3101/3623/928 3100/3622/927 3088/3609/915
f 3090/3611/917 3102/3624/929 3101/3625/928 3089/3612/916
f 3091/3613/918 3103/3626/930 3102/3624/929 3090/3611/917
f 3092/3614/919 3104/3627/931 3103/3626/930 3091/3613/918
f 3093/3615/920 3105/3628/932 3104/3627/931 3092/3614/919
f 3094/3616/921 3106/3629/933 3105/3628/932 3093/3615/920
f 3095/3617/922 3107/3630/934 3106/3629/933 3094/3616/921
f 3096/3618/923 3108/3631/935 3107/3630/934 3095/3617/922
f 3097/3619/924 3109/3632/936 3108/3631/935 3096/3618/923
f 3098/3608/914 3110/3621/926 3109/3632/936 3097/3619/924
f 3099/3620/925 3111/3633/937 3122/3634/938 3110/3621/926
f 3100/3622/927 3112/3635/939 3111/3633/937 3099/3620/925
f 3101/3623/928 3113/3636/940 3112/3635/939 3100/3622/927
f 3102/3624/929 3114/3637/941 3113/3638/940 3101/3625/928
f 3103/3626/930 3115/3639/942 3114/3637/941 3102/3624/929
f 3104/3627/931 3116/3640/943 3115/3639/942 3103/3626/930
f 3105/3628/932 3117/3641/944 3116/3640/943 3104/3627/931
f 3106/3629/933 3118/3642/945 3117/3641/944 3105/3628/932
f 3107/3630/934 3119/3643/946 3118/3642/945 3106/3629/933
f 3108/3631/935 3120/3644/947 3119/3643/946 3107/3630/934
f 3109/3632/936 3121/3645/948 3120/3644/947 3108/3631/935
f 3110/3621/926 3122/3634/938 3121/3645/948 3109/3632/936
f 3111/3633/937 3123/3646/949 3134/3647/950 3122/3634/938
f 3112/3635/939 3124/3648/951 3123/3646/949 3111/3633/937
f 3113/3636/940 3125/3649/952 3124/3648/951 3112/3635/939
f 3114/3637/941 3126/3650/953 3125/3651/952 3113/3638/940
f 3115/3639/942 3127/3652/954 3126/3650/953 3114/3637/941
f 3116/3640/943 3128/3653/955 3127/3652/954 3115/3639/942
f 3117/3641/944 3129/3654/956 3128/3653/955 3116/3640/943
f 3118/3642/945 3130/3655/957 3129/3654/956 3117/3641/944
f 3119/3643/946 3131/3656/958 3130/3655/957 3118/3642/945
f 3120/3644/947 3132/3657/959 3131/3656/958 3119/3643/946
f 3121/3645/948 3133/3658/960 3132/3657/959 3120/3644/947
f 3122/3634/938 3134/3647/950 3133/3658/960 3121/3645/948
f 3123/3646/949 3135/3659/961 3146/3660/962 3134/3647/950
f 3124/3648/951 3136/3661/963 3135/3659/961 3123/3646/949
f 3125/3649/952 3137/3662/964 3136/3661/963 3124/3648/951
f 3126/3650/953 3138/3663/965 3137/3664/964 3125/3651/952
f 3127/3652/954 3139/3665/966 3138/3663/965 3126/3650/953
f 3128/3653/955 3140/3666/967 3139/3665/966 3127/3652/954
f 3129/3654/956 3141/3667/968 3140/3666/967 3128/3653/955
f 3130/3655/957 3142/3668/969 3141/3667/968 3129/3654/956
f 3131/3656/958 3143/3669/970 3142/3668/969 3130/3655/957
f 3132/3657/959 3144/3670/971 3143/3669/970 3131/3656/958
f 3133/3658/960 3145/3671/972 3144/3670/971 3132/3657/959
f 3134/3647/950 3146/3660/962 3145/3671/972 3133/3658/960
f 3135/3659/961 3147/3672/973 3158/3673/974 3146/3660/962
f 3136/3661/963 3148/3674/975 3147/3672/973 3135/3659/961
f 3137/3662/964 3149/3675/976 3148/3674/975 3136/3661/963
f 3138/3663/965 3150/3676/977 3149/3677/976 3137/3664/964
f 3139/3665/966 3151/3678/978 3150/3676/977 3138/3663/965
f 3140/3666/967 3152/3679/979 3151/3678/978 3139/3665/966
f 3141/3667/968 3153/3680/980 3152/3679/979 3140/3666/967
f 3142/3668/969 3154/3681/981 3153/3680/980 3141/3667/968
f 3143/3669/970 3155/3682/982 3154/3681/981 3142/3668/969
f 3144/3670/971 3156/3683/983 3155/3682/982 3143/3669/970
f 3145/3671/972 3157/3684/984 3156/3683/983 3144/3670/971
f 3146/3660/962 3158/3673/974 3157/3684/984 3145/3671/972
f 3147/3672/973 3159/3685/985 3170/3686/986 3158/3673/974
f 3148/3674/975 3160/3687/987 3159/3685/985 3147/3672/973
f 3149/3675/976 3161/3688/988 3160/3687/987 3148/3674/975
f 3150/3676/977 3162/3689/989 3161/3690/988 3149/3677/976
f 3151/3678/978 3163/3691/990 3162/3689/989 3150/3676/977
f 3152/3679/979 3164/3692/991 3163/3691/990 3151/3678/978
f 3153/3680/980 3165/3693/992 3164/3692/991 3152/3679/979
f 3154/3681/981 3166/3694/993 3165/3693/992 3153/3680/980
f 3155/3682/982 3167/3695/994 3166/3694/993 3154/3681/981
f 3156/3683/983 3168/3696/995 3167/3695/994 3155/3682/982
f 3157/3684/984 3169/3697/996 3168/3696/995 3156/3683/983
f 3158/3673/974 3170/3686/986 3169/3697/996 3157/3684/984
f 3159/3685/985 3171/3698/997 3182/3699/998 3170/3686/986
f 3160/3687/987 3172/3700/999 3171/3698/997 3159/3685/985
f 3161/3688/988 3173/3701/1000 3172/3700/999 3160/3687/987
f 3162/3689/989 3174/3702/1001 3173/3703/1000 3161/3690/988
f 3163/3691/990 3175/3704/1002 3174/3702/1001 3162/3689/989
f 3164/3692/991 3176/3705/1003 3175/3704/1002 3163/3691/990
f 3165/3693/992 3177/3706/1004 3176/3705/1003 3164/3692/991
f 3166/3694/993 3178/3707/1005 3177/3706/1004 3165/3693/992
f 3167/3695/994 3179/3708/1006 3178/3707/1005 3166/3694/993
f 3168/3696/995 3180/3709/1007 3179/3708/1006 3167/3695/994
f 3169/3697/996 3181/3710/1008 3180/3709/1007 3168/3696/995
f 3170/3686/986 3182/3699/998 3181/3710/1008 3169/3697/996
f 3171/3698/997 3183/3711/1009 3194/3712/1010 3182/3699/998
f 3172/3700/999 3184/3713/1011 3183/3711/1009 3171/3698/997
f 3173/3701/1000 3185/3714/976 3184/3713/1011 3172/3700/999
f 3174/3702/1001 3186/3715/1012 3185/3716/976 3173/3703/1000
f 3175/3704/1002 3187/3717/1013 3186/3715/1012 3174/3702/1001
f 3176/3705/1003 3188/3718/1014 3187/3717/1013 3175/3704/1002
f 3177/3706/1004 3189/3719/1015 3188/3718/1014 3176/3705/1003
f 3178/3707/1005 3190/3720/1016 3189/3719/1015 3177/3706/1004
f 3179/3708/1006 3191/3721/982 3190/3720/1016 3178/3707/1005
f 3180/3709/1007 3192/3722/1017 3191/3721/982 3179/3708/1006
f 3181/3710/1008 3193/3723/1018 3192/3722/1017 3180/3709/1007
f 3182/3699/998 3194/3712/1010 3193/3723/1018 3181/3710/1008
f 3183/3711/1009 3195/3724/1019 3206/3725/1020 3194/3712/1010
f 3184/3713/1011 3196/3726/1021 3195/3724/1019 3183/3711/1009
f 3185/3714/976 3197/3727/1022 3196/3726/1021 3184/3713/1011
f 3186/3715/1012 3198/3728/1023 3197/3729/1022 3185/3716/976
f 3187/3717/1013 3199/3730/1024 3198/3728/1023 3186/3715/1012
f 3188/3718/1014 3200/3731/1025 3199/3730/1024 3187/3717/1013
f 3189/3719/1015 3201/3732/1026 3200/3731/1025 3188/3718/1014
f 3190/3720/1016 3202/3733/1027 3201/3732/1026 3189/3719/1015
f 3191/3721/982 3203/3734/1028 3202/3733/1027 3190/3720/1016
f 3192/3722/1017 3204/3735/1029 3203/3734/1028 3191/3721/982
f 3193/3723/1018 3205/3736/1030 3204/3735/1029 3192/3722/1017
f 3194/3712/1010 3206/3725/1020 3205/3736/1030 3193/3723/1018
f 3195/3724/1019 3207/3737/1031 3218/3738/1032 3206/3725/1020
f 3196/3726/1021 3208/3739/1033 3207/3737/1031 3195/3724/1019
f 3197/3727/1022 3209/3740/1034 3208/3739/1033 3196/3726/1021
f 3198/3728/1023 3210/3741/1035 3209/3742/1034 3197/3729/1022
f 3199/3730/1024 3211/3743/1036 3210/3741/1035 3198/3728/1023
f 3200/3731/1025 3212/3744/1037 3211/3743/1036 3199/3730/1024
f 3201/3732/1026 3213/3745/1038 3212/3744/1037 3200/3731/1025
f 3202/3733/1027 3214/3746/1039 3213/3745/1038 3201/3732/1026
f 3203/3734/1028 3215/3747/1040 3214/3746/1039 3202/3733/1027
f 3204/3735/1029 3216/3748/1041 3215/3747/1040 3203/3734/1028
f 3205/3736/1030 3217/3749/1042 3216/3748/1041 3204/3735/1029
f 3206/3725/1020 3218/3738/1032 3217/3749/1042 3205/3736/1030
f 3207/3737/1031 3219/3750/1043 3230/3751/1044 3218/3738/1032
f 3208/3739/1033 3220/3752/1045 3219/3750/1043 3207/3737/1031
f 3209/3740/1034 3221/3753/1046 3220/3752/1045 3208/3739/1033
f 3210/3741/1035 3222/3754/1047 3221/3755/1046 3209/3742/1034
f 3211/3743/1036 3223/3756/1048 3222/3754/1047 3210/3741/1035
f 3212/3744/1037 3224/3757/1049 3223/3756/1048 3211/3743/1036
f 3213/3745/1038 3225/3758/1050 3224/3757/1049 3212/3744/1037
f 3214/3746/1039 3226/3759/1051 3225/3758/1050 3213/3745/1038
f 3215/3747/1040 3227/3760/1052 3226/3759/1051 3214/3746/1039
f 3216/3748/1041 3228/3761/1053 3227/3760/1052 3215/3747/1040
f 3217/3749/1042 3229/3762/1054 3228/3761/1053 3216/3748/1041
f 3218/3738/1032 3230/3751/1044 3229/3762/1054 3217/3749/1042
f 3219/3750/1043 3231/3763/1055 3242/3764/1056 3230/3751/1044
f 3220/3752/1045 3232/3765/1057 3231/3763/1055 3219/3750/1043
f 3221/3753/1046 3233/3766/1058 3232/3765/1057 3220/3752/1045
f 3222/3754/1047 3234/3767/1059 3233/3768/1058 3221/3755/1046
f 3223/3756/1048 3235/3769/1060 3234/3767/1059 3222/3754/1047
f 3224/3757/1049 3236/3770/1061 3235/3769/1060 3223/3756/1048
f 3225/3758/1050 3237/3771/1062 3236/3770/1061 3224/3757/1049
f 3226/3759/1051 3238/3772/1063 3237/3771/1062 3225/3758/1050
f 3227/3760/1052 3239/3773/1064 3238/3772/1063 3226/3759/1051
f 3228/3761/1053 3240/3774/1065 3239/3773/1064 3227/3760/1052
f 3229/3762/1054 3241/3775/1066 3240/3774/1065 3228/3761/1053
f 3230/3751/1044 3242/3764/1056 3241/3775/1066 3229/3762/1054
f 3231/3763/1055 3243/3776/1067 3254/3777/1068 3242/3764/1056
f 3232/3765/1057 3244/3778/1069 3243/3776/1067 3231/3763/1055
f 3233/3766/1058 3245/3779/1070 3244/3778/1069 3232/3765/1057
f 3234/3767/1059 3246/3780/1071 3245/3781/1070 3233/3768/1058
f 3235/3769/1060 3247/3782/1072 3246/3780/1071 3234/3767/1059
f 3236/3770/1061 3248/3783/1073 3247/3782/1072 3235/3769/1060
f 3237/3771/1062 3249/3784/1074 3248/3783/1073 3236/3770/1061
f 3238/3772/1063 3250/3785/1075 3249/3784/1074 3237/3771/1062
f 3239/3773/1064 3251/3786/1076 3250/3785/1075 3238/3772/1063
f 3240/3774/1065 3252/3787/1077 3251/3786/1076 3239/3773/1064
f 3241/3775/1066 3253/3788/1078 3252/3787/1077 3240/3774/1065
f 3242/3764/1056 3254/3777/1068 3253/3788/1078 3241/3775/1066
f 3243/3776/1067 3255/3789/1079 3266/3790/1080 3254/3777/1068
f 3244/3778/1069 3256/3791/1081 3255/3789/1079 3243/3776/1067
f 3245/3779/1070 3257/3792/1082 3256/3791/1081 3244/3778/1069
f 3246/3780/1071 3258/3793/1083 3257/3794/1082 3245/3781/1070
f 3247/3782/1072 3259/3795/1084 3258/3793/1083 3246/3780/1071
f 3248/3783/1073 3260/3796/1085 3259/3795/1084 3247/3782/1072
f 3249/3784/1074 3261/3797/1086 3260/3796/1085 3248/3783/1073
f 3250/3785/1075 3262/3798/1087 3261/3797/1086 3249/3784/1074
f 3251/3786/1076 3263/3799/1088 3262/3798/1087 3250/3785/1075
f 3252/3787/1077 3264/3800/1089 3263/3799/1088 3251/3786/1076
f 3253/3788/1078 3265/3801/1090 3264/3800/1089 3252/3787/1077
f 3254/3777/1068 3266/3790/1080 3265/3801/1090 3253/3788/1078
f 3255/3789/1079 3267/3802/1091 3278/3803/1092 3266/3790/1080
f 3256/3791/1081 3268/3804/1093 3267/3802/1091 3255/3789/1079
f 3257/3792/1082 3269/3805/1094 3268/3804/1093 3256/3791/1081
f 3258/3793/1083 3270/3806/1095 3269/3807/1094 3257/3794/1082
f 3259/3795/1084 3271/3808/1096 3270/3806/1095 3258/3793/1083
f 3260/3796/1085 3272/3809/1097 3271/3808/1096 3259/3795/1084
f 3261/3797/1086 3273/3810/1098 3272/3809/1097 3260/3796/1085
f 3262/3798/1087 3274/3811/1099 3273/3810/1098 3261/3797/1086
f 3263/3799/1088 3275/3812/1100 3274/3811/1099 3262/3798/1087
f 3264/3800/1089 3276/3813/1101 3275/3812/1100 3263/3799/1088
f 3265/3801/1090 3277/3814/1102 3276/3813/1101 3264/3800/1089
f 3266/3790/1080 3278/3803/1092 3277/3814/1102 3265/3801/1090
f 3267/3802/1091 3279/3815/1103 3290/3816/1104 3278/3803/1092
f 3268/3804/1093 3280/3817/1105 3279/3815/1103 3267/3802/1091
f 3269/3805/1094 3281/3818/1106 3280/3817/1105 3268/3804/1093
f 3270/3806/1095 3282/3819/1107 3281/3820/1106 3269/3807/1094
f 3271/3808/1096 3283/3821/1108 3282/3819/1107 3270/3806/1095
f 3272/3809/1097 3284/3822/1109 3283/3821/1108 3271/3808/1096
f 3273/3810/1098 3285/3823/1110 3284/3822/1109 3272/3809/1097
f 3274/3811/1099 3286/3824/1111 3285/3823/1110 3273/3810/1098
f 3275/3812/1100 3287/3825/1112 3286/3824/1111 3274/3811/1099
f 3276/3813/1101 3288/3826/1113 3287/3825/1112 3275/3812/1100
f 3277/3814/1102 3289/3827/1114 3288/3826/1113 3276/3813/1101
f 3278/3803/1092 3290/3816/1104 3289/3827/1114 3277/3814/1102
f 3279/3815/1103 3291/3828/1115 3302/3829/1116 3290/3816/1104
f 3280/3817/1105 3292/3830/1117 3291/3828/1115 3279/3815/1103
f 3281/3818/1106 3293/3831/1118 3292/3830/1117 3280/3817/1105
f 3282/3819/1107 3294/3832/1119 3293/3833/1118 3281/3820/1106
f 3283/3821/1108 3295/3834/1120 3294/3832/1119 3282/3819/1107
f 3284/3822/1109 3296/3835/1121 3295/3834/1120 3283/3821/1108
f 3285/3823/1110 3297/3836/1122 3296/3835/1121 3284/3822/1109
f 3286/3824/1111 3298/3837/1123 3297/3836/1122 3285/3823/1110
f 3287/3825/1112 3299/3838/1124 3298/3837/1123 3286/3824/1111
f 3288/3826/1113 3300/3839/1125 3299/3838/1124 3287/3825/1112
f 3289/3827/1114 3301/3840/1126 3300/3839/1125 3288/3826/1113
f 3290/3816/1104 3302/3829/1116 3301/3840/1126 3289/3827/1114
f 3303/3841/1127 3315/3842/1128 3326/3843/1129 3314/3844/1130
f 3304/3845/1131 3316/3846/1132 3315/3842/1128 3303/3841/1127
f 3305/3847/1133 3317/3848/1134 3316/3846/1132 3304/3845/1131
f 3306/3849/1135 3318/3850/1136 3317/3851/1134 3305/3852/1133
f 3307/3853/1137 3319/3854/1138 3318/3850/1136 3306/3849/1135
f 3308/3855/1139 3320/3856/1140 3319/3854/1138 3307/3853/1137
f 3309/3857/1141 3321/3858/1142 3320/3856/1140 3308/3855/1139
f 3310/3859/1143 3322/3860/1144 3321/3858/1142 3309/3857/1141
f 3311/3861/1145 3323/3862/1146 3322/3860/1144 3310/3859/1143
f 3312/3863/1147 3324/3864/1148 3323/3862/1146 3311/3861/1145
f 3313/3865/1149 3325/3866/1150 3324/3864/1148 3312/3863/1147
f 3314/3844/1130 3326/3843/1129 3325/3866/1150 3313/3865/1149
f 3315/3842/1128 3327/3867/1151 3338/3868/1152 3326/3843/1129
f 3316/3846/1132 3328/3869/1153 3327/3867/1151 3315/3842/1128
f 3317/3848/1134 3329/3870/1154 3328/3869/1153 3316/3846/1132
f 3318/3850/1136 3330/3871/1155 3329/3872/1154 3317/3851/1134
f 3319/3854/1138 3331/3873/1156 3330/3871/1155 3318/3850/1136
f 3320/3856/1140 3332/3874/1157 3331/3873/1156 3319/3854/1138
f 3321/3858/1142 3333/3875/1158 3332/3874/1157 3320/3856/1140
f 3322/3860/1144 3334/3876/1159 3333/3875/1158 3321/3858/1142
f 3323/3862/1146 3335/3877/1160 3334/3876/1159 3322/3860/1144
f 3324/3864/1148 3336/3878/1161 3335/3877/1160 3323/3862/1146
f 3325/3866/1150 3337/3879/1162 3336/3878/1161 3324/3864/1148
f 3326/3843/1129 3338/3868/1152 3337/3879/1162 3325/3866/1150
f 3327/3867/1151 3339/3880/1163 3350/3881/1164 3338/3868/1152
f 3328/3869/1153 3340/3882/1165 3339/3880/1163 3327/3867/1151
f 3329/3870/1154 3341/3883/1166 3340/3882/1165 3328/3869/1153
f 3330/3871/1155 3342/3884/1167 3341/3885/1166 3329/3872/1154
f 3331/3873/1156 3343/3886/1168 3342/3884/1167 3330/3871/1155
f 3332/3874/1157 3344/3887/1169 3343/3886/1168 3331/3873/1156
f 3333/3875/1158 3345/3888/1170 3344/3887/1169 3332/3874/1157
f 3334/3876/1159 3346/3889/1171 3345/3888/1170 3333/3875/1158
f 3335/3877/1160 3347/3890/1172 3346/3889/1171 3334/3876/1159
f 3336/3878/1161 3348/3891/1173 3347/3890/1172 3335/3877/1160
f 3337/3879/1162 3349/3892/1174 3348/3891/1173 3336/3878/1161
f 3338/3868/1152 3350/3881/1164 3349/3892/1174 3337/3879/1162
f 3339/3880/1163 3351/3893/1175 3362/3894/1176 3350/3881/1164
f 3340/3882/1165 3352/3895/1177 3351/3893/1175 3339/3880/1163
f 3341/3883/1166 3353/3896/1178 3352/3895/1177 3340/3882/1165
f 3342/3884/1167 3354/3897/1179 3353/3898/1178 3341/3885/1166
f 3343/3886/1168 3355/3899/1180 3354/3897/1179 3342/3884/1167
f 3344/3887/1169 3356/3900/1181 3355/3899/1180 3343/3886/1168
f 3345/3888/1170 3357/3901/1182 3356/3900/1181 3344/3887/1169
f 3346/3889/1171 3358/3902/1183 3357/3901/1182 3345/3888/1170
f 3347/3890/1172 3359/3903/1184 3358/3902/1183 3346/3889/1171
f 3348/3891/1173 3360/3904/1185 3359/3903/1184 3347/3890/1172
f 3349/3892/1174 3361/3905/1186 3360/3904/1185 3348/3891/1173
f 3350/3881/1164 3362/3894/1176 3361/3905/1186 3349/3892/1174
f 3351/3893/1175 3363/3906/1187 3374/3907/1188 3362/3894/1176
f 3352/3895/1177 3364/3908/1189 3363/3906/1187 3351/3893/1175
f 3353/3896/1178 3365/3909/1190 3364/3908/1189 3352/3895/1177
f 3354/3897/1179 3366/3910/1191 3365/3911/1190 3353/3898/1178
f 3355/3899/1180 3367/3912/1192 3366/3910/1191 3354/3897/1179
f 3356/3900/1181 3368/3913/1193 3367/3912/1192 3355/3899/1180
f 3357/3901/1182 3369/3914/1194 3368/3913/1193 3356/3900/1181
f 3358/3902/1183 3370/3915/1195 3369/3914/1194 3357/3901/1182
f 3359/3903/1184 3371/3916/1196 3370/3915/1195 3358/3902/1183
f 3360/3904/1185 3372/3917/1197 3371/3916/1196 3359/3903/1184
f 3361/3905/1186 3373/3918/1198 3372/3917/1197 3360/3904/1185
f 3362/3894/1176 3374/3907/1188 3373/3918/1198 3361/3905/1186
f 3363/3906/1187 3375/3919/1199 3386/3920/1200 3374/3907/1188
f 3364/3908/1189 3376/3921/1201 3375/3919/1199 3363/3906/1187
f 3365/3909/1190 3377/3922/1202 3376/3921/1201 3364/3908/1189
f 3366/3910/1191 3378/3923/1203 3377/3924/1202 3365/3911/1190
f 3367/3912/1192 3379/3925/1204 3378/3923/1203 3366/3910/1191
f 3368/3913/1193 3380/3926/1205 3379/3925/1204 3367/3912/1192
f 3369/3914/1194 3381/3927/1206 3380/3926/1205 3368/3913/1193
f 3370/3915/1195 3382/3928/1207 3381/3927/1206 3369/3914/1194
f 3371/3916/1196 3383/3929/1208 3382/3928/1207 3370/3915/1195
f 3372/3917/1197 3384/3930/1209 3383/3929/1208 3371/3916/1196
f 3373/3918/1198 3385/3931/1210 3384/3930/1209 3372/3917/1197
f 3374/3907/1188 3386/3920/1200 3385/3931/1210 3373/3918/1198
f 3381/3927/1206 3382/3928/1207 3451/3932/1211 3452/3933/1212
f 3379/3925/1204 3380/3926/1205 3453/3934/1213 3454/3935/1214
f 3384/3930/1209 3385/3931/1210 3447/3936/1215 3449/3937/1216
f 3377/3924/1202 3378/3923/1203 3455/3938/1217 3456/3939/1218
f 3382/3928/1207 3383/3929/1208 3450/3940/1219 3451/3932/1211
f 3386/3920/1200 3375/3919/1199 3458/3941/1220 3448/3942/1221
f 3375/3919/1199 3376/3921/1201 3457/3943/1222 3458/3941/1220
f 3380/3926/1205 3381/3927/1206 3452/3933/1212 3453/3934/1213
f 3378/3923/1203 3379/3925/1204 3454/3935/1214 3455/3938/1217
f 3383/3929/1208 3384/3930/1209 3449/3937/1216 3450/3940/1219
f 3376/3921/1201 3377/3922/1202 3456/3944/1218 3457/3943/1222
f 3385/3931/1210 3386/3920/1200 3448/3942/1221 3447/3936/1215
f 3400/3945/1223 3443/3946/1224 3445/3947/1225 3402/3948/1226
f 3402/3948/1226 3445/3947/1225 3446/3949/1227 3401/3950/1228
f 3401/3950/1228 3446/3949/1227 3444/3951/1229 3399/3952/1230
f 3399/3952/1230 3403/3953/1231 3405/3954/1232 3401/3950/1228
f 3401/3950/1228 3405/3954/1232 3406/3955/1233 3402/3948/1226
f 3402/3948/1226 3406/3955/1233 3404/3956/1234 3400/3945/1223
f 3403/3953/1231 3407/3957/1235 3409/3958/1236 3405/3954/1232
f 3405/3954/1232 3409/3958/1236 3410/3959/1237 3406/3955/1233
f 3406/3955/1233 3410/3959/1237 3408/3960/1238 3404/3956/1234
f 3407/3961/1235 3411/3962/1239 3413/3963/1240 3409/3964/1236
f 3409/3964/1236 3413/3963/1240 3414/3965/1241 3410/3966/1237
f 3410/3966/1237 3414/3965/1241 3412/3967/1242 3408/3968/1238
f 3411/3962/1239 3415/3969/1243 3417/3970/1244 3413/3963/1240
f 3413/3963/1240 3417/3970/1244 3418/3971/1245 3414/3965/1241
f 3414/3965/1241 3418/3971/1245 3416/3972/1246 3412/3967/1242
f 3415/3969/1243 3419/3973/1247 3421/3974/1248 3417/3970/1244
f 3417/3970/1244 3421/3974/1248 3422/3975/1249 3418/3971/1245
f 3418/3971/1245 3422/3975/1249 3420/3976/1250 3416/3972/1246
f 3419/3973/1247 3423/3977/1251 3425/3978/1252 3421/3974/1248
f 3421/3974/1248 3425/3978/1252 3426/3979/1253 3422/3975/1249
f 3422/3975/1249 3426/3979/1253 3424/3980/1254 3420/3976/1250
f 3423/3977/1251 3427/3981/1255 3429/3982/1256 3425/3978/1252
f 3425/3978/1252 3429/3982/1256 3430/3983/1257 3426/3979/1253
f 3426/3979/1253 3430/3983/1257 3428/3984/1258 3424/3980/1254
f 3427/3981/1255 3431/3985/1259 3433/3986/1260 3429/3982/1256
f 3429/3982/1256 3433/3986/1260 3434/3987/1261 3430/3983/1257
f 3430/3983/1257 3434/3987/1261 3432/3988/1262 3428/3984/1258
f 3431/3985/1259 3435/3989/1263 3437/3990/1264 3433/3986/1260
f 3433/3986/1260 3437/3990/1264 3438/3991/1265 3434/3987/1261
f 3434/3987/1261 3438/3991/1265 3436/3992/1266 3432/3988/1262
f 3435/3989/1263 3439/3993/1267 3441/3994/1268 3437/3990/1264
f 3437/3990/1264 3441/3994/1268 3442/3995/1269 3438/3991/1265
f 3438/3991/1265 3442/3995/1269 3440/3996/1270 3436/3992/1266
f 3439/3993/1267 3444/3951/1229 3446/3949/1227 3441/3994/1268
f 3441/3994/1268 3446/3949/1227 3445/3947/1225 3442/3995/1269
f 3442/3995/1269 3445/3947/1225 3443/3946/1224 3440/3996/1270
f 3292/3830/1117 3403/3953/1231 3399/3952/1230 3291/3828/1115
f 3291/3828/1115 3399/3952/1230 3444/3951/1229 3302/3829/1116
f 3404/3956/1234 3304/3845/1131 3303/3841/1127 3400/3945/1223
f 3400/3945/1223 3303/3841/1127 3314/3844/1130 3443/3946/1224
f 3293/3831/1118 3407/3957/1235 3403/3953/1231 3292/3830/1117
f 3408/3960/1238 3305/3847/1133 3304/3845/1131 3404/3956/1234
f 3294/3832/1119 3411/3962/1239 3407/3961/1235 3293/3833/1118
f 3412/3967/1242 3306/3849/1135 3305/3852/1133 3408/3968/1238
f 3295/3834/1120 3415/3969/1243 3411/3962/1239 3294/3832/1119
f 3416/3972/1246 3307/3853/1137 3306/3849/1135 3412/3967/1242
f 3296/3835/1121 3419/3973/1247 3415/3969/1243 3295/3834/1120
f 3420/3976/1250 3308/3855/1139 3307/3853/1137 3416/3972/1246
f 3297/3836/1122 3423/3977/1251 3419/3973/1247 3296/3835/1121
f 3424/3980/1254 3309/3857/1141 3308/3855/1139 3420/3976/1250
f 3298/3837/1123 3427/3981/1255 3423/3977/1251 3297/3836/1122
f 3428/3984/1258 3310/3859/1143 3309/3857/1141 3424/3980/1254
f 3299/3838/1124 3431/3985/1259 3427/3981/1255 3298/3837/1123
f 3432/3988/1262 3311/3861/1145 3310/3859/1143 3428/3984/1258
f 3300/3839/1125 3435/3989/1263 3431/3985/1259 3299/3838/1124
f 3436/3992/1266 3312/3863/1147 3311/3861/1145 3432/3988/1262
f 3301/3840/1126 3439/3993/1267 3435/3989/1263 3300/3839/1125
f 3440/3996/1270 3313/3865/1149 3312/3863/1147 3436/3992/1266
f 3302/3829/1116 3444/3951/1229 3439/3993/1267 3301/3840/1126
f 3443/3946/1224 3314/3844/1130 3313/3865/1149 3440/3996/1270
f 3388/3997/1271 3387/3998/1271 3398/3999/1271 3397/4000/1271 3396/4001/1271 3395/4002/1271 3394/4003/1271 3393/4004/1271 3392/4005/1271 3391/4006/1271 3390/4007/1271 3389/4008/1271
f 3460/4009/1271 3459/4010/1271 3447/4011/1215 3448/4012/1221
f 3459/4010/1271 3461/4013/1271 3449/4014/1216 3447/4011/1215
f 3461/4013/1271 3462/4015/1271 3450/4016/1219 3449/4014/1216
f 3462/4015/1271 3463/4017/1271 3451/4018/1211 3450/4016/1219
f 3463/4017/1271 3464/4019/1271 3452/4020/1212 3451/4018/1211
f 3464/4019/1271 3465/4021/1271 3453/4022/1213 3452/4020/1212
f 3465/4021/1271 3466/4023/1271 3454/4024/1214 3453/4022/1213
f 3466/4023/1271 3467/4025/1271 3455/4026/1217 3454/4024/1214
f 3467/4025/1271 3468/4027/1271 3456/4028/1218 3455/4026/1217
f 3468/4027/1271 3469/4029/1271 3457/4030/1222 3456/4028/1218
f 3469/4029/1271 3470/4031/1271 3458/4032/1220 3457/4030/1222
f 3470/4031/1271 3460/4009/1271 3448/4012/1221 3458/4032/1220
f 3387/3998/1271 3388/3997/1271 3459/4010/1271 3460/4009/1271
f 3388/3997/1271 3389/4008/1271 3461/4013/1271 3459/4010/1271
f 3389/4008/1271 3390/4007/1271 3462/4015/1271 3461/4013/1271
f 3390/4007/1271 3391/4006/1271 3463/4017/1271 3462/4015/1271
f 3391/4006/1271 3392/4005/1271 3464/4019/1271 3463/4017/1271
f 3392/4005/1271 3393/4004/1271 3465/4021/1271 3464/4019/1271
f 3393/4004/1271 3394/4003/1271 3466/4023/1271 3465/4021/1271
f 3394/4003/1271 3395/4002/1271 3467/4025/1271 3466/4023/1271
f 3395/4002/1271 3396/4001/1271 3468/4027/1271 3467/4025/1271
f 3396/4001/1271 3397/4000/1271 3469/4029/1271 3468/4027/1271
f 3397/4000/1271 3398/3999/1271 3470/4031/1271 3469/4029/1271
f 3398/3999/1271 3387/3998/1271 3460/4009/1271 3470/4031/1271
f 3495/4033/1272 3502/4034/1273 3477/4035/1274 3478/4036/1275
f 3502/4034/1273 3506/4037/1276 3476/4038/1277 3477/4035/1274
f 3506/4037/1276 3510/4039/1278 3475/4040/1279 3476/4038/1277
f 3510/4039/1278 3514/4041/1280 3474/4042/1281 3475/4040/1279
f 3515/4043/1282 3522/4044/1283 3482/4045/1284 3472/4046/1285
f 3523/4047/1286 3515/4043/1282 3472/4046/1285 3471/4048/1287
f 3514/4049/1280 3530/4050/1288 3473/4051/1289 3474/4052/1281
f 3522/4044/1283 3534/4053/1290 3481/4054/1291 3482/4045/1284
f 3530/4050/1288 3523/4047/1286 3471/4048/1287 3473/4051/1289
f 3534/4053/1290 3538/4055/1292 3480/4056/1293 3481/4054/1291
f 3538/4055/1292 3542/4057/1294 3479/4058/1295 3480/4056/1293
f 3542/4057/1294 3495/4033/1272 3478/4036/1275 3479/4058/1295
f 3484/4059/1296 3483/4060/1297 3471/4048/1287 3472/4046/1285
f 3483/4060/1297 3485/4061/1298 3473/4051/1289 3471/4048/1287
f 3485/4061/1298 3486/4062/1299 3474/4052/1281 3473/4051/1289
f 3486/4063/1299 3487/4064/1300 3475/4040/1279 3474/4042/1281
f 3487/4064/1300 3488/4065/1301 3476/4038/1277 3475/4040/1279
f 3488/4065/1301 3489/4066/1302 3477/4035/1274 3476/4038/1277
f 3489/4066/1302 3490/4067/1303 3478/4036/1275 3477/4035/1274
f 3490/4067/1303 3491/4068/1304 3479/4058/1295 3478/4036/1275
f 3491/4068/1304 3492/4069/1305 3480/4056/1293 3479/4058/1295
f 3492/4069/1305 3493/4070/1306 3481/4054/1291 3480/4056/1293
f 3493/4070/1306 3494/4071/1307 3482/4045/1284 3481/4054/1291
f 3494/4071/1307 3484/4059/1296 3472/4046/1285 3482/4045/1284
f 3034/3560/869 3033/3558/867 3498/4072/1308 3539/4073/1309
f 3539/4073/1309 3498/4072/1308 3497/4074/1310 3540/4075/1311
f 3540/4075/1311 3497/4074/1310 3496/4076/1312 3541/4077/1313
f 3541/4077/1313 3496/4076/1312 3495/4033/1272 3542/4057/1294
f 3035/3562/871 3034/3560/869 3539/4073/1309 3535/4078/1314
f 3535/4078/1314 3539/4073/1309 3540/4075/1311 3536/4079/1315
f 3536/4079/1315 3540/4075/1311 3541/4077/1313 3537/4080/1316
f 3537/4080/1316 3541/4077/1313 3542/4057/1294 3538/4055/1292
f 3036/3564/873 3035/3562/871 3535/4078/1314 3531/4081/1317
f 3531/4081/1317 3535/4078/1314 3536/4079/1315 3532/4082/1318
f 3532/4082/1318 3536/4079/1315 3537/4080/1316 3533/4083/1319
f 3533/4083/1319 3537/4080/1316 3538/4055/1292 3534/4053/1290
f 3028/3546/857 3027/3542/853 3526/4084/1320 3527/4085/1321
f 3527/4085/1321 3526/4084/1320 3525/4086/1322 3528/4087/1323
f 3528/4087/1323 3525/4086/1322 3524/4088/1324 3529/4089/1325
f 3529/4089/1325 3524/4088/1324 3523/4047/1286 3530/4050/1288
f 3037/3566/875 3036/3564/873 3531/4081/1317 3519/4090/1326
f 3519/4090/1326 3531/4081/1317 3532/4082/1318 3520/4091/1327
f 3520/4091/1327 3532/4082/1318 3533/4083/1319 3521/4092/1328
f 3521/4092/1328 3533/4083/1319 3534/4053/1290 3522/4044/1283
f 3029/3548/859 3028/3546/857 3527/4085/1321 3511/4093/1329
f 3511/4093/1329 3527/4085/1321 3528/4087/1323 3512/4094/1330
f 3512/4094/1330 3528/4087/1323 3529/4089/1325 3513/4095/1331
f 3513/4095/1331 3529/4089/1325 3530/4050/1288 3514/4049/1280
f 3027/3542/853 3038/3545/856 3518/4096/1332 3526/4084/1320
f 3526/4084/1320 3518/4096/1332 3517/4097/1332 3525/4086/1322
f 3525/4086/1322 3517/4097/1332 3516/4098/1333 3524/4088/1324
f 3524/4088/1324 3516/4098/1333 3515/4043/1282 3523/4047/1286
f 3038/3545/856 3037/3566/875 3519/4090/1326 3518/4096/1332
f 3518/4096/1332 3519/4090/1326 3520/4091/1327 3517/4097/1332
f 3517/4097/1332 3520/4091/1327 3521/4092/1328 3516/4098/1333
f 3516/4098/1333 3521/4092/1328 3522/4044/1283 3515/4043/1282
f 3030/3550/861 3029/3553/859 3511/4099/1329 3507/4100/1334
f 3507/4100/1334 3511/4099/1329 3512/4101/1330 3508/4102/1335
f 3508/4102/1335 3512/4101/1330 3513/4103/1331 3509/4104/1336
f 3509/4104/1336 3513/4103/1331 3514/4041/1280 3510/4039/1278
f 3031/3554/863 3030/3550/861 3507/4100/1334 3503/4105/1337
f 3503/4105/1337 3507/4100/1334 3508/4102/1335 3504/4106/1338
f 3504/4106/1338 3508/4102/1335 3509/4104/1336 3505/4107/1339
f 3505/4107/1339 3509/4104/1336 3510/4039/1278 3506/4037/1276
f 3032/3556/865 3031/3554/863 3503/4105/1337 3499/4108/1340
f 3499/4108/1340 3503/4105/1337 3504/4106/1338 3500/4109/1341
f 3500/4109/1341 3504/4106/1338 3505/4107/1339 3501/4110/1342
f 3501/4110/1342 3505/4107/1339 3506/4037/1276 3502/4034/1273
f 3033/3558/867 3032/3556/865 3499/4108/1340 3498/4072/1308
f 3498/4072/1308 3499/4108/1340 3500/4109/1341 3497/4074/1310
f 3497/4074/1310 3500/4109/1341 3501/4110/1342 3496/4076/1312
f 3496/4076/1312 3501/4110/1342 3502/4034/1273 3495/4033/1272
f 3543/4111/1343 3555/4112/1344 3566/4113/1345 3554/4114/1346
f 3544/4115/1347 3556/4116/1348 3555/4112/1344 3543/4111/1343
f 3545/4117/1349 3557/4118/1350 3556/4116/1348 3544/4115/1347
f 3546/4119/1351 3558/4120/1352 3557/4118/1350 3545/4117/1349
f 3547/4121/1353 3559/4122/1354 3558/4120/1352 3546/4119/1351
f 3548/4123/1355 3560/4124/1356 3559/4122/1354 3547/4121/1353
f 3549/4125/1357 3561/4126/1358 3560/4124/1356 3548/4123/1355
f 3550/4127/1359 3562/4128/1360 3561/4126/1358 3549/4125/1357
f 3551/4129/1361 3563/4130/1362 3562/4128/1360 3550/4127/1359
f 3552/4131/1363 3564/4132/1364 3563/4133/1362 3551/4134/1361
f 3553/4135/1365 3565/4136/1366 3564/4132/1364 3552/4131/1363
f 3554/4114/1346 3566/4113/1345 3565/4136/1366 3553/4135/1365
f 3555/4112/1344 3567/4137/1367 3578/4138/1368 3566/4113/1345
f 3556/4116/1348 3568/4139/1369 3567/4137/1367 3555/4112/1344
f 3557/4118/1350 3569/4140/1370 3568/4139/1369 3556/4116/1348
f 3558/4120/1352 3570/4141/1371 3569/4140/1370 3557/4118/1350
f 3559/4122/1354 3571/4142/1372 3570/4141/1371 3558/4120/1352
f 3560/4124/1356 3572/4143/1373 3571/4142/1372 3559/4122/1354
f 3561/4126/1358 3573/4144/1374 3572/4143/1373 3560/4124/1356
f 3562/4128/1360 3574/4145/1375 3573/4144/1374 3561/4126/1358
f 3563/4130/1362 3575/4146/1376 3574/4145/1375 3562/4128/1360
f 3564/4132/1364 3576/4147/1377 3575/4148/1376 3563/4133/1362
f 3565/4136/1366 3577/4149/1378 3576/4147/1377 3564/4132/1364
f 3566/4113/1345 3578/4138/1368 3577/4149/1378 3565/4136/1366
f 3567/4137/1367 3579/4150/1379 3590/4151/1380 3578/4138/1368
f 3568/4139/1369 3580/4152/1381 3579/4150/1379 3567/4137/1367
f 3569/4140/1370 3581/4153/1382 3580/4152/1381 3568/4139/1369
f 3570/4141/1371 3582/4154/1383 3581/4153/1382 3569/4140/1370
f 3571/4142/1372 3583/4155/1384 3582/4154/1383 3570/4141/1371
f 3572/4143/1373 3584/4156/1385 3583/4155/1384 3571/4142/1372
f 3573/4144/1374 3585/4157/1386 3584/4156/1385 3572/4143/1373
f 3574/4145/1375 3586/4158/1387 3585/4157/1386 3573/4144/1374
f 3575/4146/1376 3587/4159/1388 3586/4158/1387 3574/4145/1375
f 3576/4147/1377 3588/4160/1389 3587/4161/1388 3575/4148/1376
f 3577/4149/1378 3589/4162/1390 3588/4160/1389 3576/4147/1377
f 3578/4138/1368 3590/4151/1380 3589/4162/1390 3577/4149/1378
f 3579/4150/1379 3591/4163/1391 3602/4164/1392 3590/4151/1380
f 3580/4152/1381 3592/4165/1393 3591/4163/1391 3579/4150/1379
f 3581/4153/1382 3593/4166/1394 3592/4165/1393 3580/4152/1381
f 3582/4154/1383 3594/4167/1395 3593/4166/1394 3581/4153/1382
f 3583/4155/1384 3595/4168/1396 3594/4167/1395 3582/4154/1383
f 3584/4156/1385 3596/4169/1397 3595/4168/1396 3583/4155/1384
f 3585/4157/1386 3597/4170/1398 3596/4169/1397 3584/4156/1385
f 3586/4158/1387 3598/4171/1399 3597/4170/1398 3585/4157/1386
f 3587/4159/1388 3599/4172/1400 3598/4171/1399 3586/4158/1387
f 3588/4160/1389 3600/4173/1401 3599/4174/1400 3587/4161/1388
f 3589/4162/1390 3601/4175/1402 3600/4173/1401 3588/4160/1389
f 3590/4151/1380 3602/4164/1392 3601/4175/1402 3589/4162/1390
f 3591/4163/1391 3603/4176/1403 3614/4177/1404 3602/4164/1392
f 3592/4165/1393 3604/4178/1405 3603/4176/1403 3591/4163/1391
f 3593/4166/1394 3605/4179/1406 3604/4178/1405 3592/4165/1393
f 3594/4167/1395 3606/4180/1407 3605/4179/1406 3593/4166/1394
f 3595/4168/1396 3607/4181/1408 3606/4180/1407 3594/4167/1395
f 3596/4169/1397 3608/4182/1409 3607/4181/1408 3595/4168/1396
f 3597/4170/1398 3609/4183/1410 3608/4182/1409 3596/4169/1397
f 3598/4171/1399 3610/4184/1411 3609/4183/1410 3597/4170/1398
f 3599/4172/1400 3611/4185/1412 3610/4184/1411 3598/4171/1399
f 3600/4173/1401 3612/4186/1413 3611/4187/1412 3599/4174/1400
f 3601/4175/1402 3613/4188/1414 3612/4186/1413 3600/4173/1401
f 3602/4164/1392 3614/4177/1404 3613/4188/1414 3601/4175/1402
f 3603/4176/1403 3615/4189/1415 3626/4190/1416 3614/4177/1404
f 3604/4178/1405 3616/4191/1417 3615/4189/1415 3603/4176/1403
f 3605/4179/1406 3617/4192/1418 3616/4191/1417 3604/4178/1405
f 3606/4180/1407 3618/4193/1419 3617/4192/1418 3605/4179/1406
f 3607/4181/1408 3619/4194/1420 3618/4193/1419 3606/4180/1407
f 3608/4182/1409 3620/4195/1421 3619/4194/1420 3607/4181/1408
f 3609/4183/1410 3621/4196/1422 3620/4195/1421 3608/4182/1409
f 3610/4184/1411 3622/4197/1423 3621/4196/1422 3609/4183/1410
f 3611/4185/1412 3623/4198/1424 3622/4197/1423 3610/4184/1411
f 3612/4186/1413 3624/4199/1425 3623/4200/1424 3611/4187/1412
f 3613/4188/1414 3625/4201/1426 3624/4199/1425 3612/4186/1413
f 3614/4177/1404 3626/4190/1416 3625/4201/1426 3613/4188/1414
f 3615/4189/1415 3627/4202/1427 3638/4203/1428 3626/4190/1416
f 3616/4191/1417 3628/4204/1429 3627/4202/1427 3615/4189/1415
f 3617/4192/1418 3629/4205/1430 3628/4204/1429 3616/4191/1417
f 3618/4193/1419 3630/4206/1431 3629/4205/1430 3617/4192/1418
f 3619/4194/1420 3631/4207/1432 3630/4206/1431 3618/4193/1419
f 3620/4195/1421 3632/4208/1433 3631/4207/1432 3619/4194/1420
f 3621/4196/1422 3633/4209/1434 3632/4208/1433 3620/4195/1421
f 3622/4197/1423 3634/4210/1435 3633/4209/1434 3621/4196/1422
f 3623/4198/1424 3635/4211/1436 3634/4210/1435 3622/4197/1423
f 3624/4199/1425 3636/4212/1437 3635/4213/1436 3623/4200/1424
f 3625/4201/1426 3637/4214/1438 3636/4212/1437 3624/4199/1425
f 3626/4190/1416 3638/4203/1428 3637/4214/1438 3625/4201/1426
f 3627/4202/1427 3639/4215/1439 3650/4216/1440 3638/4203/1428
f 3628/4204/1429 3640/4217/1441 3639/4215/1439 3627/4202/1427
f 3629/4205/1430 3641/4218/1442 3640/4217/1441 3628/4204/1429
f 3630/4206/1431 3642/4219/1443 3641/4218/1442 3629/4205/1430
f 3631/4207/1432 3643/4220/1444 3642/4219/1443 3630/4206/1431
f 3632/4208/1433 3644/4221/1445 3643/4220/1444 3631/4207/1432
f 3633/4209/1434 3645/4222/1446 3644/4221/1445 3632/4208/1433
f 3634/4210/1435 3646/4223/1447 3645/4222/1446 3633/4209/1434
f 3635/4211/1436 3647/4224/1448 3646/4223/1447 3634/4210/1435
f 3636/4212/1437 3648/4225/1449 3647/4226/1448 3635/4213/1436
f 3637/4214/1438 3649/4227/1450 3648/4225/1449 3636/4212/1437
f 3638/4203/1428 3650/4216/1440 3649/4227/1450 3637/4214/1438
f 3639/4215/1439 3651/4228/1451 3662/4229/1452 3650/4216/1440
f 3640/4217/1441 3652/4230/1453 3651/4228/1451 3639/4215/1439
f 3641/4218/1442 3653/4231/1454 3652/4230/1453 3640/4217/1441
f 3642/4219/1443 3654/4232/1455 3653/4231/1454 3641/4218/1442
f 3643/4220/1444 3655/4233/1456 3654/4232/1455 3642/4219/1443
f 3644/4221/1445 3656/4234/1457 3655/4233/1456 3643/4220/1444
f 3645/4222/1446 3657/4235/1458 3656/4234/1457 3644/4221/1445
f 3646/4223/1447 3658/4236/1459 3657/4235/1458 3645/4222/1446
f 3647/4224/1448 3659/4237/1460 3658/4236/1459 3646/4223/1447
f 3648/4225/1449 3660/4238/1461 3659/4239/1460 3647/4226/1448
f 3649/4227/1450 3661/4240/1462 3660/4238/1461 3648/4225/1449
f 3650/4216/1440 3662/4229/1452 3661/4240/1462 3649/4227/1450
f 3651/4228/1451 3663/4241/1463 3674/4242/1464 3662/4229/1452
f 3652/4230/1453 3664/4243/1465 3663/4241/1463 3651/4228/1451
f 3653/4231/1454 3665/4244/1052 3664/4243/1465 3652/4230/1453
f 3654/4232/1455 3666/4245/1466 3665/4244/1052 3653/4231/1454
f 3655/4233/1456 3667/4246/1467 3666/4245/1466 3654/4232/1455
f 3656/4234/1457 3668/4247/1468 3667/4246/1467 3655/4233/1456
f 3657/4235/1458 3669/4248/1469 3668/4247/1468 3656/4234/1457
f 3658/4236/1459 3670/4249/1470 3669/4248/1469 3657/4235/1458
f 3659/4237/1460 3671/4250/1046 3670/4249/1470 3658/4236/1459
f 3660/4238/1461 3672/4251/1471 3671/4252/1046 3659/4239/1460
f 3661/4240/1462 3673/4253/1472 3672/4251/1471 3660/4238/1461
f 3662/4229/1452 3674/4242/1464 3673/4253/1472 3661/4240/1462
f 3663/4241/1463 3675/4254/1473 3686/4255/1474 3674/4242/1464
f 3664/4243/1465 3676/4256/1475 3675/4254/1473 3663/4241/1463
f 3665/4244/1052 3677/4257/1476 3676/4256/1475 3664/4243/1465
f 3666/4245/1466 3678/4258/1477 3677/4257/1476 3665/4244/1052
f 3667/4246/1467 3679/4259/1478 3678/4258/1477 3666/4245/1466
f 3668/4247/1468 3680/4260/1479 3679/4259/1478 3667/4246/1467
f 3669/4248/1469 3681/4261/1480 3680/4260/1479 3668/4247/1468
f 3670/4249/1470 3682/4262/1481 3681/4261/1480 3669/4248/1469
f 3671/4250/1046 3683/4263/1482 3682/4262/1481 3670/4249/1470
f 3672/4251/1471 3684/4264/1483 3683/4265/1482 3671/4252/1046
f 3673/4253/1472 3685/4266/1484 3684/4264/1483 3672/4251/1471
f 3674/4242/1464 3686/4255/1474 3685/4266/1484 3673/4253/1472
f 3675/4254/1473 3687/4267/1485 3698/4268/1486 3686/4255/1474
f 3676/4256/1475 3688/4269/1487 3687/4267/1485 3675/4254/1473
f 3677/4257/1476 3689/4270/1488 3688/4269/1487 3676/4256/1475
f 3678/4258/1477 3690/4271/1489 3689/4270/1488 3677/4257/1476
f 3679/4259/1478 3691/4272/1490 3690/4271/1489 3678/4258/1477
f 3680/4260/1479 3692/4273/1491 3691/4272/1490 3679/4259/1478
f 3681/4261/1480 3693/4274/1492 3692/4273/1491 3680/4260/1479
f 3682/4262/1481 3694/4275/1493 3693/4274/1492 3681/4261/1480
f 3683/4263/1482 3695/4276/1494 3694/4275/1493 3682/4262/1481
f 3684/4264/1483 3696/4277/1495 3695/4278/1494 3683/4265/1482
f 3685/4266/1484 3697/4279/1496 3696/4277/1495 3684/4264/1483
f 3686/4255/1474 3698/4268/1486 3697/4279/1496 3685/4266/1484
f 3687/4267/1485 3699/4280/1497 3710/4281/1498 3698/4268/1486
f 3688/4269/1487 3700/4282/1499 3699/4280/1497 3687/4267/1485
f 3689/4270/1488 3701/4283/1052 3700/4282/1499 3688/4269/1487
f 3690/4271/1489 3702/4284/1500 3701/4283/1052 3689/4270/1488
f 3691/4272/1490 3703/4285/1501 3702/4284/1500 3690/4271/1489
f 3692/4273/1491 3704/4286/1502 3703/4285/1501 3691/4272/1490
f 3693/4274/1492 3705/4287/1503 3704/4286/1502 3692/4273/1491
f 3694/4275/1493 3706/4288/1504 3705/4287/1503 3693/4274/1492
f 3695/4276/1494 3707/4289/1046 3706/4288/1504 3694/4275/1493
f 3696/4277/1495 3708/4290/1505 3707/4291/1046 3695/4278/1494
f 3697/4279/1496 3709/4292/1506 3708/4290/1505 3696/4277/1495
f 3698/4268/1486 3710/4281/1498 3709/4292/1506 3697/4279/1496
f 3699/4280/1497 3711/4293/1507 3722/4294/1508 3710/4281/1498
f 3700/4282/1499 3712/4295/1509 3711/4293/1507 3699/4280/1497
f 3701/4283/1052 3713/4296/1028 3712/4295/1509 3700/4282/1499
f 3702/4284/1500 3714/4297/1510 3713/4296/1028 3701/4283/1052
f 3703/4285/1501 3715/4298/1511 3714/4297/1510 3702/4284/1500
f 3704/4286/1502 3716/4299/1512 3715/4298/1511 3703/4285/1501
f 3705/4287/1503 3717/4300/1513 3716/4299/1512 3704/4286/1502
f 3706/4288/1504 3718/4301/1514 3717/4300/1513 3705/4287/1503
f 3707/4289/1046 3719/4302/1022 3718/4301/1514 3706/4288/1504
f 3708/4290/1505 3720/4303/1515 3719/4304/1022 3707/4291/1046
f 3709/4292/1506 3721/4305/1516 3720/4303/1515 3708/4290/1505
f 3710/4281/1498 3722/4294/1508 3721/4305/1516 3709/4292/1506
f 3711/4293/1507 3723/4306/1517 3734/4307/1518 3722/4294/1508
f 3712/4295/1509 3724/4308/1519 3723/4306/1517 3711/4293/1507
f 3713/4296/1028 3725/4309/1208 3724/4308/1519 3712/4295/1509
f 3714/4297/1510 3726/4310/1520 3725/4309/1208 3713/4296/1028
f 3715/4298/1511 3727/4311/1521 3726/4310/1520 3714/4297/1510
f 3716/4299/1512 3728/4312/1522 3727/4311/1521 3715/4298/1511
f 3717/4300/1513 3729/4313/1523 3728/4312/1522 3716/4299/1512
f 3718/4301/1514 3730/4314/1524 3729/4313/1523 3717/4300/1513
f 3719/4302/1022 3731/4315/1202 3730/4314/1524 3718/4301/1514
f 3720/4303/1515 3732/4316/1525 3731/4317/1202 3719/4304/1022
f 3721/4305/1516 3733/4318/1526 3732/4316/1525 3720/4303/1515
f 3722/4294/1508 3734/4307/1518 3733/4318/1526 3721/4305/1516
f 3723/4306/1517 3735/4319/1527 3746/4320/1528 3734/4307/1518
f 3724/4308/1519 3736/4321/1529 3735/4319/1527 3723/4306/1517
f 3725/4309/1208 3737/4322/982 3736/4321/1529 3724/4308/1519
f 3726/4310/1520 3738/4323/1530 3737/4322/982 3725/4309/1208
f 3727/4311/1521 3739/4324/1531 3738/4323/1530 3726/4310/1520
f 3728/4312/1522 3740/4325/1532 3739/4324/1531 3727/4311/1521
f 3729/4313/1523 3741/4326/1533 3740/4325/1532 3728/4312/1522
f 3730/4314/1524 3742/4327/1534 3741/4326/1533 3729/4313/1523
f 3731/4315/1202 3743/4328/976 3742/4327/1534 3730/4314/1524
f 3732/4316/1525 3744/4329/1535 3743/4330/976 3731/4317/1202
f 3733/4318/1526 3745/4331/1536 3744/4329/1535 3732/4316/1525
f 3734/4307/1518 3746/4320/1528 3745/4331/1536 3733/4318/1526
f 3735/4319/1527 3747/4332/1537 3758/4333/1538 3746/4320/1528
f 3736/4321/1529 3748/4334/1539 3747/4332/1537 3735/4319/1527
f 3737/4322/982 3749/4335/1540 3748/4334/1539 3736/4321/1529
f 3738/4323/1530 3750/4336/1541 3749/4335/1540 3737/4322/982
f 3739/4324/1531 3751/4337/1542 3750/4336/1541 3738/4323/1530
f 3740/4325/1532 3752/4338/1543 3751/4337/1542 3739/4324/1531
f 3741/4326/1533 3753/4339/1544 3752/4338/1543 3740/4325/1532
f 3742/4327/1534 3754/4340/1545 3753/4339/1544 3741/4326/1533
f 3743/4328/976 3755/4341/1546 3754/4340/1545 3742/4327/1534
f 3744/4329/1535 3756/4342/1547 3755/4343/1546 3743/4330/976
f 3745/4331/1536 3757/4344/1548 3756/4342/1547 3744/4329/1535
f 3746/4320/1528 3758/4333/1538 3757/4344/1548 3745/4331/1536
f 3747/4332/1537 3759/4345/1549 3770/4346/1550 3758/4333/1538
f 3748/4334/1539 3760/4347/1551 3759/4345/1549 3747/4332/1537
f 3749/4335/1540 3761/4348/1552 3760/4347/1551 3748/4334/1539
f 3750/4336/1541 3762/4349/1553 3761/4348/1552 3749/4335/1540
f 3751/4337/1542 3763/4350/1554 3762/4349/1553 3750/4336/1541
f 3752/4338/1543 3764/4351/1555 3763/4350/1554 3751/4337/1542
f 3753/4339/1544 3765/4352/1556 3764/4351/1555 3752/4338/1543
f 3754/4340/1545 3766/4353/1557 3765/4352/1556 3753/4339/1544
f 3755/4341/1546 3767/4354/1558 3766/4353/1557 3754/4340/1545
f 3756/4342/1547 3768/4355/1559 3767/4356/1558 3755/4343/1546
f 3757/4344/1548 3769/4357/1560 3768/4355/1559 3756/4342/1547
f 3758/4333/1538 3770/4346/1550 3769/4357/1560 3757/4344/1548
f 3759/4345/1549 3771/4358/1561 3782/4359/1562 3770/4346/1550
f 3760/4347/1551 3772/4360/1563 3771/4358/1561 3759/4345/1549
f 3761/4348/1552 3773/4361/1564 3772/4360/1563 3760/4347/1551
f 3762/4349/1553 3774/4362/1565 3773/4361/1564 3761/4348/1552
f 3763/4350/1554 3775/4363/1566 3774/4362/1565 3762/4349/1553
f 3764/4351/1555 3776/4364/1567 3775/4363/1566 3763/4350/1554
f 3765/4352/1556 3777/4365/1568 3776/4364/1567 3764/4351/1555
f 3766/4353/1557 3778/4366/1569 3777/4365/1568 3765/4352/1556
f 3767/4354/1558 3779/4367/1570 3778/4366/1569 3766/4353/1557
f 3768/4355/1559 3780/4368/1571 3779/4369/1570 3767/4356/1558
f 3769/4357/1560 3781/4370/1572 3780/4368/1571 3768/4355/1559
f 3770/4346/1550 3782/4359/1562 3781/4370/1572 3769/4357/1560
f 3771/4358/1561 3783/4371/1573 3794/4372/1574 3782/4359/1562
f 3772/4360/1563 3784/4373/1575 3783/4371/1573 3771/4358/1561
f 3773/4361/1564 3785/4374/1576 3784/4373/1575 3772/4360/1563
f 3774/4362/1565 3786/4375/1577 3785/4374/1576 3773/4361/1564
f 3775/4363/1566 3787/4376/1578 3786/4375/1577 3774/4362/1565
f 3776/4364/1567 3788/4377/1579 3787/4376/1578 3775/4363/1566
f 3777/4365/1568 3789/4378/1580 3788/4377/1579 3776/4364/1567
f 3778/4366/1569 3790/4379/1581 3789/4378/1580 3777/4365/1568
f 3779/4367/1570 3791/4380/1582 3790/4379/1581 3778/4366/1569
f 3780/4368/1571 3792/4381/1583 3791/4382/1582 3779/4369/1570
f 3781/4370/1572 3793/4383/1584 3792/4381/1583 3780/4368/1571
f 3782/4359/1562 3794/4372/1574 3793/4383/1584 3781/4370/1572
f 3783/4371/1573 3795/4384/1585 3806/4385/1586 3794/4372/1574
f 3784/4373/1575 3796/4386/1587 3795/4384/1585 3783/4371/1573
f 3785/4374/1576 3797/4387/1588 3796/4386/1587 3784/4373/1575
f 3786/4375/1577 3798/4388/1589 3797/4387/1588 3785/4374/1576
f 3787/4376/1578 3799/4389/1590 3798/4388/1589 3786/4375/1577
f 3788/4377/1579 3800/4390/1591 3799/4389/1590 3787/4376/1578
f 3789/4378/1580 3801/4391/1592 3800/4390/1591 3788/4377/1579
f 3790/4379/1581 3802/4392/1593 3801/4391/1592 3789/4378/1580
f 3791/4380/1582 3803/4393/1594 3802/4392/1593 3790/4379/1581
f 3792/4381/1583 3804/4394/1595 3803/4395/1594 3791/4382/1582
f 3793/4383/1584 3805/4396/1596 3804/4394/1595 3792/4381/1583
f 3794/4372/1574 3806/4385/1586 3805/4396/1596 3793/4383/1584
f 3795/4384/1585 3807/4397/1597 3818/4398/1598 3806/4385/1586
f 3796/4386/1587 3808/4399/1599 3807/4397/1597 3795/4384/1585
f 3797/4387/1588 3809/4400/1600 3808/4399/1599 3796/4386/1587
f 3798/4388/1589 3810/4401/1601 3809/4400/1600 3797/4387/1588
f 3799/4389/1590 3811/4402/1602 3810/4401/1601 3798/4388/1589
f 3800/4390/1591 3812/4403/1603 3811/4402/1602 3799/4389/1590
f 3801/4391/1592 3813/4404/1604 3812/4403/1603 3800/4390/1591
f 3802/4392/1593 3814/4405/1605 3813/4404/1604 3801/4391/1592
f 3803/4393/1594 3815/4406/1606 3814/4405/1605 3802/4392/1593
f 3804/4394/1595 3816/4407/1607 3815/4408/1606 3803/4395/1594
f 3805/4396/1596 3817/4409/1608 3816/4407/1607 3804/4394/1595
f 3806/4385/1586 3818/4398/1598 3817/4409/1608 3805/4396/1596
f 3819/4410/1609 3831/4411/1610 3842/4412/1611 3830/4413/1612
f 3820/4414/1613 3832/4415/1614 3831/4411/1610 3819/4410/1609
f 3821/4416/1615 3833/4417/1616 3832/4415/1614 3820/4414/1613
f 3822/4418/1617 3834/4419/1618 3833/4417/1616 3821/4416/1615
f 3823/4420/1619 3835/4421/1620 3834/4419/1618 3822/4418/1617
f 3824/4422/1621 3836/4423/1622 3835/4421/1620 3823/4420/1619
f 3825/4424/1623 3837/4425/1624 3836/4423/1622 3824/4422/1621
f 3826/4426/1625 3838/4427/1626 3837/4425/1624 3825/4424/1623
f 3827/4428/1627 3839/4429/1628 3838/4427/1626 3826/4426/1625
f 3828/4430/1629 3840/4431/1630 3839/4432/1628 3827/4433/1627
f 3829/4434/1631 3841/4435/1632 3840/4431/1630 3828/4430/1629
f 3830/4413/1612 3842/4412/1611 3841/4435/1632 3829/4434/1631
f 3831/4411/1610 3843/4436/1633 3854/4437/1634 3842/4412/1611
f 3832/4415/1614 3844/4438/1635 3843/4436/1633 3831/4411/1610
f 3833/4417/1616 3845/4439/1636 3844/4438/1635 3832/4415/1614
f 3834/4419/1618 3846/4440/1637 3845/4439/1636 3833/4417/1616
f 3835/4421/1620 3847/4441/1638 3846/4440/1637 3834/4419/1618
f 3836/4423/1622 3848/4442/1639 3847/4441/1638 3835/4421/1620
f 3837/4425/1624 3849/4443/1640 3848/4442/1639 3836/4423/1622
f 3838/4427/1626 3850/4444/1641 3849/4443/1640 3837/4425/1624
f 3839/4429/1628 3851/4445/1642 3850/4444/1641 3838/4427/1626
f 3840/4431/1630 3852/4446/1643 3851/4447/1642 3839/4432/1628
f 3841/4435/1632 3853/4448/1644 3852/4446/1643 3840/4431/1630
f 3842/4412/1611 3854/4437/1634 3853/4448/1644 3841/4435/1632
f 3843/4436/1633 3855/4449/1645 3866/4450/1646 3854/4437/1634
f 3844/4438/1635 3856/4451/1647 3855/4449/1645 3843/4436/1633
f 3845/4439/1636 3857/4452/1648 3856/4451/1647 3844/4438/1635
f 3846/4440/1637 3858/4453/1649 3857/4452/1648 3845/4439/1636
f 3847/4441/1638 3859/4454/1650 3858/4453/1649 3846/4440/1637
f 3848/4442/1639 3860/4455/1651 3859/4454/1650 3847/4441/1638
f 3849/4443/1640 3861/4456/1652 3860/4455/1651 3848/4442/1639
f 3850/4444/1641 3862/4457/1653 3861/4456/1652 3849/4443/1640
f 3851/4445/1642 3863/4458/1654 3862/4457/1653 3850/4444/1641
f 3852/4446/1643 3864/4459/1655 3863/4460/1654 3851/4447/1642
f 3853/4448/1644 3865/4461/1656 3864/4459/1655 3852/4446/1643
f 3854/4437/1634 3866/4450/1646 3865/4461/1656 3853/4448/1644
f 3855/4449/1645 3867/4462/1657 3878/4463/1658 3866/4450/1646
f 3856/4451/1647 3868/4464/1659 3867/4462/1657 3855/4449/1645
f 3857/4452/1648 3869/4465/1660 3868/4464/1659 3856/4451/1647
f 3858/4453/1649 3870/4466/1661 3869/4465/1660 3857/4452/1648
f 3859/4454/1650 3871/4467/1662 3870/4466/1661 3858/4453/1649
f 3860/4455/1651 3872/4468/1663 3871/4467/1662 3859/4454/1650
f 3861/4456/1652 3873/4469/1664 3872/4468/1663 3860/4455/1651
f 3862/4457/1653 3874/4470/1665 3873/4469/1664 3861/4456/1652
f 3863/4458/1654 3875/4471/1666 3874/4470/1665 3862/4457/1653
f 3864/4459/1655 3876/4472/1667 3875/4473/1666 3863/4460/1654
f 3865/4461/1656 3877/4474/1668 3876/4472/1667 3864/4459/1655
f 3866/4450/1646 3878/4463/1658 3877/4474/1668 3865/4461/1656
f 3867/4462/1657 3879/4475/1669 3890/4476/1670 3878/4463/1658
f 3868/4464/1659 3880/4477/1671 3879/4475/1669 3867/4462/1657
f 3869/4465/1660 3881/4478/1672 3880/4477/1671 3868/4464/1659
f 3870/4466/1661 3882/4479/1673 3881/4478/1672 3869/4465/1660
f 3871/4467/1662 3883/4480/1674 3882/4479/1673 3870/4466/1661
f 3872/4468/1663 3884/4481/1675 3883/4480/1674 3871/4467/1662
f 3873/4469/1664 3885/4482/1676 3884/4481/1675 3872/4468/1663
f 3874/4470/1665 3886/4483/1677 3885/4482/1676 3873/4469/1664
f 3875/4471/1666 3887/4484/1678 3886/4483/1677 3874/4470/1665
f 3876/4472/1667 3888/4485/1679 3887/4486/1678 3875/4473/1666
f 3877/4474/1668 3889/4487/1680 3888/4485/1679 3876/4472/1667
f 3878/4463/1658 3890/4476/1670 3889/4487/1680 3877/4474/1668
f 3879/4475/1669 3891/4488/1681 3902/4489/1682 3890/4476/1670
f 3880/4477/1671 3892/4490/1683 3891/4488/1681 3879/4475/1669
f 3881/4478/1672 3893/4491/1040 3892/4490/1683 3880/4477/1671
f 3882/4479/1673 3894/4492/1684 3893/4491/1040 3881/4478/1672
f 3883/4480/1674 3895/4493/1685 3894/4492/1684 3882/4479/1673
f 3884/4481/1675 3896/4494/1686 3895/4493/1685 3883/4480/1674
f 3885/4482/1676 3897/4495/1687 3896/4494/1686 3884/4481/1675
f 3886/4483/1677 3898/4496/1688 3897/4495/1687 3885/4482/1676
f 3887/4484/1678 3899/4497/1034 3898/4496/1688 3886/4483/1677
f 3888/4485/1679 3900/4498/1689 3899/4499/1034 3887/4486/1678
f 3889/4487/1680 3901/4500/1690 3900/4498/1689 3888/4485/1679
f 3890/4476/1670 3902/4489/1682 3901/4500/1690 3889/4487/1680
f 3897/4495/1687 3898/4496/1688 3967/4501/1691 3968/4502/1692
f 3895/4493/1685 3896/4494/1686 3969/4503/1693 3970/4504/1694
f 3900/4498/1689 3901/4500/1690 3963/4505/1695 3965/4506/1696
f 3893/4491/1040 3894/4492/1684 3971/4507/1697 3972/4508/1698
f 3898/4496/1688 3899/4497/1034 3966/4509/1699 3967/4501/1691
f 3902/4489/1682 3891/4488/1681 3974/4510/1700 3964/4511/1701
f 3891/4488/1681 3892/4490/1683 3973/4512/1702 3974/4510/1700
f 3896/4494/1686 3897/4495/1687 3968/4502/1692 3969/4503/1693
f 3894/4492/1684 3895/4493/1685 3970/4504/1694 3971/4507/1697
f 3899/4499/1034 3900/4498/1689 3965/4506/1696 3966/4513/1699
f 3892/4490/1683 3893/4491/1040 3972/4508/1698 3973/4512/1702
f 3901/4500/1690 3902/4489/1682 3964/4511/1701 3963/4505/1695
f 3916/4514/1703 3959/4515/1704 3961/4516/1705 3918/4517/1706
f 3918/4517/1706 3961/4516/1705 3962/4518/1707 3917/4519/1708
f 3917/4519/1708 3962/4518/1707 3960/4520/1709 3915/4521/1710
f 3915/4521/1710 3919/4522/1711 3921/4523/1712 3917/4519/1708
f 3917/4519/1708 3921/4523/1712 3922/4524/1713 3918/4517/1706
f 3918/4517/1706 3922/4524/1713 3920/4525/1714 3916/4514/1703
f 3919/4522/1711 3923/4526/1715 3925/4527/1716 3921/4523/1712
f 3921/4523/1712 3925/4527/1716 3926/4528/1717 3922/4524/1713
f 3922/4524/1713 3926/4528/1717 3924/4529/1718 3920/4525/1714
f 3923/4526/1715 3927/4530/1719 3929/4531/1720 3925/4527/1716
f 3925/4527/1716 3929/4531/1720 3930/4532/1721 3926/4528/1717
f 3926/4528/1717 3930/4532/1721 3928/4533/1722 3924/4529/1718
f 3927/4530/1719 3931/4534/1723 3933/4535/1724 3929/4531/1720
f 3929/4531/1720 3933/4535/1724 3934/4536/1725 3930/4532/1721
f 3930/4532/1721 3934/4536/1725 3932/4537/1726 3928/4533/1722
f 3931/4534/1723 3935/4538/1727 3937/4539/1728 3933/4535/1724
f 3933/4535/1724 3937/4539/1728 3938/4540/1729 3934/4536/1725
f 3934/4536/1725 3938/4540/1729 3936/4541/1730 3932/4537/1726
f 3935/4538/1727 3939/4542/1731 3941/4543/1732 3937/4539/1728
f 3937/4539/1728 3941/4543/1732 3942/4544/1733 3938/4540/1729
f 3938/4540/1729 3942/4544/1733 3940/4545/1734 3936/4541/1730
f 3939/4542/1731 3943/4546/1735 3945/4547/1736 3941/4543/1732
f 3941/4543/1732 3945/4547/1736 3946/4548/1737 3942/4544/1733
f 3942/4544/1733 3946/4548/1737 3944/4549/1738 3940/4545/1734
f 3943/4546/1735 3947/4550/1739 3949/4551/1740 3945/4547/1736
f 3945/4547/1736 3949/4551/1740 3950/4552/1741 3946/4548/1737
f 3946/4548/1737 3950/4552/1741 3948/4553/1742 3944/4549/1738
f 3947/4554/1739 3951/4555/1743 3953/4556/1744 3949/4557/1740
f 3949/4557/1740 3953/4556/1744 3954/4558/1745 3950/4559/1741
f 3950/4559/1741 3954/4558/1745 3952/4560/1746 3948/4561/1742
f 3951/4555/1743 3955/4562/1747 3957/4563/1748 3953/4556/1744
f 3953/4556/1744 3957/4563/1748 3958/4564/1749 3954/4558/1745
f 3954/4558/1745 3958/4564/1749 3956/4565/1750 3952/4560/1746
f 3955/4562/1747 3960/4520/1709 3962/4518/1707 3957/4563/1748
f 3957/4563/1748 3962/4518/1707 3961/4516/1705 3958/4564/1749
f 3958/4564/1749 3961/4516/1705 3959/4515/1704 3956/4565/1750
f 3808/4399/1599 3919/4522/1711 3915/4521/1710 3807/4397/1597
f 3807/4397/1597 3915/4521/1710 3960/4520/1709 3818/4398/1598
f 3920/4525/1714 3820/4414/1613 3819/4410/1609 3916/4514/1703
f 3916/4514/1703 3819/4410/1609 3830/4413/1612 3959/4515/1704
f 3809/4400/1600 3923/4526/1715 3919/4522/1711 3808/4399/1599
f 3924/4529/1718 3821/4416/1615 3820/4414/1613 3920/4525/1714
f 3810/4401/1601 3927/4530/1719 3923/4526/1715 3809/4400/1600
f 3928/4533/1722 3822/4418/1617 3821/4416/1615 3924/4529/1718
f 3811/4402/1602 3931/4534/1723 3927/4530/1719 3810/4401/1601
f 3932/4537/1726 3823/4420/1619 3822/4418/1617 3928/4533/1722
f 3812/4403/1603 3935/4538/1727 3931/4534/1723 3811/4402/1602
f 3936/4541/1730 3824/4422/1621 3823/4420/1619 3932/4537/1726
f 3813/4404/1604 3939/4542/1731 3935/4538/1727 3812/4403/1603
f 3940/4545/1734 3825/4424/1623 3824/4422/1621 3936/4541/1730
f 3814/4405/1605 3943/4546/1735 3939/4542/1731 3813/4404/1604
f 3944/4549/1738 3826/4426/1625 3825/4424/1623 3940/4545/1734
f 3815/4406/1606 3947/4550/1739 3943/4546/1735 3814/4405/1605
f 3948/4553/1742 3827/4428/1627 3826/4426/1625 3944/4549/1738
f 3816/4407/1607 3951/4555/1743 3947/4554/1739 3815/4408/1606
f 3952/4560/1746 3828/4430/1629 3827/4433/1627 3948/4561/1742
f 3817/4409/1608 3955/4562/1747 3951/4555/1743 3816/4407/1607
f 3956/4565/1750 3829/4434/1631 3828/4430/1629 3952/4560/1746
f 3818/4398/1598 3960/4520/1709 3955/4562/1747 3817/4409/1608
f 3959/4515/1704 3830/4413/1612 3829/4434/1631 3956/4565/1750
f 3904/4566/1751 3903/4567/1751 3914/4568/1751 3913/4569/1751 3912/4570/1751 3911/4571/1751 3910/4572/1751 3909/4573/1751 3908/4574/1751 3907/4575/1751 3906/4576/1751 3905/4577/1751
f 3976/4578/1751 3975/4579/1751 3963/4580/1695 3964/4581/1701
f 3975/4579/1751 3977/4582/1751 3965/4583/1696 3963/4580/1695
f 3977/4582/1751 3978/4584/1751 3966/4585/1699 3965/4583/1696
f 3978/4584/1751 3979/4586/1751 3967/4587/1691 3966/4585/1699
f 3979/4586/1751 3980/4588/1751 3968/4589/1692 3967/4587/1691
f 3980/4588/1751 3981/4590/1751 3969/4591/1693 3968/4589/1692
f 3981/4590/1751 3982/4592/1751 3970/4593/1694 3969/4591/1693
f 3982/4592/1751 3983/4594/1751 3971/4595/1697 3970/4593/1694
f 3983/4594/1751 3984/4596/1751 3972/4597/1698 3971/4595/1697
f 3984/4596/1751 3985/4598/1751 3973/4599/1702 3972/4597/1698
f 3985/4598/1751 3986/4600/1751 3974/4601/1700 3973/4599/1702
f 3986/4600/1751 3976/4578/1751 3964/4581/1701 3974/4601/1700
f 3903/4567/1751 3904/4566/1751 3975/4579/1751 3976/4578/1751
f 3904/4566/1751 3905/4577/1751 3977/4582/1751 3975/4579/1751
f 3905/4577/1751 3906/4576/1751 3978/4584/1751 3977/4582/1751
f 3906/4576/1751 3907/4575/1751 3979/4586/1751 3978/4584/1751
f 3907/4575/1751 3908/4574/1751 3980/4588/1751 3979/4586/1751
f 3908/4574/1751 3909/4573/1751 3981/4590/1751 3980/4588/1751
f 3909/4573/1751 3910/4572/1751 3982/4592/1751 3981/4590/1751
f 3910/4572/1751 3911/4571/1751 3983/4594/1751 3982/4592/1751
f 3911/4571/1751 3912/4570/1751 3984/4596/1751 3983/4594/1751
f 3912/4570/1751 3913/4569/1751 3985/4598/1751 3984/4596/1751
f 3913/4569/1751 3914/4568/1751 3986/4600/1751 3985/4598/1751
f 3914/4568/1751 3903/4567/1751 3976/4578/1751 3986/4600/1751
f 4011/4602/1752 4018/4603/1753 3993/4604/1754 3994/4605/1755
f 4018/4603/1753 4022/4606/1756 3992/4607/1757 3993/4604/1754
f 4022/4606/1756 4026/4608/1758 3991/4609/1759 3992/4607/1757
f 4026/4608/1758 4030/4610/1760 3990/4611/1761 3991/4609/1759
f 4031/4612/1762 4038/4613/1763 3998/4614/1764 3988/4615/1765
f 4039/4616/1766 4031/4612/1762 3988/4615/1765 3987/4617/1767
f 4030/4610/1760 4046/4618/1768 3989/4619/1769 3990/4611/1761
f 4038/4613/1763 4050/4620/1770 3997/4621/1771 3998/4614/1764
f 4046/4618/1768 4039/4616/1766 3987/4617/1767 3989/4619/1769
f 4050/4620/1770 4054/4622/1772 3996/4623/1773 3997/4621/1771
f 4054/4624/1772 4058/4625/1774 3995/4626/1775 3996/4627/1773
f 4058/4625/1774 4011/4602/1752 3994/4605/1755 3995/4626/1775
f 4000/4628/1776 3999/4629/1777 3987/4617/1767 3988/4615/1765
f 3999/4629/1777 4001/4630/1778 3989/4619/1769 3987/4617/1767
f 4001/4630/1778 4002/4631/1779 3990/4611/1761 3989/4619/1769
f 4002/4631/1779 4003/4632/1780 3991/4609/1759 3990/4611/1761
f 4003/4632/1780 4004/4633/1781 3992/4607/1757 3991/4609/1759
f 4004/4633/1781 4005/4634/1782 3993/4604/1754 3992/4607/1757
f 4005/4634/1782 4006/4635/1783 3994/4605/1755 3993/4604/1754
f 4006/4635/1783 4007/4636/1784 3995/4626/1775 3994/4605/1755
f 4007/4636/1784 4008/4637/1785 3996/4627/1773 3995/4626/1775
f 4008/4638/1785 4009/4639/1786 3997/4621/1771 3996/4623/1773
f 4009/4639/1786 4010/4640/1787 3998/4614/1764 3997/4621/1771
f 4010/4640/1787 4000/4628/1776 3988/4615/1765 3998/4614/1764
f 3550/4127/1359 3549/4125/1357 4014/4641/1788 4055/4642/1789
f 4055/4642/1789 4014/4641/1788 4013/4643/1790 4056/4644/1791
f 4056/4644/1791 4013/4643/1790 4012/4645/1792 4057/4646/1793
f 4057/4646/1793 4012/4645/1792 4011/4602/1752 4058/4625/1774
f 3551/4129/1361 3550/4127/1359 4055/4642/1789 4051/4647/1794
f 4051/4647/1794 4055/4642/1789 4056/4644/1791 4052/4648/1795
f 4052/4648/1795 4056/4644/1791 4057/4646/1793 4053/4649/1796
f 4053/4649/1796 4057/4646/1793 4058/4625/1774 4054/4624/1772
f 3552/4131/1363 3551/4134/1361 4051/4650/1794 4047/4651/1797
f 4047/4651/1797 4051/4650/1794 4052/4652/1795 4048/4653/1798
f 4048/4653/1798 4052/4652/1795 4053/4654/1796 4049/4655/1799
f 4049/4655/1799 4053/4654/1796 4054/4622/1772 4050/4620/1770
f 3544/4115/1347 3543/4111/1343 4042/4656/1800 4043/4657/1801
f 4043/4657/1801 4042/4656/1800 4041/4658/1802 4044/4659/1803
f 4044/4659/1803 4041/4658/1802 4040/4660/1804 4045/4661/1805
f 4045/4661/1805 4040/4660/1804 4039/4616/1766 4046/4618/1768
f 3553/4135/1365 3552/4131/1363 4047/4651/1797 4035/4662/1806
f 4035/4662/1806 4047/4651/1797 4048/4653/1798 4036/4663/1807
f 4036/4663/1807 4048/4653/1798 4049/4655/1799 4037/4664/1808
f 4037/4664/1808 4049/4655/1799 4050/4620/1770 4038/4613/1763
f 3545/4117/1349 3544/4115/1347 4043/4657/1801 4027/4665/1809
f 4027/4665/1809 4043/4657/1801 4044/4659/1803 4028/4666/1810
f 4028/4666/1810 4044/4659/1803 4045/4661/1805 4029/4667/1811
f 4029/4667/1811 4045/4661/1805 4046/4618/1768 4030/4610/1760
f 3543/4111/1343 3554/4114/1346 4034/4668/1812 4042/4656/1800
f 4042/4656/1800 4034/4668/1812 4033/4669/1812 4041/4658/1802
f 4041/4658/1802 4033/4669/1812 4032/4670/1813 4040/4660/1804
f 4040/4660/1804 4032/4670/1813 4031/4612/1762 4039/4616/1766
f 3554/4114/1346 3553/4135/1365 4035/4662/1806 4034/4668/1812
f 4034/4668/1812 4035/4662/1806 4036/4663/1807 4033/4669/1812
f 4033/4669/1812 4036/4663/1807 4037/4664/1808 4032/4670/1813
f 4032/4670/1813 4037/4664/1808 4038/4613/1763 4031/4612/1762
f 3546/4119/1351 3545/4117/1349 4027/4665/1809 4023/4671/1814
f 4023/4671/1814 4027/4665/1809 4028/4666/1810 4024/4672/1815
f 4024/4672/1815 4028/4666/1810 4029/4667/1811 4025/4673/1816
f 4025/4673/1816 4029/4667/1811 4030/4610/1760 4026/4608/1758
f 3547/4121/1353 3546/4119/1351 4023/4671/1814 4019/4674/1817
f 4019/4674/1817 4023/4671/1814 4024/4672/1815 4020/4675/1818
f 4020/4675/1818 4024/4672/1815 4025/4673/1816 4021/4676/1819
f 4021/4676/1819 4025/4673/1816 4026/4608/1758 4022/4606/1756
f 3548/4123/1355 3547/4121/1353 4019/4674/1817 4015/4677/1820
f 4015/4677/1820 4019/4674/1817 4020/4675/1818 4016/4678/1821
f 4016/4678/1821 4020/4675/1818 4021/4676/1819 4017/4679/1822
f 4017/4679/1822 4021/4676/1819 4022/4606/1756 4018/4603/1753
f 3549/4125/1357 3548/4123/1355 4015/4677/1820 4014/4641/1788
f 4014/4641/1788 4015/4677/1820 4016/4678/1821 4013/4643/1790
f 4013/4643/1790 4016/4678/1821 4017/4679/1822 4012/4645/1792
f 4012/4645/1792 4017/4679/1822 4018/4603/1753 4011/4602/1752
f 4059/4680/1823 4062/4681/1824 3485/4061/1298 3483/4060/1297
f 4062/4681/1824 4064/4682/1825 3486/4062/1299 3485/4061/1298
f 4064/4683/1825 4066/4684/1826 3487/4064/1300 3486/4063/1299
f 4066/4684/1826 4068/4685/1827 3488/4065/1301 3487/4064/1300
f 4068/4685/1827 4070/4686/1828 3489/4066/1302 3488/4065/1301
f 4070/4686/1828 4072/4687/1829 3490/4067/1303 3489/4066/1302
f 4072/4687/1829 4074/4688/1830 3491/4068/1304 3490/4067/1303
f 4074/4688/1830 4076/4689/1831 3492/4069/1305 3491/4068/1304
f 4076/4689/1831 4078/4690/1832 3493/4070/1306 3492/4069/1305
f 4078/4690/1832 4080/4691/1833 3494/4071/1307 3493/4070/1306
f 4080/4691/1833 4082/4692/1834 3484/4059/1296 3494/4071/1307
f 4082/4692/1834 4059/4680/1823 3483/4060/1297 3484/4059/1296
f 4000/4628/1776 4010/4640/1787 4060/4693/1823 4081/4694/1834
f 4081/4694/1834 4060/4693/1823 4059/4680/1823 4082/4692/1834
f 3999/4629/1777 4000/4628/1776 4081/4694/1834 4079/4695/1833
f 4079/4695/1833 4081/4694/1834 4082/4692/1834 4080/4691/1833
f 4001/4630/1778 3999/4629/1777 4079/4695/1833 4077/4696/1832
f 4077/4696/1832 4079/4695/1833 4080/4691/1833 4078/4690/1832
f 4002/4631/1779 4001/4630/1778 4077/4696/1832 4075/4697/1831
f 4075/4697/1831 4077/4696/1832 4078/4690/1832 4076/4689/1831
f 4003/4632/1780 4002/4631/1779 4075/4697/1831 4073/4698/1830
f 4073/4698/1830 4075/4697/1831 4076/4689/1831 4074/4688/1830
f 4004/4633/1781 4003/4632/1780 4073/4698/1830 4071/4699/1829
f 4071/4699/1829 4073/4698/1830 4074/4688/1830 4072/4687/1829
f 4005/4634/1782 4004/4633/1781 4071/4699/1829 4069/4700/1828
f 4069/4700/1828 4071/4699/1829 4072/4687/1829 4070/4686/1828
f 4006/4635/1783 4005/4634/1782 4069/4700/1828 4067/4701/1827
f 4067/4701/1827 4069/4700/1828 4070/4686/1828 4068/4685/1827
f 4007/4636/1784 4006/4635/1783 4067/4701/1827 4065/4702/1826
f 4065/4702/1826 4067/4701/1827 4068/4685/1827 4066/4684/1826
f 4008/4637/1785 4007/4636/1784 4065/4702/1826 4063/4703/1825
f 4063/4703/1825 4065/4702/1826 4066/4684/1826 4064/4683/1825
f 4009/4639/1786 4008/4638/1785 4063/4704/1825 4061/4705/1824
f 4061/4705/1824 4063/4704/1825 4064/4682/1825 4062/4681/1824
f 4010/4640/1787 4009/4639/1786 4061/4705/1824 4060/4693/1823
f 4060/4693/1823 4061/4705/1824 4062/4681/1824 4059/4680/1823
f 4083/4706/1835 4095/4707/1836 4106/4708/1837 4094/4709/1838
f 4084/4710/1839 4096/4711/1840 4095/4707/1836 4083/4706/1835
f 4085/4712/1841 4097/4713/1842 4096/4711/1840 4084/4710/1839
f 4086/4714/1843 4098/4715/1844 4097/4713/1842 4085/4712/1841
f 4087/4716/1845 4099/4717/1846 4098/4715/1844 4086/4714/1843
f 4088/4718/1847 4100/4719/1848 4099/4717/1846 4087/4716/1845
f 4089/4720/1849 4101/4721/1850 4100/4719/1848 4088/4718/1847
f 4090/4722/1851 4102/4723/1852 4101/4721/1850 4089/4720/1849
f 4091/4724/1853 4103/4725/1854 4102/4723/1852 4090/4722/1851
f 4092/4726/1855 4104/4727/1856 4103/4728/1854 4091/4729/1853
f 4093/4730/1857 4105/4731/1858 4104/4727/1856 4092/4726/1855
f 4094/4709/1838 4106/4708/1837 4105/4731/1858 4093/4730/1857
f 4095/4707/1836 4107/4732/1859 4118/4733/1860 4106/4708/1837
f 4096/4711/1840 4108/4734/1861 4107/4732/1859 4095/4707/1836
f 4097/4713/1842 4109/4735/1862 4108/4734/1861 4096/4711/1840
f 4098/4715/1844 4110/4736/1863 4109/4735/1862 4097/4713/1842
f 4099/4717/1846 4111/4737/1864 4110/4736/1863 4098/4715/1844
f 4100/4719/1848 4112/4738/1865 4111/4737/1864 4099/4717/1846
f 4101/4721/1850 4113/4739/1866 4112/4738/1865 4100/4719/1848
f 4102/4723/1852 4114/4740/1867 4113/4739/1866 4101/4721/1850
f 4103/4725/1854 4115/4741/1868 4114/4740/1867 4102/4723/1852
f 4104/4727/1856 4116/4742/1869 4115/4743/1868 4103/4728/1854
f 4105/4731/1858 4117/4744/1870 4116/4742/1869 4104/4727/1856
f 4106/4708/1837 4118/4733/1860 4117/4744/1870 4105/4731/1858
f 4107/4732/1859 4119/4745/1871 4130/4746/1872 4118/4733/1860
f 4108/4734/1861 4120/4747/1873 4119/4745/1871 4107/4732/1859
f 4109/4735/1862 4121/4748/1874 4120/4747/1873 4108/4734/1861
f 4110/4736/1863 4122/4749/1875 4121/4748/1874 4109/4735/1862
f 4111/4737/1864 4123/4750/1876 4122/4749/1875 4110/4736/1863
f 4112/4738/1865 4124/4751/1877 4123/4750/1876 4111/4737/1864
f 4113/4739/1866 4125/4752/1878 4124/4751/1877 4112/4738/1865
f 4114/4740/1867 4126/4753/1879 4125/4752/1878 4113/4739/1866
f 4115/4741/1868 4127/4754/1880 4126/4753/1879 4114/4740/1867
f 4116/4742/1869 4128/4755/1881 4127/4756/1880 4115/4743/1868
f 4117/4744/1870 4129/4757/1882 4128/4755/1881 4116/4742/1869
f 4118/4733/1860 4130/4746/1872 4129/4757/1882 4117/4744/1870
f 4119/4745/1871 4131/4758/1883 4142/4759/1884 4130/4746/1872
f 4120/4747/1873 4132/4760/1885 4131/4758/1883 4119/4745/1871
f 4121/4748/1874 4133/4761/1886 4132/4760/1885 4120/4747/1873
f 4122/4749/1875 4134/4762/1887 4133/4761/1886 4121/4748/1874
f 4123/4750/1876 4135/4763/1888 4134/4762/1887 4122/4749/1875
f 4124/4751/1877 4136/4764/1889 4135/4763/1888 4123/4750/1876
f 4125/4752/1878 4137/4765/1890 4136/4764/1889 4124/4751/1877
f 4126/4753/1879 4138/4766/1891 4137/4765/1890 4125/4752/1878
f 4127/4754/1880 4139/4767/1892 4138/4766/1891 4126/4753/1879
f 4128/4755/1881 4140/4768/1893 4139/4769/1892 4127/4756/1880
f 4129/4757/1882 4141/4770/1894 4140/4768/1893 4128/4755/1881
f 4130/4746/1872 4142/4759/1884 4141/4770/1894 4129/4757/1882
f 4131/4758/1883 4143/4771/1895 4154/4772/1896 4142/4759/1884
f 4132/4760/1885 4144/4773/1897 4143/4771/1895 4131/4758/1883
f 4133/4761/1886 4145/4774/1898 4144/4773/1897 4132/4760/1885
f 4134/4762/1887 4146/4775/1899 4145/4774/1898 4133/4761/1886
f 4135/4763/1888 4147/4776/1900 4146/4775/1899 4134/4762/1887
f 4136/4764/1889 4148/4777/1901 4147/4776/1900 4135/4763/1888
f 4137/4765/1890 4149/4778/1902 4148/4777/1901 4136/4764/1889
f 4138/4766/1891 4150/4779/1903 4149/4778/1902 4137/4765/1890
f 4139/4767/1892 4151/4780/1904 4150/4779/1903 4138/4766/1891
f 4140/4768/1893 4152/4781/1905 4151/4782/1904 4139/4769/1892
f 4141/4770/1894 4153/4783/1906 4152/4781/1905 4140/4768/1893
f 4142/4759/1884 4154/4772/1896 4153/4783/1906 4141/4770/1894
f 4143/4771/1895 4155/4784/1907 4166/4785/1908 4154/4772/1896
f 4144/4773/1897 4156/4786/1909 4155/4784/1907 4143/4771/1895
f 4145/4774/1898 4157/4787/1910 4156/4786/1909 4144/4773/1897
f 4146/4775/1899 4158/4788/1911 4157/4787/1910 4145/4774/1898
f 4147/4776/1900 4159/4789/1912 4158/4788/1911 4146/4775/1899
f 4148/4777/1901 4160/4790/1913 4159/4789/1912 4147/4776/1900
f 4149/4778/1902 4161/4791/1914 4160/4790/1913 4148/4777/1901
f 4150/4779/1903 4162/4792/1915 4161/4791/1914 4149/4778/1902
f 4151/4780/1904 4163/4793/1916 4162/4792/1915 4150/4779/1903
f 4152/4781/1905 4164/4794/1917 4163/4795/1916 4151/4782/1904
f 4153/4783/1906 4165/4796/1918 4164/4794/1917 4152/4781/1905
f 4154/4772/1896 4166/4785/1908 4165/4796/1918 4153/4783/1906
f 4155/4784/1907 4167/4797/1919 4178/4798/1920 4166/4785/1908
f 4156/4786/1909 4168/4799/1921 4167/4797/1919 4155/4784/1907
f 4157/4787/1910 4169/4800/1922 4168/4799/1921 4156/4786/1909
f 4158/4788/1911 4170/4801/1923 4169/4800/1922 4157/4787/1910
f 4159/4789/1912 4171/4802/1924 4170/4801/1923 4158/4788/1911
f 4160/4790/1913 4172/4803/1925 4171/4802/1924 4159/4789/1912
f 4161/4791/1914 4173/4804/1926 4172/4803/1925 4160/4790/1913
f 4162/4792/1915 4174/4805/1927 4173/4804/1926 4161/4791/1914
f 4163/4793/1916 4175/4806/1928 4174/4805/1927 4162/4792/1915
f 4164/4794/1917 4176/4807/1929 4175/4808/1928 4163/4795/1916
f 4165/4796/1918 4177/4809/1930 4176/4807/1929 4164/4794/1917
f 4166/4785/1908 4178/4798/1920 4177/4809/1930 4165/4796/1918
f 4167/4797/1919 4179/4810/1931 4190/4811/1932 4178/4798/1920
f 4168/4799/1921 4180/4812/1933 4179/4810/1931 4167/4797/1919
f 4169/4800/1922 4181/4813/1934 4180/4812/1933 4168/4799/1921
f 4170/4801/1923 4182/4814/1935 4181/4813/1934 4169/4800/1922
f 4171/4802/1924 4183/4815/1936 4182/4814/1935 4170/4801/1923
f 4172/4803/1925 4184/4816/1937 4183/4815/1936 4171/4802/1924
f 4173/4804/1926 4185/4817/1938 4184/4816/1937 4172/4803/1925
f 4174/4805/1927 4186/4818/1939 4185/4817/1938 4173/4804/1926
f 4175/4806/1928 4187/4819/1940 4186/4818/1939 4174/4805/1927
f 4176/4807/1929 4188/4820/1941 4187/4821/1940 4175/4808/1928
f 4177/4809/1930 4189/4822/1942 4188/4820/1941 4176/4807/1929
f 4178/4798/1920 4190/4811/1932 4189/4822/1942 4177/4809/1930
f 4179/4810/1931 4191/4823/1943 4202/4824/1944 4190/4811/1932
f 4180/4812/1933 4192/4825/1945 4191/4823/1943 4179/4810/1931
f 4181/4813/1934 4193/4826/1946 4192/4825/1945 4180/4812/1933
f 4182/4814/1935 4194/4827/1947 4193/4826/1946 4181/4813/1934
f 4183/4815/1936 4195/4828/1948 4194/4827/1947 4182/4814/1935
f 4184/4816/1937 4196/4829/1949 4195/4828/1948 4183/4815/1936
f 4185/4817/1938 4197/4830/1950 4196/4829/1949 4184/4816/1937
f 4186/4818/1939 4198/4831/1951 4197/4830/1950 4185/4817/1938
f 4187/4819/1940 4199/4832/1952 4198/4831/1951 4186/4818/1939
f 4188/4820/1941 4200/4833/1953 4199/4834/1952 4187/4821/1940
f 4189/4822/1942 4201/4835/1954 4200/4833/1953 4188/4820/1941
f 4190/4811/1932 4202/4824/1944 4201/4835/1954 4189/4822/1942
f 4191/4823/1943 4203/4836/1955 4214/4837/1956 4202/4824/1944
f 4192/4825/1945 4204/4838/1957 4203/4836/1955 4191/4823/1943
f 4193/4826/1946 4205/4839/1958 4204/4838/1957 4192/4825/1945
f 4194/4827/1947 4206/4840/1959 4205/4839/1958 4193/4826/1946
f 4195/4828/1948 4207/4841/1960 4206/4840/1959 4194/4827/1947
f 4196/4829/1949 4208/4842/1961 4207/4841/1960 4195/4828/1948
f 4197/4830/1950 4209/4843/1962 4208/4842/1961 4196/4829/1949
f 4198/4831/1951 4210/4844/1963 4209/4843/1962 4197/4830/1950
f 4199/4832/1952 4211/4845/1964 4210/4844/1963 4198/4831/1951
f 4200/4833/1953 4212/4846/1965 4211/4847/1964 4199/4834/1952
f 4201/4835/1954 4213/4848/1966 4212/4846/1965 4200/4833/1953
f 4202/4824/1944 4214/4837/1956 4213/4848/1966 4201/4835/1954
f 4203/4836/1955 4215/4849/1967 4226/4850/1968 4214/4837/1956
f 4204/4838/1957 4216/4851/1969 4215/4849/1967 4203/4836/1955
f 4205/4839/1958 4217/4852/1970 4216/4851/1969 4204/4838/1957
f 4206/4840/1959 4218/4853/1971 4217/4852/1970 4205/4839/1958
f 4207/4841/1960 4219/4854/1972 4218/4853/1971 4206/4840/1959
f 4208/4842/1961 4220/4855/1973 4219/4854/1972 4207/4841/1960
f 4209/4843/1962 4221/4856/1974 4220/4855/1973 4208/4842/1961
f 4210/4844/1963 4222/4857/1975 4221/4856/1974 4209/4843/1962
f 4211/4845/1964 4223/4858/1976 4222/4857/1975 4210/4844/1963
f 4212/4846/1965 4224/4859/1977 4223/4860/1976 4211/4847/1964
f 4213/4848/1966 4225/4861/1978 4224/4859/1977 4212/4846/1965
f 4214/4837/1956 4226/4850/1968 4225/4861/1978 4213/4848/1966
f 4215/4849/1967 4227/4862/1979 4238/4863/1980 4226/4850/1968
f 4216/4851/1969 4228/4864/1981 4227/4862/1979 4215/4849/1967
f 4217/4852/1970 4229/4865/1982 4228/4864/1981 4216/4851/1969
f 4218/4853/1971 4230/4866/1983 4229/4865/1982 4217/4852/1970
f 4219/4854/1972 4231/4867/1984 4230/4866/1983 4218/4853/1971
f 4220/4855/1973 4232/4868/1985 4231/4867/1984 4219/4854/1972
f 4221/4856/1974 4233/4869/1986 4232/4868/1985 4220/4855/1973
f 4222/4857/1975 4234/4870/1987 4233/4869/1986 4221/4856/1974
f 4223/4858/1976 4235/4871/1988 4234/4870/1987 4222/4857/1975
f 4224/4859/1977 4236/4872/1989 4235/4873/1988 4223/4860/1976
f 4225/4861/1978 4237/4874/1990 4236/4872/1989 4224/4859/1977
f 4226/4850/1968 4238/4863/1980 4237/4874/1990 4225/4861/1978
f 4227/4862/1979 4239/4875/1991 4250/4876/1992 4238/4863/1980
f 4228/4864/1981 4240/4877/1993 4239/4875/1991 4227/4862/1979
f 4229/4865/1982 4241/4878/1958 4240/4877/1993 4228/4864/1981
f 4230/4866/1983 4242/4879/1994 4241/4878/1958 4229/4865/1982
f 4231/4867/1984 4243/4880/1995 4242/4879/1994 4230/4866/1983
f 4232/4868/1985 4244/4881/1996 4243/4880/1995 4231/4867/1984
f 4233/4869/1986 4245/4882/1997 4244/4881/1996 4232/4868/1985
f 4234/4870/1987 4246/4883/1998 4245/4882/1997 4233/4869/1986
f 4235/4871/1988 4247/4884/1964 4246/4883/1998 4234/4870/1987
f 4236/4872/1989 4248/4885/1999 4247/4886/1964 4235/4873/1988
f 4237/4874/1990 4249/4887/2000 4248/4885/1999 4236/4872/1989
f 4238/4863/1980 4250/4876/1992 4249/4887/2000 4237/4874/1990
f 4239/4875/1991 4251/4888/2001 4262/4889/2002 4250/4876/1992
f 4240/4877/1993 4252/4890/2003 4251/4888/2001 4239/4875/1991
f 4241/4878/1958 4253/4891/2004 4252/4890/2003 4240/4877/1993
f 4242/4879/1994 4254/4892/2005 4253/4891/2004 4241/4878/1958
f 4243/4880/1995 4255/4893/2006 4254/4892/2005 4242/4879/1994
f 4244/4881/1996 4256/4894/2007 4255/4893/2006 4243/4880/1995
f 4245/4882/1997 4257/4895/2008 4256/4894/2007 4244/4881/1996
f 4246/4883/1998 4258/4896/2009 4257/4895/2008 4245/4882/1997
f 4247/4884/1964 4259/4897/2010 4258/4896/2009 4246/4883/1998
f 4248/4885/1999 4260/4898/2011 4259/4899/2010 4247/4886/1964
f 4249/4887/2000 4261/4900/2012 4260/4898/2011 4248/4885/1999
f 4250/4876/1992 4262/4889/2002 4261/4900/2012 4249/4887/2000
f 4251/4888/2001 4263/4901/2013 4274/4902/2014 4262/4889/2002
f 4252/4890/2003 4264/4903/2015 4263/4901/2013 4251/4888/2001
f 4253/4891/2004 4265/4904/2016 4264/4903/2015 4252/4890/2003
f 4254/4892/2005 4266/4905/2017 4265/4904/2016 4253/4891/2004
f 4255/4893/2006 4267/4906/2018 4266/4905/2017 4254/4892/2005
f 4256/4894/2007 4268/4907/2019 4267/4906/2018 4255/4893/2006
f 4257/4895/2008 4269/4908/2020 4268/4907/2019 4256/4894/2007
f 4258/4896/2009 4270/4909/2021 4269/4908/2020 4257/4895/2008
f 4259/4897/2010 4271/4910/2022 4270/4909/2021 4258/4896/2009
f 4260/4898/2011 4272/4911/2023 4271/4912/2022 4259/4899/2010
f 4261/4900/2012 4273/4913/2024 4272/4911/2023 4260/4898/2011
f 4262/4889/2002 4274/4902/2014 4273/4913/2024 4261/4900/2012
f 4263/4901/2013 4275/4914/2025 4286/4915/2026 4274/4902/2014
f 4264/4903/2015 4276/4916/2027 4275/4914/2025 4263/4901/2013
f 4265/4904/2016 4277/4917/2028 4276/4916/2027 4264/4903/2015
f 4266/4905/2017 4278/4918/2029 4277/4917/2028 4265/4904/2016
f 4267/4906/2018 4279/4919/2030 4278/4918/2029 4266/4905/2017
f 4268/4907/2019 4280/4920/2031 4279/4919/2030 4267/4906/2018
f 4269/4908/2020 4281/4921/2032 4280/4920/2031 4268/4907/2019
f 4270/4909/2021 4282/4922/2033 4281/4921/2032 4269/4908/2020
f 4271/4910/2022 4283/4923/2034 4282/4922/2033 4270/4909/2021
f 4272/4911/2023 4284/4924/2035 4283/4925/2034 4271/4912/2022
f 4273/4913/2024 4285/4926/2036 4284/4924/2035 4272/4911/2023
f 4274/4902/2014 4286/4915/2026 4285/4926/2036 4273/4913/2024
f 4275/4914/2025 4287/4927/2037 4298/4928/2038 4286/4915/2026
f 4276/4916/2027 4288/4929/2039 4287/4927/2037 4275/4914/2025
f 4277/4917/2028 4289/4930/2040 4288/4929/2039 4276/4916/2027
f 4278/4918/2029 4290/4931/2041 4289/4930/2040 4277/4917/2028
f 4279/4919/2030 4291/4932/2042 4290/4931/2041 4278/4918/2029
f 4280/4920/2031 4292/4933/2043 4291/4932/2042 4279/4919/2030
f 4281/4921/2032 4293/4934/2044 4292/4933/2043 4280/4920/2031
f 4282/4922/2033 4294/4935/2045 4293/4934/2044 4281/4921/2032
f 4283/4923/2034 4295/4936/2046 4294/4935/2045 4282/4922/2033
f 4284/4924/2035 4296/4937/2047 4295/4938/2046 4283/4925/2034
f 4285/4926/2036 4297/4939/2048 4296/4937/2047 4284/4924/2035
f 4286/4915/2026 4298/4928/2038 4297/4939/2048 4285/4926/2036
f 4287/4927/2037 4299/4940/2049 4310/4941/2050 4298/4928/2038
f 4288/4929/2039 4300/4942/2051 4299/4940/2049 4287/4927/2037
f 4289/4930/2040 4301/4943/2052 4300/4942/2051 4288/4929/2039
f 4290/4931/2041 4302/4944/2053 4301/4943/2052 4289/4930/2040
f 4291/4932/2042 4303/4945/2054 4302/4944/2053 4290/4931/2041
f 4292/4933/2043 4304/4946/2055 4303/4945/2054 4291/4932/2042
f 4293/4934/2044 4305/4947/2056 4304/4946/2055 4292/4933/2043
f 4294/4935/2045 4306/4948/2057 4305/4947/2056 4293/4934/2044
f 4295/4936/2046 4307/4949/2058 4306/4948/2057 4294/4935/2045
f 4296/4937/2047 4308/4950/2059 4307/4951/2058 4295/4938/2046
f 4297/4939/2048 4309/4952/2060 4308/4950/2059 4296/4937/2047
f 4298/4928/2038 4310/4941/2050 4309/4952/2060 4297/4939/2048
f 4299/4940/2049 4311/4953/2061 4322/4954/2062 4310/4941/2050
f 4300/4942/2051 4312/4955/2063 4311/4953/2061 4299/4940/2049
f 4301/4943/2052 4313/4956/2064 4312/4955/2063 4300/4942/2051
f 4302/4944/2053 4314/4957/2065 4313/4956/2064 4301/4943/2052
f 4303/4945/2054 4315/4958/2066 4314/4957/2065 4302/4944/2053
f 4304/4946/2055 4316/4959/2067 4315/4958/2066 4303/4945/2054
f 4305/4947/2056 4317/4960/2068 4316/4959/2067 4304/4946/2055
f 4306/4948/2057 4318/4961/2069 4317/4960/2068 4305/4947/2056
f 4307/4949/2058 4319/4962/2070 4318/4961/2069 4306/4948/2057
f 4308/4950/2059 4320/4963/2071 4319/4964/2070 4307/4951/2058
f 4309/4952/2060 4321/4965/2072 4320/4963/2071 4308/4950/2059
f 4310/4941/2050 4322/4954/2062 4321/4965/2072 4309/4952/2060
f 4311/4953/2061 4323/4966/2073 4334/4967/2074 4322/4954/2062
f 4312/4955/2063 4324/4968/2075 4323/4966/2073 4311/4953/2061
f 4313/4956/2064 4325/4969/2076 4324/4968/2075 4312/4955/2063
f 4314/4957/2065 4326/4970/2077 4325/4969/2076 4313/4956/2064
f 4315/4958/2066 4327/4971/2078 4326/4970/2077 4314/4957/2065
f 4316/4959/2067 4328/4972/2079 4327/4971/2078 4315/4958/2066
f 4317/4960/2068 4329/4973/2080 4328/4972/2079 4316/4959/2067
f 4318/4961/2069 4330/4974/2081 4329/4973/2080 4317/4960/2068
f 4319/4962/2070 4331/4975/2082 4330/4974/2081 4318/4961/2069
f 4320/4963/2071 4332/4976/2083 4331/4977/2082 4319/4964/2070
f 4321/4965/2072 4333/4978/2084 4332/4976/2083 4320/4963/2071
f 4322/4954/2062 4334/4967/2074 4333/4978/2084 4321/4965/2072
f 4323/4966/2073 4335/4979/2085 4346/4980/2086 4334/4967/2074
f 4324/4968/2075 4336/4981/2087 4335/4979/2085 4323/4966/2073
f 4325/4969/2076 4337/4982/2088 4336/4981/2087 4324/4968/2075
f 4326/4970/2077 4338/4983/2089 4337/4982/2088 4325/4969/2076
f 4327/4971/2078 4339/4984/2090 4338/4983/2089 4326/4970/2077
f 4328/4972/2079 4340/4985/2091 4339/4984/2090 4327/4971/2078
f 4329/4973/2080 4341/4986/2092 4340/4985/2091 4328/4972/2079
f 4330/4974/2081 4342/4987/2093 4341/4986/2092 4329/4973/2080
f 4331/4975/2082 4343/4988/2094 4342/4987/2093 4330/4974/2081
f 4332/4976/2083 4344/4989/2095 4343/4990/2094 4331/4977/2082
f 4333/4978/2084 4345/4991/2096 4344/4989/2095 4332/4976/2083
f 4334/4967/2074 4346/4980/2086 4345/4991/2096 4333/4978/2084
f 4335/4979/2085 4347/4992/2097 4358/4993/2098 4346/4980/2086
f 4336/4981/2087 4348/4994/2099 4347/4992/2097 4335/4979/2085
f 4337/4982/2088 4349/4995/2100 4348/4994/2099 4336/4981/2087
f 4338/4983/2089 4350/4996/2101 4349/4995/2100 4337/4982/2088
f 4339/4984/2090 4351/4997/2102 4350/4996/2101 4338/4983/2089
f 4340/4985/2091 4352/4998/2103 4351/4997/2102 4339/4984/2090
f 4341/4986/2092 4353/4999/2104 4352/4998/2103 4340/4985/2091
f 4342/4987/2093 4354/5000/2105 4353/4999/2104 4341/4986/2092
f 4343/4988/2094 4355/5001/2106 4354/5000/2105 4342/4987/2093
f 4344/4989/2095 4356/5002/2107 4355/5003/2106 4343/4990/2094
f 4345/4991/2096 4357/5004/2108 4356/5002/2107 4344/4989/2095
f 4346/4980/2086 4358/4993/2098 4357/5004/2108 4345/4991/2096
f 4359/5005/2109 4371/5006/2110 4382/5007/2111 4370/5008/2112
f 4360/5009/2113 4372/5010/2114 4371/5006/2110 4359/5005/2109
f 4361/5011/2115 4373/5012/2116 4372/5010/2114 4360/5009/2113
f 4362/5013/2117 4374/5014/2118 4373/5012/2116 4361/5011/2115
f 4363/5015/2119 4375/5016/2120 4374/5014/2118 4362/5013/2117
f 4364/5017/2121 4376/5018/2122 4375/5016/2120 4363/5015/2119
f 4365/5019/2123 4377/5020/2124 4376/5018/2122 4364/5017/2121
f 4366/5021/2125 4378/5022/2126 4377/5020/2124 4365/5019/2123
f 4367/5023/2127 4379/5024/2128 4378/5022/2126 4366/5021/2125
f 4368/5025/2129 4380/5026/2130 4379/5027/2128 4367/5028/2127
f 4369/5029/2131 4381/5030/2132 4380/5026/2130 4368/5025/2129
f 4370/5008/2112 4382/5007/2111 4381/5030/2132 4369/5029/2131
f 4371/5006/2110 4383/5031/2133 4394/5032/2134 4382/5007/2111
f 4372/5010/2114 4384/5033/2135 4383/5031/2133 4371/5006/2110
f 4373/5012/2116 4385/5034/2136 4384/5033/2135 4372/5010/2114
f 4374/5014/2118 4386/5035/2137 4385/5034/2136 4373/5012/2116
f 4375/5016/2120 4387/5036/2138 4386/5035/2137 4374/5014/2118
f 4376/5018/2122 4388/5037/2139 4387/5036/2138 4375/5016/2120
f 4377/5020/2124 4389/5038/2140 4388/5037/2139 4376/5018/2122
f 4378/5022/2126 4390/5039/2141 4389/5038/2140 4377/5020/2124
f 4379/5024/2128 4391/5040/2142 4390/5039/2141 4378/5022/2126
f 4380/5026/2130 4392/5041/2143 4391/5042/2142 4379/5027/2128
f 4381/5030/2132 4393/5043/2144 4392/5041/2143 4380/5026/2130
f 4382/5007/2111 4394/5032/2134 4393/5043/2144 4381/5030/2132
f 4383/5031/2133 4395/5044/2145 4406/5045/2146 4394/5032/2134
f 4384/5033/2135 4396/5046/2147 4395/5044/2145 4383/5031/2133
f 4385/5034/2136 4397/5047/2148 4396/5046/2147 4384/5033/2135
f 4386/5035/2137 4398/5048/2149 4397/5047/2148 4385/5034/2136
f 4387/5036/2138 4399/5049/2150 4398/5048/2149 4386/5035/2137
f 4388/5037/2139 4400/5050/2151 4399/5049/2150 4387/5036/2138
f 4389/5038/2140 4401/5051/2152 4400/5050/2151 4388/5037/2139
f 4390/5039/2141 4402/5052/2153 4401/5051/2152 4389/5038/2140
f 4391/5040/2142 4403/5053/2154 4402/5052/2153 4390/5039/2141
f 4392/5041/2143 4404/5054/2155 4403/5055/2154 4391/5042/2142
f 4393/5043/2144 4405/5056/2156 4404/5054/2155 4392/5041/2143
f 4394/5032/2134 4406/5045/2146 4405/5056/2156 4393/5043/2144
f 4395/5044/2145 4407/5057/2157 4418/5058/2158 4406/5045/2146
f 4396/5046/2147 4408/5059/2159 4407/5057/2157 4395/5044/2145
f 4397/5047/2148 4409/5060/2160 4408/5059/2159 4396/5046/2147
f 4398/5048/2149 4410/5061/2161 4409/5060/2160 4397/5047/2148
f 4399/5049/2150 4411/5062/2162 4410/5061/2161 4398/5048/2149
f 4400/5050/2151 4412/5063/2163 4411/5062/2162 4399/5049/2150
f 4401/5051/2152 4413/5064/2164 4412/5063/2163 4400/5050/2151
f 4402/5052/2153 4414/5065/2165 4413/5064/2164 4401/5051/2152
f 4403/5053/2154 4415/5066/2166 4414/5065/2165 4402/5052/2153
f 4404/5054/2155 4416/5067/2167 4415/5068/2166 4403/5055/2154
f 4405/5056/2156 4417/5069/2168 4416/5067/2167 4404/5054/2155
f 4406/5045/2146 4418/5058/2158 4417/5069/2168 4405/5056/2156
f 4407/5057/2157 4419/5070/2169 4430/5071/2170 4418/5058/2158
f 4408/5059/2159 4420/5072/2171 4419/5070/2169 4407/5057/2157
f 4409/5060/2160 4421/5073/2172 4420/5072/2171 4408/5059/2159
f 4410/5061/2161 4422/5074/2173 4421/5073/2172 4409/5060/2160
f 4411/5062/2162 4423/5075/2174 4422/5074/2173 4410/5061/2161
f 4412/5063/2163 4424/5076/2175 4423/5075/2174 4411/5062/2162
f 4413/5064/2164 4425/5077/2176 4424/5076/2175 4412/5063/2163
f 4414/5065/2165 4426/5078/2177 4425/5077/2176 4413/5064/2164
f 4415/5066/2166 4427/5079/2178 4426/5078/2177 4414/5065/2165
f 4416/5067/2167 4428/5080/2179 4427/5081/2178 4415/5068/2166
f 4417/5069/2168 4429/5082/2180 4428/5080/2179 4416/5067/2167
f 4418/5058/2158 4430/5071/2170 4429/5082/2180 4417/5069/2168
f 4419/5070/2169 4431/5083/2181 4442/5084/2182 4430/5071/2170
f 4420/5072/2171 4432/5085/2183 4431/5083/2181 4419/5070/2169
f 4421/5073/2172 4433/5086/2184 4432/5085/2183 4420/5072/2171
f 4422/5074/2173 4434/5087/2185 4433/5086/2184 4421/5073/2172
f 4423/5075/2174 4435/5088/2186 4434/5087/2185 4422/5074/2173
f 4424/5076/2175 4436/5089/2187 4435/5088/2186 4423/5075/2174
f 4425/5077/2176 4437/5090/2188 4436/5089/2187 4424/5076/2175
f 4426/5078/2177 4438/5091/2189 4437/5090/2188 4425/5077/2176
f 4427/5079/2178 4439/5092/2190 4438/5091/2189 4426/5078/2177
f 4428/5080/2179 4440/5093/2191 4439/5094/2190 4427/5081/2178
f 4429/5082/2180 4441/5095/2192 4440/5093/2191 4428/5080/2179
f 4430/5071/2170 4442/5084/2182 4441/5095/2192 4429/5082/2180
f 4437/5090/2188 4438/5091/2189 4507/5096/2193 4508/5097/2194
f 4435/5088/2186 4436/5089/2187 4509/5098/2195 4510/5099/2196
f 4440/5093/2191 4441/5095/2192 4503/5100/2197 4505/5101/2198
f 4433/5086/2184 4434/5087/2185 4511/5102/2199 4512/5103/2200
f 4438/5091/2189 4439/5092/2190 4506/5104/2201 4507/5096/2193
f 4442/5084/2182 4431/5083/2181 4514/5105/2202 4504/5106/2203
f 4431/5083/2181 4432/5085/2183 4513/5107/2204 4514/5105/2202
f 4436/5089/2187 4437/5090/2188 4508/5097/2194 4509/5098/2195
f 4434/5087/2185 4435/5088/2186 4510/5099/2196 4511/5102/2199
f 4439/5094/2190 4440/5093/2191 4505/5101/2198 4506/5108/2201
f 4432/5085/2183 4433/5086/2184 4512/5103/2200 4513/5107/2204
f 4441/5095/2192 4442/5084/2182 4504/5106/2203 4503/5100/2197
f 4456/5109/2205 4499/5110/2206 4501/5111/2207 4458/5112/2208
f 4458/5112/2208 4501/5111/2207 4502/5113/2209 4457/5114/2210
f 4457/5114/2210 4502/5113/2209 4500/5115/2211 4455/5116/2212
f 4455/5116/2212 4459/5117/2213 4461/5118/2214 4457/5114/2210
f 4457/5114/2210 4461/5118/2214 4462/5119/2215 4458/5112/2208
f 4458/5112/2208 4462/5119/2215 4460/5120/2216 4456/5109/2205
f 4459/5117/2213 4463/5121/2217 4465/5122/2218 4461/5118/2214
f 4461/5118/2214 4465/5122/2218 4466/5123/2219 4462/5119/2215
f 4462/5119/2215 4466/5123/2219 4464/5124/2220 4460/5120/2216
f 4463/5121/2217 4467/5125/2221 4469/5126/2222 4465/5122/2218
f 4465/5122/2218 4469/5126/2222 4470/5127/2223 4466/5123/2219
f 4466/5123/2219 4470/5127/2223 4468/5128/2224 4464/5124/2220
f 4467/5125/2221 4471/5129/2225 4473/5130/2226 4469/5126/2222
f 4469/5126/2222 4473/5130/2226 4474/5131/2227 4470/5127/2223
f 4470/5127/2223 4474/5131/2227 4472/5132/2228 4468/5128/2224
f 4471/5129/2225 4475/5133/2229 4477/5134/2230 4473/5130/2226
f 4473/5130/2226 4477/5134/2230 4478/5135/2231 4474/5131/2227
f 4474/5131/2227 4478/5135/2231 4476/5136/2232 4472/5132/2228
f 4475/5133/2229 4479/5137/2233 4481/5138/2234 4477/5134/2230
f 4477/5134/2230 4481/5138/2234 4482/5139/2235 4478/5135/2231
f 4478/5135/2231 4482/5139/2235 4480/5140/2236 4476/5136/2232
f 4479/5137/2233 4483/5141/2237 4485/5142/2238 4481/5138/2234
f 4481/5138/2234 4485/5142/2238 4486/5143/2239 4482/5139/2235
f 4482/5139/2235 4486/5143/2239 4484/5144/2240 4480/5140/2236
f 4483/5141/2237 4487/5145/2241 4489/5146/2242 4485/5142/2238
f 4485/5142/2238 4489/5146/2242 4490/5147/2243 4486/5143/2239
f 4486/5143/2239 4490/5147/2243 4488/5148/2244 4484/5144/2240
f 4487/5149/2241 4491/5150/2245 4493/5151/2246 4489/5152/2242
f 4489/5152/2242 4493/5151/2246 4494/5153/2247 4490/5154/2243
f 4490/5154/2243 4494/5153/2247 4492/5155/2248 4488/5156/2244
f 4491/5150/2245 4495/5157/2249 4497/5158/2250 4493/5151/2246
f 4493/5151/2246 4497/5158/2250 4498/5159/2251 4494/5153/2247
f 4494/5153/2247 4498/5159/2251 4496/5160/2252 4492/5155/2248
f 4495/5157/2249 4500/5115/2211 4502/5113/2209 4497/5158/2250
f 4497/5158/2250 4502/5113/2209 4501/5111/2207 4498/5159/2251
f 4498/5159/2251 4501/5111/2207 4499/5110/2206 4496/5160/2252
f 4348/4994/2099 4459/5117/2213 4455/5116/2212 4347/4992/2097
f 4347/4992/2097 4455/5116/2212 4500/5115/2211 4358/4993/2098
f 4460/5120/2216 4360/5009/2113 4359/5005/2109 4456/5109/2205
f 4456/5109/2205 4359/5005/2109 4370/5008/2112 4499/5110/2206
f 4349/4995/2100 4463/5121/2217 4459/5117/2213 4348/4994/2099
f 4464/5124/2220 4361/5011/2115 4360/5009/2113 4460/5120/2216
f 4350/4996/2101 4467/5125/2221 4463/5121/2217 4349/4995/2100
f 4468/5128/2224 4362/5013/2117 4361/5011/2115 4464/5124/2220
f 4351/4997/2102 4471/5129/2225 4467/5125/2221 4350/4996/2101
f 4472/5132/2228 4363/5015/2119 4362/5013/2117 4468/5128/2224
f 4352/4998/2103 4475/5133/2229 4471/5129/2225 4351/4997/2102
f 4476/5136/2232 4364/5017/2121 4363/5015/2119 4472/5132/2228
f 4353/4999/2104 4479/5137/2233 4475/5133/2229 4352/4998/2103
f 4480/5140/2236 4365/5019/2123 4364/5017/2121 4476/5136/2232
f 4354/5000/2105 4483/5141/2237 4479/5137/2233 4353/4999/2104
f 4484/5144/2240 4366/5021/2125 4365/5019/2123 4480/5140/2236
f 4355/5001/2106 4487/5145/2241 4483/5141/2237 4354/5000/2105
f 4488/5148/2244 4367/5023/2127 4366/5021/2125 4484/5144/2240
f 4356/5002/2107 4491/5150/2245 4487/5149/2241 4355/5003/2106
f 4492/5155/2248 4368/5025/2129 4367/5028/2127 4488/5156/2244
f 4357/5004/2108 4495/5157/2249 4491/5150/2245 4356/5002/2107
f 4496/5160/2252 4369/5029/2131 4368/5025/2129 4492/5155/2248
f 4358/4993/2098 4500/5115/2211 4495/5157/2249 4357/5004/2108
f 4499/5110/2206 4370/5008/2112 4369/5029/2131 4496/5160/2252
f 4444/5161/2253 4443/5162/2253 4454/5163/2253 4453/5164/2253 4452/5165/2253 4451/5166/2253 4450/5167/2253 4449/5168/2253 4448/5169/2253 4447/5170/2253 4446/5171/2253 4445/5172/2253
f 4516/5173/2253 4515/5174/2253 4503/5175/2197 4504/5176/2203
f 4515/5174/2253 4517/5177/2253 4505/5178/2198 4503/5175/2197
f 4517/5177/2253 4518/5179/2253 4506/5180/2201 4505/5178/2198
f 4518/5179/2253 4519/5181/2253 4507/5182/2193 4506/5180/2201
f 4519/5181/2253 4520/5183/2253 4508/5184/2194 4507/5182/2193
f 4520/5183/2253 4521/5185/2253 4509/5186/2195 4508/5184/2194
f 4521/5185/2253 4522/5187/2253 4510/5188/2196 4509/5186/2195
f 4522/5187/2253 4523/5189/2253 4511/5190/2199 4510/5188/2196
f 4523/5189/2253 4524/5191/2253 4512/5192/2200 4511/5190/2199
f 4524/5191/2253 4525/5193/2253 4513/5194/2204 4512/5192/2200
f 4525/5193/2253 4526/5195/2253 4514/5196/2202 4513/5194/2204
f 4526/5195/2253 4516/5173/2253 4504/5176/2203 4514/5196/2202
f 4443/5162/2253 4444/5161/2253 4515/5174/2253 4516/5173/2253
f 4444/5161/2253 4445/5172/2253 4517/5177/2253 4515/5174/2253
f 4445/5172/2253 4446/5171/2253 4518/5179/2253 4517/5177/2253
f 4446/5171/2253 4447/5170/2253 4519/5181/2253 4518/5179/2253
f 4447/5170/2253 4448/5169/2253 4520/5183/2253 4519/5181/2253
f 4448/5169/2253 4449/5168/2253 4521/5185/2253 4520/5183/2253
f 4449/5168/2253 4450/5167/2253 4522/5187/2253 4521/5185/2253
f 4450/5167/2253 4451/5166/2253 4523/5189/2253 4522/5187/2253
f 4451/5166/2253 4452/5165/2253 4524/5191/2253 4523/5189/2253
f 4452/5165/2253 4453/5164/2253 4525/5193/2253 4524/5191/2253
f 4453/5164/2253 4454/5163/2253 4526/5195/2253 4525/5193/2253
f 4454/5163/2253 4443/5162/2253 4516/5173/2253 4526/5195/2253
f 4551/5197/2254 4558/5198/2255 4533/5199/2256 4534/5200/2257
f 4558/5198/2255 4562/5201/2258 4532/5202/2259 4533/5199/2256
f 4562/5201/2258 4566/5203/2260 4531/5204/2261 4532/5202/2259
f 4566/5203/2260 4570/5205/2262 4530/5206/2263 4531/5204/2261
f 4571/5207/2264 4578/5208/2265 4538/5209/2266 4528/5210/2267
f 4579/5211/2268 4571/5207/2264 4528/5210/2267 4527/5212/2269
f 4570/5205/2262 4586/5213/2270 4529/5214/2271 4530/5206/2263
f 4578/5208/2265 4590/5215/2272 4537/5216/2273 4538/5209/2266
f 4586/5213/2270 4579/5211/2268 4527/5212/2269 4529/5214/2271
f 4590/5215/2272 4594/5217/2274 4536/5218/2275 4537/5216/2273
f 4594/5219/2274 4598/5220/2276 4535/5221/2277 4536/5222/2275
f 4598/5220/2276 4551/5197/2254 4534/5200/2257 4535/5221/2277
f 4540/5223/2278 4539/5224/2279 4527/5212/2269 4528/5210/2267
f 4539/5224/2279 4541/5225/2280 4529/5214/2271 4527/5212/2269
f 4541/5225/2280 4542/5226/2281 4530/5206/2263 4529/5214/2271
f 4542/5226/2281 4543/5227/2282 4531/5204/2261 4530/5206/2263
f 4543/5227/2282 4544/5228/2283 4532/5202/2259 4531/5204/2261
f 4544/5228/2283 4545/5229/2284 4533/5199/2256 4532/5202/2259
f 4545/5229/2284 4546/5230/2285 4534/5200/2257 4533/5199/2256
f 4546/5230/2285 4547/5231/2286 4535/5221/2277 4534/5200/2257
f 4547/5231/2286 4548/5232/2287 4536/5222/2275 4535/5221/2277
f 4548/5233/2287 4549/5234/2288 4537/5216/2273 4536/5218/2275
f 4549/5234/2288 4550/5235/2289 4538/5209/2266 4537/5216/2273
f 4550/5235/2289 4540/5223/2278 4528/5210/2267 4538/5209/2266
f 4090/4722/1851 4089/4720/1849 4554/5236/2290 4595/5237/2291
f 4595/5237/2291 4554/5236/2290 4553/5238/2292 4596/5239/2293
f 4596/5239/2293 4553/5238/2292 4552/5240/2294 4597/5241/2295
f 4597/5241/2295 4552/5240/2294 4551/5197/2254 4598/5220/2276
f 4091/4724/1853 4090/4722/1851 4595/5237/2291 4591/5242/2296
f 4591/5242/2296 4595/5237/2291 4596/5239/2293 4592/5243/2297
f 4592/5243/2297 4596/5239/2293 4597/5241/2295 4593/5244/2298
f 4593/5244/2298 4597/5241/2295 4598/5220/2276 4594/5219/2274
f 4092/4726/1855 4091/4729/1853 4591/5245/2296 4587/5246/2299
f 4587/5246/2299 4591/5245/2296 4592/5247/2297 4588/5248/2300
f 4588/5248/2300 4592/5247/2297 4593/5249/2298 4589/5250/2301
f 4589/5250/2301 4593/5249/2298 4594/5217/2274 4590/5215/2272
f 4084/4710/1839 4083/4706/1835 4582/5251/2302 4583/5252/2303
f 4583/5252/2303 4582/5251/2302 4581/5253/2304 4584/5254/2305
f 4584/5254/2305 4581/5253/2304 4580/5255/2306 4585/5256/2307
f 4585/5256/2307 4580/5255/2306 4579/5211/2268 4586/5213/2270
f 4093/4730/1857 4092/4726/1855 4587/5246/2299 4575/5257/2308
f 4575/5257/2308 4587/5246/2299 4588/5248/2300 4576/5258/2309
f 4576/5258/2309 4588/5248/2300 4589/5250/2301 4577/5259/2310
f 4577/5259/2310 4589/5250/2301 4590/5215/2272 4578/5208/2265
f 4085/4712/1841 4084/4710/1839 4583/5252/2303 4567/5260/2311
f 4567/5260/2311 4583/5252/2303 4584/5254/2305 4568/5261/2312
f 4568/5261/2312 4584/5254/2305 4585/5256/2307 4569/5262/2313
f 4569/5262/2313 4585/5256/2307 4586/5213/2270 4570/5205/2262
f 4083/4706/1835 4094/4709/1838 4574/5263/2314 4582/5251/2302
f 4582/5251/2302 4574/5263/2314 4573/5264/2315 4581/5253/2304
f 4581/5253/2304 4573/5264/2315 4572/5265/2316 4580/5255/2306
f 4580/5255/2306 4572/5265/2316 4571/5207/2264 4579/5211/2268
f 4094/4709/1838 4093/4730/1857 4575/5257/2308 4574/5263/2314
f 4574/5263/2314 4575/5257/2308 4576/5258/2309 4573/5264/2315
f 4573/5264/2315 4576/5258/2309 4577/5259/2310 4572/5265/2316
f 4572/5265/2316 4577/5259/2310 4578/5208/2265 4571/5207/2264
f 4086/4714/1843 4085/4712/1841 4567/5260/2311 4563/5266/2317
f 4563/5266/2317 4567/5260/2311 4568/5261/2312 4564/5267/2318
f 4564/5267/2318 4568/5261/2312 4569/5262/2313 4565/5268/2319
f 4565/5268/2319 4569/5262/2313 4570/5205/2262 4566/5203/2260
f 4087/4716/1845 4086/4714/1843 4563/5266/2317 4559/5269/2320
f 4559/5269/2320 4563/5266/2317 4564/5267/2318 4560/5270/2321
f 4560/5270/2321 4564/5267/2318 4565/5268/2319 4561/5271/2322
f 4561/5271/2322 4565/5268/2319 4566/5203/2260 4562/5201/2258
f 4088/4718/1847 4087/4716/1845 4559/5269/2320 4555/5272/2323
f 4555/5272/2323 4559/5269/2320 4560/5270/2321 4556/5273/2324
f 4556/5273/2324 4560/5270/2321 4561/5271/2322 4557/5274/2325
f 4557/5274/2325 4561/5271/2322 4562/5201/2258 4558/5198/2255
f 4089/4720/1849 4088/4718/1847 4555/5272/2323 4554/5236/2290
f 4554/5236/2290 4555/5272/2323 4556/5273/2324 4553/5238/2292
f 4553/5238/2292 4556/5273/2324 4557/5274/2325 4552/5240/2294
f 4552/5240/2294 4557/5274/2325 4558/5198/2255 4551/5197/2254
f 4599/5275/2326 4611/5276/2327 4622/5277/2328 4610/5278/2329
f 4600/5279/2330 4612/5280/2331 4611/5276/2327 4599/5275/2326
f 4601/5281/2332 4613/5282/2333 4612/5280/2331 4600/5279/2330
f 4602/5283/2334 4614/5284/2335 4613/5285/2333 4601/5286/2332
f 4603/5287/2336 4615/5288/2337 4614/5284/2335 4602/5283/2334
f 4604/5289/2338 4616/5290/2339 4615/5288/2337 4603/5287/2336
f 4605/5291/2340 4617/5292/2341 4616/5290/2339 4604/5289/2338
f 4606/5293/2342 4618/5294/2343 4617/5292/2341 4605/5291/2340
f 4607/5295/2344 4619/5296/2345 4618/5294/2343 4606/5293/2342
f 4608/5297/2346 4620/5298/2347 4619/5296/2345 4607/5295/2344
f 4609/5299/2348 4621/5300/2349 4620/5298/2347 4608/5297/2346
f 4610/5278/2329 4622/5277/2328 4621/5300/2349 4609/5299/2348
f 4611/5276/2327 4623/5301/2350 4634/5302/2351 4622/5277/2328
f 4612/5280/2331 4624/5303/2352 4623/5301/2350 4611/5276/2327
f 4613/5282/2333 4625/5304/2353 4624/5303/2352 4612/5280/2331
f 4614/5284/2335 4626/5305/2354 4625/5306/2353 4613/5285/2333
f 4615/5288/2337 4627/5307/2355 4626/5305/2354 4614/5284/2335
f 4616/5290/2339 4628/5308/2356 4627/5307/2355 4615/5288/2337
f 4617/5292/2341 4629/5309/2357 4628/5308/2356 4616/5290/2339
f 4618/5294/2343 4630/5310/2358 4629/5309/2357 4617/5292/2341
f 4619/5296/2345 4631/5311/2359 4630/5310/2358 4618/5294/2343
f 4620/5298/2347 4632/5312/2360 4631/5311/2359 4619/5296/2345
f 4621/5300/2349 4633/5313/2361 4632/5312/2360 4620/5298/2347
f 4622/5277/2328 4634/5302/2351 4633/5313/2361 4621/5300/2349
f 4623/5301/2350 4635/5314/2362 4646/5315/2363 4634/5302/2351
f 4624/5303/2352 4636/5316/2364 4635/5314/2362 4623/5301/2350
f 4625/5304/2353 4637/5317/2365 4636/5316/2364 4624/5303/2352
f 4626/5305/2354 4638/5318/2366 4637/5319/2365 4625/5306/2353
f 4627/5307/2355 4639/5320/2367 4638/5318/2366 4626/5305/2354
f 4628/5308/2356 4640/5321/2368 4639/5320/2367 4627/5307/2355
f 4629/5309/2357 4641/5322/2369 4640/5321/2368 4628/5308/2356
f 4630/5310/2358 4642/5323/2370 4641/5322/2369 4629/5309/2357
f 4631/5311/2359 4643/5324/2371 4642/5323/2370 4630/5310/2358
f 4632/5312/2360 4644/5325/2372 4643/5324/2371 4631/5311/2359
f 4633/5313/2361 4645/5326/2373 4644/5325/2372 4632/5312/2360
f 4634/5302/2351 4646/5315/2363 4645/5326/2373 4633/5313/2361
f 4635/5314/2362 4647/5327/2374 4658/5328/2375 4646/5315/2363
f 4636/5316/2364 4648/5329/2376 4647/5327/2374 4635/5314/2362
f 4637/5317/2365 4649/5330/2377 4648/5329/2376 4636/5316/2364
f 4638/5318/2366 4650/5331/2378 4649/5332/2377 4637/5319/2365
f 4639/5320/2367 4651/5333/2379 4650/5331/2378 4638/5318/2366
f 4640/5321/2368 4652/5334/2380 4651/5333/2379 4639/5320/2367
f 4641/5322/2369 4653/5335/2381 4652/5334/2380 4640/5321/2368
f 4642/5323/2370 4654/5336/2382 4653/5335/2381 4641/5322/2369
f 4643/5324/2371 4655/5337/2383 4654/5336/2382 4642/5323/2370
f 4644/5325/2372 4656/5338/2384 4655/5337/2383 4643/5324/2371
f 4645/5326/2373 4657/5339/2385 4656/5338/2384 4644/5325/2372
f 4646/5315/2363 4658/5328/2375 4657/5339/2385 4645/5326/2373
f 4647/5327/2374 4659/5340/2386 4670/5341/2387 4658/5328/2375
f 4648/5329/2376 4660/5342/2388 4659/5340/2386 4647/5327/2374
f 4649/5330/2377 4661/5343/2389 4660/5342/2388 4648/5329/2376
f 4650/5331/2378 4662/5344/2390 4661/5345/2389 4649/5332/2377
f 4651/5333/2379 4663/5346/2391 4662/5344/2390 4650/5331/2378
f 4652/5334/2380 4664/5347/2392 4663/5346/2391 4651/5333/2379
f 4653/5335/2381 4665/5348/2393 4664/5347/2392 4652/5334/2380
f 4654/5336/2382 4666/5349/2394 4665/5348/2393 4653/5335/2381
f 4655/5337/2383 4667/5350/2395 4666/5349/2394 4654/5336/2382
f 4656/5338/2384 4668/5351/2396 4667/5350/2395 4655/5337/2383
f 4657/5339/2385 4669/5352/2397 4668/5351/2396 4656/5338/2384
f 4658/5328/2375 4670/5341/2387 4669/5352/2397 4657/5339/2385
f 4659/5340/2386 4671/5353/2398 4682/5354/2399 4670/5341/2387
f 4660/5342/2388 4672/5355/2400 4671/5353/2398 4659/5340/2386
f 4661/5343/2389 4673/5356/2401 4672/5355/2400 4660/5342/2388
f 4662/5344/2390 4674/5357/2402 4673/5358/2401 4661/5345/2389
f 4663/5346/2391 4675/5359/2403 4674/5357/2402 4662/5344/2390
f 4664/5347/2392 4676/5360/2404 4675/5359/2403 4663/5346/2391
f 4665/5348/2393 4677/5361/2405 4676/5360/2404 4664/5347/2392
f 4666/5349/2394 4678/5362/2406 4677/5361/2405 4665/5348/2393
f 4667/5350/2395 4679/5363/2407 4678/5362/2406 4666/5349/2394
f 4668/5351/2396 4680/5364/2408 4679/5363/2407 4667/5350/2395
f 4669/5352/2397 4681/5365/2409 4680/5364/2408 4668/5351/2396
f 4670/5341/2387 4682/5354/2399 4681/5365/2409 4669/5352/2397
f 4671/5353/2398 4683/5366/2410 4694/5367/2411 4682/5354/2399
f 4672/5355/2400 4684/5368/2412 4683/5366/2410 4671/5353/2398
f 4673/5356/2401 4685/5369/2413 4684/5368/2412 4672/5355/2400
f 4674/5357/2402 4686/5370/2414 4685/5371/2413 4673/5358/2401
f 4675/5359/2403 4687/5372/2415 4686/5370/2414 4674/5357/2402
f 4676/5360/2404 4688/5373/2416 4687/5372/2415 4675/5359/2403
f 4677/5361/2405 4689/5374/2417 4688/5373/2416 4676/5360/2404
f 4678/5362/2406 4690/5375/2418 4689/5374/2417 4677/5361/2405
f 4679/5363/2407 4691/5376/2419 4690/5375/2418 4678/5362/2406
f 4680/5364/2408 4692/5377/2420 4691/5376/2419 4679/5363/2407
f 4681/5365/2409 4693/5378/2421 4692/5377/2420 4680/5364/2408
f 4682/5354/2399 4694/5367/2411 4693/5378/2421 4681/5365/2409
f 4683/5366/2410 4695/5379/2422 4706/5380/2423 4694/5367/2411
f 4684/5368/2412 4696/5381/2424 4695/5379/2422 4683/5366/2410
f 4685/5369/2413 4697/5382/2425 4696/5381/2424 4684/5368/2412
f 4686/5370/2414 4698/5383/2426 4697/5384/2425 4685/5371/2413
f 4687/5372/2415 4699/5385/2427 4698/5383/2426 4686/5370/2414
f 4688/5373/2416 4700/5386/2428 4699/5385/2427 4687/5372/2415
f 4689/5374/2417 4701/5387/2429 4700/5386/2428 4688/5373/2416
f 4690/5375/2418 4702/5388/2430 4701/5387/2429 4689/5374/2417
f 4691/5376/2419 4703/5389/2431 4702/5388/2430 4690/5375/2418
f 4692/5377/2420 4704/5390/2432 4703/5389/2431 4691/5376/2419
f 4693/5378/2421 4705/5391/2433 4704/5390/2432 4692/5377/2420
f 4694/5367/2411 4706/5380/2423 4705/5391/2433 4693/5378/2421
f 4695/5379/2422 4707/5392/2434 4718/5393/2435 4706/5380/2423
f 4696/5381/2424 4708/5394/2436 4707/5392/2434 4695/5379/2422
f 4697/5382/2425 4709/5395/2437 4708/5394/2436 4696/5381/2424
f 4698/5383/2426 4710/5396/2438 4709/5397/2437 4697/5384/2425
f 4699/5385/2427 4711/5398/2439 4710/5396/2438 4698/5383/2426
f 4700/5386/2428 4712/5399/2440 4711/5398/2439 4699/5385/2427
f 4701/5387/2429 4713/5400/2441 4712/5399/2440 4700/5386/2428
f 4702/5388/2430 4714/5401/2442 4713/5400/2441 4701/5387/2429
f 4703/5389/2431 4715/5402/2443 4714/5401/2442 4702/5388/2430
f 4704/5390/2432 4716/5403/2444 4715/5402/2443 4703/5389/2431
f 4705/5391/2433 4717/5404/2445 4716/5403/2444 4704/5390/2432
f 4706/5380/2423 4718/5393/2435 4717/5404/2445 4705/5391/2433
f 4707/5392/2434 4719/5405/2446 4730/5406/2447 4718/5393/2435
f 4708/5394/2436 4720/5407/2448 4719/5405/2446 4707/5392/2434
f 4709/5395/2437 4721/5408/2034 4720/5407/2448 4708/5394/2436
f 4710/5396/2438 4722/5409/2449 4721/5410/2034 4709/5397/2437
f 4711/5398/2439 4723/5411/2450 4722/5409/2449 4710/5396/2438
f 4712/5399/2440 4724/5412/2451 4723/5411/2450 4711/5398/2439
f 4713/5400/2441 4725/5413/2452 4724/5412/2451 4712/5399/2440
f 4714/5401/2442 4726/5414/2453 4725/5413/2452 4713/5400/2441
f 4715/5402/2443 4727/5415/2028 4726/5414/2453 4714/5401/2442
f 4716/5403/2444 4728/5416/2454 4727/5415/2028 4715/5402/2443
f 4717/5404/2445 4729/5417/2455 4728/5416/2454 4716/5403/2444
f 4718/5393/2435 4730/5406/2447 4729/5417/2455 4717/5404/2445
f 4719/5405/2446 4731/5418/2456 4742/5419/2457 4730/5406/2447
f 4720/5407/2448 4732/5420/2458 4731/5418/2456 4719/5405/2446
f 4721/5408/2034 4733/5421/2459 4732/5420/2458 4720/5407/2448
f 4722/5409/2449 4734/5422/2460 4733/5423/2459 4721/5410/2034
f 4723/5411/2450 4735/5424/2461 4734/5422/2460 4722/5409/2449
f 4724/5412/2451 4736/5425/2462 4735/5424/2461 4723/5411/2450
f 4725/5413/2452 4737/5426/2463 4736/5425/2462 4724/5412/2451
f 4726/5414/2453 4738/5427/2464 4737/5426/2463 4725/5413/2452
f 4727/5415/2028 4739/5428/2465 4738/5427/2464 4726/5414/2453
f 4728/5416/2454 4740/5429/2466 4739/5428/2465 4727/5415/2028
f 4729/5417/2455 4741/5430/2467 4740/5429/2466 4728/5416/2454
f 4730/5406/2447 4742/5419/2457 4741/5430/2467 4729/5417/2455
f 4731/5418/2456 4743/5431/2468 4754/5432/2469 4742/5419/2457
f 4732/5420/2458 4744/5433/2470 4743/5431/2468 4731/5418/2456
f 4733/5421/2459 4745/5434/2471 4744/5433/2470 4732/5420/2458
f 4734/5422/2460 4746/5435/2472 4745/5436/2471 4733/5423/2459
f 4735/5424/2461 4747/5437/2473 4746/5435/2472 4734/5422/2460
f 4736/5425/2462 4748/5438/2474 4747/5437/2473 4735/5424/2461
f 4737/5426/2463 4749/5439/2475 4748/5438/2474 4736/5425/2462
f 4738/5427/2464 4750/5440/2476 4749/5439/2475 4737/5426/2463
f 4739/5428/2465 4751/5441/2477 4750/5440/2476 4738/5427/2464
f 4740/5429/2466 4752/5442/2478 4751/5441/2477 4739/5428/2465
f 4741/5430/2467 4753/5443/2479 4752/5442/2478 4740/5429/2466
f 4742/5419/2457 4754/5432/2469 4753/5443/2479 4741/5430/2467
f 4743/5431/2468 4755/5444/2480 4766/5445/2481 4754/5432/2469
f 4744/5433/2470 4756/5446/2482 4755/5444/2480 4743/5431/2468
f 4745/5434/2471 4757/5447/2034 4756/5446/2482 4744/5433/2470
f 4746/5435/2472 4758/5448/2483 4757/5449/2034 4745/5436/2471
f 4747/5437/2473 4759/5450/2484 4758/5448/2483 4746/5435/2472
f 4748/5438/2474 4760/5451/2485 4759/5450/2484 4747/5437/2473
f 4749/5439/2475 4761/5452/2486 4760/5451/2485 4748/5438/2474
f 4750/5440/2476 4762/5453/2487 4761/5452/2486 4749/5439/2475
f 4751/5441/2477 4763/5454/2028 4762/5453/2487 4750/5440/2476
f 4752/5442/2478 4764/5455/2488 4763/5454/2028 4751/5441/2477
f 4753/5443/2479 4765/5456/2489 4764/5455/2488 4752/5442/2478
f 4754/5432/2469 4766/5445/2481 4765/5456/2489 4753/5443/2479
f 4755/5444/2480 4767/5457/2490 4778/5458/2491 4766/5445/2481
f 4756/5446/2482 4768/5459/2492 4767/5457/2490 4755/5444/2480
f 4757/5447/2034 4769/5460/2010 4768/5459/2492 4756/5446/2482
f 4758/5448/2483 4770/5461/2493 4769/5462/2010 4757/5449/2034
f 4759/5450/2484 4771/5463/2494 4770/5461/2493 4758/5448/2483
f 4760/5451/2485 4772/5464/2495 4771/5463/2494 4759/5450/2484
f 4761/5452/2486 4773/5465/2496 4772/5464/2495 4760/5451/2485
f 4762/5453/2487 4774/5466/2497 4773/5465/2496 4761/5452/2486
f 4763/5454/2028 4775/5467/2004 4774/5466/2497 4762/5453/2487
f 4764/5455/2488 4776/5468/2498 4775/5467/2004 4763/5454/2028
f 4765/5456/2489 4777/5469/2499 4776/5468/2498 4764/5455/2488
f 4766/5445/2481 4778/5458/2491 4777/5469/2499 4765/5456/2489
f 4767/5457/2490 4779/5470/2500 4790/5471/2501 4778/5458/2491
f 4768/5459/2492 4780/5472/2502 4779/5470/2500 4767/5457/2490
f 4769/5460/2010 4781/5473/2190 4780/5472/2502 4768/5459/2492
f 4770/5461/2493 4782/5474/2503 4781/5475/2190 4769/5462/2010
f 4771/5463/2494 4783/5476/2504 4782/5474/2503 4770/5461/2493
f 4772/5464/2495 4784/5477/2505 4783/5476/2504 4771/5463/2494
f 4773/5465/2496 4785/5478/2506 4784/5477/2505 4772/5464/2495
f 4774/5466/2497 4786/5479/2507 4785/5478/2506 4773/5465/2496
f 4775/5467/2004 4787/5480/2184 4786/5479/2507 4774/5466/2497
f 4776/5468/2498 4788/5481/2508 4787/5480/2184 4775/5467/2004
f 4777/5469/2499 4789/5482/2509 4788/5481/2508 4776/5468/2498
f 4778/5458/2491 4790/5471/2501 4789/5482/2509 4777/5469/2499
f 4779/5470/2500 4791/5483/2510 4802/5484/2511 4790/5471/2501
f 4780/5472/2502 4792/5485/2512 4791/5483/2510 4779/5470/2500
f 4781/5473/2190 4793/5486/1964 4792/5485/2512 4780/5472/2502
f 4782/5474/2503 4794/5487/2513 4793/5488/1964 4781/5475/2190
f 4783/5476/2504 4795/5489/2514 4794/5487/2513 4782/5474/2503
f 4784/5477/2505 4796/5490/2515 4795/5489/2514 4783/5476/2504
f 4785/5478/2506 4797/5491/2516 4796/5490/2515 4784/5477/2505
f 4786/5479/2507 4798/5492/2517 4797/5491/2516 4785/5478/2506
f 4787/5480/2184 4799/5493/1958 4798/5492/2517 4786/5479/2507
f 4788/5481/2508 4800/5494/2518 4799/5493/1958 4787/5480/2184
f 4789/5482/2509 4801/5495/2519 4800/5494/2518 4788/5481/2508
f 4790/5471/2501 4802/5484/2511 4801/5495/2519 4789/5482/2509
f 4791/5483/2510 4803/5496/2520 4814/5497/2521 4802/5484/2511
f 4792/5485/2512 4804/5498/2522 4803/5496/2520 4791/5483/2510
f 4793/5486/1964 4805/5499/2523 4804/5498/2522 4792/5485/2512
f 4794/5487/2513 4806/5500/2524 4805/5501/2523 4793/5488/1964
f 4795/5489/2514 4807/5502/2525 4806/5500/2524 4794/5487/2513
f 4796/5490/2515 4808/5503/2526 4807/5502/2525 4795/5489/2514
f 4797/5491/2516 4809/5504/2527 4808/5503/2526 4796/5490/2515
f 4798/5492/2517 4810/5505/2528 4809/5504/2527 4797/5491/2516
f 4799/5493/1958 4811/5506/2529 4810/5505/2528 4798/5492/2517
f 4800/5494/2518 4812/5507/2530 4811/5506/2529 4799/5493/1958
f 4801/5495/2519 4813/5508/2531 4812/5507/2530 4800/5494/2518
f 4802/5484/2511 4814/5497/2521 4813/5508/2531 4801/5495/2519
f 4803/5496/2520 4815/5509/2532 4826/5510/2533 4814/5497/2521
f 4804/5498/2522 4816/5511/2534 4815/5509/2532 4803/5496/2520
f 4805/5499/2523 4817/5512/2535 4816/5511/2534 4804/5498/2522
f 4806/5500/2524 4818/5513/2536 4817/5514/2535 4805/5501/2523
f 4807/5502/2525 4819/5515/2537 4818/5513/2536 4806/5500/2524
f 4808/5503/2526 4820/5516/2538 4819/5515/2537 4807/5502/2525
f 4809/5504/2527 4821/5517/2539 4820/5516/2538 4808/5503/2526
f 4810/5505/2528 4822/5518/2540 4821/5517/2539 4809/5504/2527
f 4811/5506/2529 4823/5519/2541 4822/5518/2540 4810/5505/2528
f 4812/5507/2530 4824/5520/2542 4823/5519/2541 4811/5506/2529
f 4813/5508/2531 4825/5521/2543 4824/5520/2542 4812/5507/2530
f 4814/5497/2521 4826/5510/2533 4825/5521/2543 4813/5508/2531
f 4815/5509/2532 4827/5522/2544 4838/5523/2545 4826/5510/2533
f 4816/5511/2534 4828/5524/2546 4827/5522/2544 4815/5509/2532
f 4817/5512/2535 4829/5525/2547 4828/5524/2546 4816/5511/2534
f 4818/5513/2536 4830/5526/2548 4829/5527/2547 4817/5514/2535
f 4819/5515/2537 4831/5528/2549 4830/5526/2548 4818/5513/2536
f 4820/5516/2538 4832/5529/2550 4831/5528/2549 4819/5515/2537
f 4821/5517/2539 4833/5530/2551 4832/5529/2550 4820/5516/2538
f 4822/5518/2540 4834/5531/2552 4833/5530/2551 4821/5517/2539
f 4823/5519/2541 4835/5532/2553 4834/5531/2552 4822/5518/2540
f 4824/5520/2542 4836/5533/2554 4835/5532/2553 4823/5519/2541
f 4825/5521/2543 4837/5534/2555 4836/5533/2554 4824/5520/2542
f 4826/5510/2533 4838/5523/2545 4837/5534/2555 4825/5521/2543
f 4827/5522/2544 4839/5535/2556 4850/5536/2557 4838/5523/2545
f 4828/5524/2546 4840/5537/2558 4839/5535/2556 4827/5522/2544
f 4829/5525/2547 4841/5538/2559 4840/5537/2558 4828/5524/2546
f 4830/5526/2548 4842/5539/2560 4841/5540/2559 4829/5527/2547
f 4831/5528/2549 4843/5541/2561 4842/5539/2560 4830/5526/2548
f 4832/5529/2550 4844/5542/2562 4843/5541/2561 4831/5528/2549
f 4833/5530/2551 4845/5543/2563 4844/5542/2562 4832/5529/2550
f 4834/5531/2552 4846/5544/2564 4845/5543/2563 4833/5530/2551
f 4835/5532/2553 4847/5545/2565 4846/5544/2564 4834/5531/2552
f 4836/5533/2554 4848/5546/2566 4847/5545/2565 4835/5532/2553
f 4837/5534/2555 4849/5547/2567 4848/5546/2566 4836/5533/2554
f 4838/5523/2545 4850/5536/2557 4849/5547/2567 4837/5534/2555
f 4839/5535/2556 4851/5548/2568 4862/5549/2569 4850/5536/2557
f 4840/5537/2558 4852/5550/2570 4851/5548/2568 4839/5535/2556
f 4841/5538/2559 4853/5551/2571 4852/5550/2570 4840/5537/2558
f 4842/5539/2560 4854/5552/2572 4853/5553/2571 4841/5540/2559
f 4843/5541/2561 4855/5554/2573 4854/5552/2572 4842/5539/2560
f 4844/5542/2562 4856/5555/2574 4855/5554/2573 4843/5541/2561
f 4845/5543/2563 4857/5556/2575 4856/5555/2574 4844/5542/2562
f 4846/5544/2564 4858/5557/2576 4857/5556/2575 4845/5543/2563
f 4847/5545/2565 4859/5558/2577 4858/5557/2576 4846/5544/2564
f 4848/5546/2566 4860/5559/2578 4859/5558/2577 4847/5545/2565
f 4849/5547/2567 4861/5560/2579 4860/5559/2578 4848/5546/2566
f 4850/5536/2557 4862/5549/2569 4861/5560/2579 4849/5547/2567
f 4851/5548/2568 4863/5561/2580 4874/5562/2581 4862/5549/2569
f 4852/5550/2570 4864/5563/2582 4863/5561/2580 4851/5548/2568
f 4853/5551/2571 4865/5564/2583 4864/5563/2582 4852/5550/2570
f 4854/5552/2572 4866/5565/2584 4865/5566/2583 4853/5553/2571
f 4855/5554/2573 4867/5567/2585 4866/5565/2584 4854/5552/2572
f 4856/5555/2574 4868/5568/2586 4867/5567/2585 4855/5554/2573
f 4857/5556/2575 4869/5569/2587 4868/5568/2586 4856/5555/2574
f 4858/5557/2576 4870/5570/2588 4869/5569/2587 4857/5556/2575
f 4859/5558/2577 4871/5571/2589 4870/5570/2588 4858/5557/2576
f 4860/5559/2578 4872/5572/2590 4871/5571/2589 4859/5558/2577
f 4861/5560/2579 4873/5573/2591 4872/5572/2590 4860/5559/2578
f 4862/5549/2569 4874/5562/2581 4873/5573/2591 4861/5560/2579
f 4875/5574/2592 4887/5575/2593 4898/5576/2594 4886/5577/2595
f 4876/5578/2596 4888/5579/2597 4887/5575/2593 4875/5574/2592
f 4877/5580/2598 4889/5581/2599 4888/5579/2597 4876/5578/2596
f 4878/5582/2600 4890/5583/2601 4889/5584/2599 4877/5585/2598
f 4879/5586/2602 4891/5587/2603 4890/5583/2601 4878/5582/2600
f 4880/5588/2604 4892/5589/2605 4891/5587/2603 4879/5586/2602
f 4881/5590/2606 4893/5591/2607 4892/5589/2605 4880/5588/2604
f 4882/5592/2608 4894/5593/2609 4893/5591/2607 4881/5590/2606
f 4883/5594/2610 4895/5595/2611 4894/5593/2609 4882/5592/2608
f 4884/5596/2612 4896/5597/2613 4895/5595/2611 4883/5594/2610
f 4885/5598/2614 4897/5599/2615 4896/5597/2613 4884/5596/2612
f 4886/5577/2595 4898/5576/2594 4897/5599/2615 4885/5598/2614
f 4887/5575/2593 4899/5600/2616 4910/5601/2617 4898/5576/2594
f 4888/5579/2597 4900/5602/2618 4899/5600/2616 4887/5575/2593
f 4889/5581/2599 4901/5603/2619 4900/5602/2618 4888/5579/2597
f 4890/5583/2601 4902/5604/2620 4901/5605/2619 4889/5584/2599
f 4891/5587/2603 4903/5606/2621 4902/5604/2620 4890/5583/2601
f 4892/5589/2605 4904/5607/2622 4903/5606/2621 4891/5587/2603
f 4893/5591/2607 4905/5608/2623 4904/5607/2622 4892/5589/2605
f 4894/5593/2609 4906/5609/2624 4905/5608/2623 4893/5591/2607
f 4895/5595/2611 4907/5610/2625 4906/5609/2624 4894/5593/2609
f 4896/5597/2613 4908/5611/2626 4907/5610/2625 4895/5595/2611
f 4897/5599/2615 4909/5612/2627 4908/5611/2626 4896/5597/2613
f 4898/5576/2594 4910/5601/2617 4909/5612/2627 4897/5599/2615
f 4899/5600/2616 4911/5613/2628 4922/5614/2629 4910/5601/2617
f 4900/5602/2618 4912/5615/2630 4911/5613/2628 4899/5600/2616
f 4901/5603/2619 4913/5616/2631 4912/5615/2630 4900/5602/2618
f 4902/5604/2620 4914/5617/2632 4913/5618/2631 4901/5605/2619
f 4903/5606/2621 4915/5619/2633 4914/5617/2632 4902/5604/2620
f 4904/5607/2622 4916/5620/2634 4915/5619/2633 4903/5606/2621
f 4905/5608/2623 4917/5621/2635 4916/5620/2634 4904/5607/2622
f 4906/5609/2624 4918/5622/2636 4917/5621/2635 4905/5608/2623
f 4907/5610/2625 4919/5623/2637 4918/5622/2636 4906/5609/2624
f 4908/5611/2626 4920/5624/2638 4919/5623/2637 4907/5610/2625
f 4909/5612/2627 4921/5625/2639 4920/5624/2638 4908/5611/2626
f 4910/5601/2617 4922/5614/2629 4921/5625/2639 4909/5612/2627
f 4911/5613/2628 4923/5626/2640 4934/5627/2641 4922/5614/2629
f 4912/5615/2630 4924/5628/2642 4923/5626/2640 4911/5613/2628
f 4913/5616/2631 4925/5629/2643 4924/5628/2642 4912/5615/2630
f 4914/5617/2632 4926/5630/2644 4925/5631/2643 4913/5618/2631
f 4915/5619/2633 4927/5632/2645 4926/5630/2644 4914/5617/2632
f 4916/5620/2634 4928/5633/2646 4927/5632/2645 4915/5619/2633
f 4917/5621/2635 4929/5634/2647 4928/5633/2646 4916/5620/2634
f 4918/5622/2636 4930/5635/2648 4929/5634/2647 4917/5621/2635
f 4919/5623/2637 4931/5636/2649 4930/5635/2648 4918/5622/2636
f 4920/5624/2638 4932/5637/2650 4931/5636/2649 4919/5623/2637
f 4921/5625/2639 4933/5638/2651 4932/5637/2650 4920/5624/2638
f 4922/5614/2629 4934/5627/2641 4933/5638/2651 4921/5625/2639
f 4923/5626/2640 4935/5639/2652 4946/5640/2653 4934/5627/2641
f 4924/5628/2642 4936/5641/2654 4935/5639/2652 4923/5626/2640
f 4925/5629/2643 4937/5642/2655 4936/5641/2654 4924/5628/2642
f 4926/5630/2644 4938/5643/2656 4937/5644/2655 4925/5631/2643
f 4927/5632/2645 4939/5645/2657 4938/5643/2656 4926/5630/2644
f 4928/5633/2646 4940/5646/2658 4939/5645/2657 4927/5632/2645
f 4929/5634/2647 4941/5647/2659 4940/5646/2658 4928/5633/2646
f 4930/5635/2648 4942/5648/2660 4941/5647/2659 4929/5634/2647
f 4931/5636/2649 4943/5649/2661 4942/5648/2660 4930/5635/2648
f 4932/5637/2650 4944/5650/2662 4943/5649/2661 4931/5636/2649
f 4933/5638/2651 4945/5651/2663 4944/5650/2662 4932/5637/2650
f 4934/5627/2641 4946/5640/2653 4945/5651/2663 4933/5638/2651
f 4935/5639/2652 4947/5652/2664 4958/5653/2665 4946/5640/2653
f 4936/5641/2654 4948/5654/2666 4947/5652/2664 4935/5639/2652
f 4937/5642/2655 4949/5655/2022 4948/5654/2666 4936/5641/2654
f 4938/5643/2656 4950/5656/2667 4949/5657/2022 4937/5644/2655
f 4939/5645/2657 4951/5658/2668 4950/5656/2667 4938/5643/2656
f 4940/5646/2658 4952/5659/2669 4951/5658/2668 4939/5645/2657
f 4941/5647/2659 4953/5660/2670 4952/5659/2669 4940/5646/2658
f 4942/5648/2660 4954/5661/2671 4953/5660/2670 4941/5647/2659
f 4943/5649/2661 4955/5662/2016 4954/5661/2671 4942/5648/2660
f 4944/5650/2662 4956/5663/2672 4955/5662/2016 4943/5649/2661
f 4945/5651/2663 4957/5664/2673 4956/5663/2672 4944/5650/2662
f 4946/5640/2653 4958/5653/2665 4957/5664/2673 4945/5651/2663
f 4953/5660/2670 4954/5661/2671 5023/5665/2674 5024/5666/2675
f 4951/5658/2668 4952/5659/2669 5025/5667/2676 5026/5668/2677
f 4956/5663/2672 4957/5664/2673 5019/5669/2678 5021/5670/2679
f 4949/5657/2022 4950/5656/2667 5027/5671/2680 5028/5672/2681
f 4954/5661/2671 4955/5662/2016 5022/5673/2682 5023/5665/2674
f 4958/5653/2665 4947/5652/2664 5030/5674/2683 5020/5675/2684
f 4947/5652/2664 4948/5654/2666 5029/5676/2685 5030/5674/2683
f 4952/5659/2669 4953/5660/2670 5024/5666/2675 5025/5667/2676
f 4950/5656/2667 4951/5658/2668 5026/5668/2677 5027/5671/2680
f 4955/5662/2016 4956/5663/2672 5021/5670/2679 5022/5673/2682
f 4948/5654/2666 4949/5655/2022 5028/5677/2681 5029/5676/2685
f 4957/5664/2673 4958/5653/2665 5020/5675/2684 5019/5669/2678
f 4972/5678/2686 5015/5679/2687 5017/5680/2688 4974/5681/2689
f 4974/5681/2689 5017/5680/2688 5018/5682/2690 4973/5683/2691
f 4973/5683/2691 5018/5682/2690 5016/5684/2692 4971/5685/2693
f 4971/5685/2693 4975/5686/2694 4977/5687/2695 4973/5683/2691
f 4973/5683/2691 4977/5687/2695 4978/5688/2696 4974/5681/2689
f 4974/5681/2689 4978/5688/2696 4976/5689/2697 4972/5678/2686
f 4975/5686/2694 4979/5690/2698 4981/5691/2699 4977/5687/2695
f 4977/5687/2695 4981/5691/2699 4982/5692/2700 4978/5688/2696
f 4978/5688/2696 4982/5692/2700 4980/5693/2701 4976/5689/2697
f 4979/5694/2698 4983/5695/2702 4985/5696/2703 4981/5697/2699
f 4981/5697/2699 4985/5696/2703 4986/5698/2704 4982/5699/2700
f 4982/5699/2700 4986/5698/2704 4984/5700/2705 4980/5701/2701
f 4983/5695/2702 4987/5702/2706 4989/5703/2707 4985/5696/2703
f 4985/5696/2703 4989/5703/2707 4990/5704/2708 4986/5698/2704
f 4986/5698/2704 4990/5704/2708 4988/5705/2709 4984/5700/2705
f 4987/5702/2706 4991/5706/2710 4993/5707/2711 4989/5703/2707
f 4989/5703/2707 4993/5707/2711 4994/5708/2712 4990/5704/2708
f 4990/5704/2708 4994/5708/2712 4992/5709/2713 4988/5705/2709
f 4991/5706/2710 4995/5710/2714 4997/5711/2715 4993/5707/2711
f 4993/5707/2711 4997/5711/2715 4998/5712/2716 4994/5708/2712
f 4994/5708/2712 4998/5712/2716 4996/5713/2717 4992/5709/2713
f 4995/5710/2714 4999/5714/2718 5001/5715/2719 4997/5711/2715
f 4997/5711/2715 5001/5715/2719 5002/5716/2720 4998/5712/2716
f 4998/5712/2716 5002/5716/2720 5000/5717/2721 4996/5713/2717
f 4999/5714/2718 5003/5718/2722 5005/5719/2723 5001/5715/2719
f 5001/5715/2719 5005/5719/2723 5006/5720/2724 5002/5716/2720
f 5002/5716/2720 5006/5720/2724 5004/5721/2725 5000/5717/2721
f 5003/5718/2722 5007/5722/2726 5009/5723/2727 5005/5719/2723
f 5005/5719/2723 5009/5723/2727 5010/5724/2728 5006/5720/2724
f 5006/5720/2724 5010/5724/2728 5008/5725/2729 5004/5721/2725
f 5007/5722/2726 5011/5726/2730 5013/5727/2731 5009/5723/2727
f 5009/5723/2727 5013/5727/2731 5014/5728/2732 5010/5724/2728
f 5010/5724/2728 5014/5728/2732 5012/5729/2733 5008/5725/2729
f 5011/5726/2730 5016/5684/2692 5018/5682/2690 5013/5727/2731
f 5013/5727/2731 5018/5682/2690 5017/5680/2688 5014/5728/2732
f 5014/5728/2732 5017/5680/2688 5015/5679/2687 5012/5729/2733
f 4864/5563/2582 4975/5686/2694 4971/5685/2693 4863/5561/2580
f 4863/5561/2580 4971/5685/2693 5016/5684/2692 4874/5562/2581
f 4976/5689/2697 4876/5578/2596 4875/5574/2592 4972/5678/2686
f 4972/5678/2686 4875/5574/2592 4886/5577/2595 5015/5679/2687
f 4865/5564/2583 4979/5690/2698 4975/5686/2694 4864/5563/2582
f 4980/5693/2701 4877/5580/2598 4876/5578/2596 4976/5689/2697
f 4866/5565/2584 4983/5695/2702 4979/5694/2698 4865/5566/2583
f 4984/5700/2705 4878/5582/2600 4877/5585/2598 4980/5701/2701
f 4867/5567/2585 4987/5702/2706 4983/5695/2702 4866/5565/2584
f 4988/5705/2709 4879/5586/2602 4878/5582/2600 4984/5700/2705
f 4868/5568/2586 4991/5706/2710 4987/5702/2706 4867/5567/2585
f 4992/5709/2713 4880/5588/2604 4879/5586/2602 4988/5705/2709
f 4869/5569/2587 4995/5710/2714 4991/5706/2710 4868/5568/2586
f 4996/5713/2717 4881/5590/2606 4880/5588/2604 4992/5709/2713
f 4870/5570/2588 4999/5714/2718 4995/5710/2714 4869/5569/2587
f 5000/5717/2721 4882/5592/2608 4881/5590/2606 4996/5713/2717
f 4871/5571/2589 5003/5718/2722 4999/5714/2718 4870/5570/2588
f 5004/5721/2725 4883/5594/2610 4882/5592/2608 5000/5717/2721
f 4872/5572/2590 5007/5722/2726 5003/5718/2722 4871/5571/2589
f 5008/5725/2729 4884/5596/2612 4883/5594/2610 5004/5721/2725
f 4873/5573/2591 5011/5726/2730 5007/5722/2726 4872/5572/2590
f 5012/5729/2733 4885/5598/2614 4884/5596/2612 5008/5725/2729
f 4874/5562/2581 5016/5684/2692 5011/5726/2730 4873/5573/2591
f 5015/5679/2687 4886/5577/2595 4885/5598/2614 5012/5729/2733
f 4960/5730/2734 4959/5731/2734 4970/5732/2734 4969/5733/2734 4968/5734/2734 4967/5735/2734 4966/5736/2734 4965/5737/2734 4964/5738/2734 4963/5739/2734 4962/5740/2734 4961/5741/2734
f 5032/5742/2734 5031/5743/2734 5019/5744/2678 5020/5745/2684
f 5031/5743/2734 5033/5746/2734 5021/5747/2679 5019/5744/2678
f 5033/5746/2734 5034/5748/2734 5022/5749/2682 5021/5747/2679
f 5034/5748/2734 5035/5750/2734 5023/5751/2674 5022/5749/2682
f 5035/5750/2734 5036/5752/2734 5024/5753/2675 5023/5751/2674
f 5036/5752/2734 5037/5754/2734 5025/5755/2676 5024/5753/2675
f 5037/5754/2734 5038/5756/2734 5026/5757/2677 5025/5755/2676
f 5038/5756/2734 5039/5758/2734 5027/5759/2680 5026/5757/2677
f 5039/5758/2734 5040/5760/2734 5028/5761/2681 5027/5759/2680
f 5040/5760/2734 5041/5762/2734 5029/5763/2685 5028/5761/2681
f 5041/5762/2734 5042/5764/2734 5030/5765/2683 5029/5763/2685
f 5042/5764/2734 5032/5742/2734 5020/5745/2684 5030/5765/2683
f 4959/5731/2734 4960/5730/2734 5031/5743/2734 5032/5742/2734
f 4960/5730/2734 4961/5741/2734 5033/5746/2734 5031/5743/2734
f 4961/5741/2734 4962/5740/2734 5034/5748/2734 5033/5746/2734
f 4962/5740/2734 4963/5739/2734 5035/5750/2734 5034/5748/2734
f 4963/5739/2734 4964/5738/2734 5036/5752/2734 5035/5750/2734
f 4964/5738/2734 4965/5737/2734 5037/5754/2734 5036/5752/2734
f 4965/5737/2734 4966/5736/2734 5038/5756/2734 5037/5754/2734
f 4966/5736/2734 4967/5735/2734 5039/5758/2734 5038/5756/2734
f 4967/5735/2734 4968/5734/2734 5040/5760/2734 5039/5758/2734
f 4968/5734/2734 4969/5733/2734 5041/5762/2734 5040/5760/2734
f 4969/5733/2734 4970/5732/2734 5042/5764/2734 5041/5762/2734
f 4970/5732/2734 4959/5731/2734 5032/5742/2734 5042/5764/2734
f 5067/5766/2735 5074/5767/2736 5049/5768/2737 5050/5769/2738
f 5074/5767/2736 5078/5770/2739 5048/5771/2740 5049/5768/2737
f 5078/5770/2739 5082/5772/2741 5047/5773/2742 5048/5771/2740
f 5082/5772/2741 5086/5774/2743 5046/5775/2744 5047/5773/2742
f 5087/5776/2745 5094/5777/2746 5054/5778/2747 5044/5779/2748
f 5095/5780/2749 5087/5776/2745 5044/5779/2748 5043/5781/2750
f 5086/5782/2743 5102/5783/2751 5045/5784/2752 5046/5785/2744
f 5094/5777/2746 5106/5786/2753 5053/5787/2754 5054/5778/2747
f 5102/5783/2751 5095/5780/2749 5043/5781/2750 5045/5784/2752
f 5106/5786/2753 5110/5788/2755 5052/5789/2756 5053/5787/2754
f 5110/5788/2755 5114/5790/2757 5051/5791/2758 5052/5789/2756
f 5114/5790/2757 5067/5766/2735 5050/5769/2738 5051/5791/2758
f 5056/5792/2759 5055/5793/2760 5043/5781/2750 5044/5779/2748
f 5055/5793/2760 5057/5794/2761 5045/5784/2752 5043/5781/2750
f 5057/5794/2761 5058/5795/2762 5046/5785/2744 5045/5784/2752
f 5058/5796/2762 5059/5797/2763 5047/5773/2742 5046/5775/2744
f 5059/5797/2763 5060/5798/2764 5048/5771/2740 5047/5773/2742
f 5060/5798/2764 5061/5799/2765 5049/5768/2737 5048/5771/2740
f 5061/5799/2765 5062/5800/2766 5050/5769/2738 5049/5768/2737
f 5062/5800/2766 5063/5801/2767 5051/5791/2758 5050/5769/2738
f 5063/5801/2767 5064/5802/2768 5052/5789/2756 5051/5791/2758
f 5064/5802/2768 5065/5803/2769 5053/5787/2754 5052/5789/2756
f 5065/5803/2769 5066/5804/2770 5054/5778/2747 5053/5787/2754
f 5066/5804/2770 5056/5792/2759 5044/5779/2748 5054/5778/2747
f 4606/5293/2342 4605/5291/2340 5070/5805/2771 5111/5806/2772
f 5111/5806/2772 5070/5805/2771 5069/5807/2773 5112/5808/2774
f 5112/5808/2774 5069/5807/2773 5068/5809/2775 5113/5810/2776
f 5113/5810/2776 5068/5809/2775 5067/5766/2735 5114/5790/2757
f 4607/5295/2344 4606/5293/2342 5111/5806/2772 5107/5811/2777
f 5107/5811/2777 5111/5806/2772 5112/5808/2774 5108/5812/2778
f 5108/5812/2778 5112/5808/2774 5113/5810/2776 5109/5813/2779
f 5109/5813/2779 5113/5810/2776 5114/5790/2757 5110/5788/2755
f 4608/5297/2346 4607/5295/2344 5107/5811/2777 5103/5814/2780
f 5103/5814/2780 5107/5811/2777 5108/5812/2778 5104/5815/2781
f 5104/5815/2781 5108/5812/2778 5109/5813/2779 5105/5816/2782
f 5105/5816/2782 5109/5813/2779 5110/5788/2755 5106/5786/2753
f 4600/5279/2330 4599/5275/2326 5098/5817/2783 5099/5818/2784
f 5099/5818/2784 5098/5817/2783 5097/5819/2785 5100/5820/2786
f 5100/5820/2786 5097/5819/2785 5096/5821/2787 5101/5822/2788
f 5101/5822/2788 5096/5821/2787 5095/5780/2749 5102/5783/2751
f 4609/5299/2348 4608/5297/2346 5103/5814/2780 5091/5823/2789
f 5091/5823/2789 5103/5814/2780 5104/5815/2781 5092/5824/2790
f 5092/5824/2790 5104/5815/2781 5105/5816/2782 5093/5825/2791
f 5093/5825/2791 5105/5816/2782 5106/5786/2753 5094/5777/2746
f 4601/5281/2332 4600/5279/2330 5099/5818/2784 5083/5826/2792
f 5083/5826/2792 5099/5818/2784 5100/5820/2786 5084/5827/2793
f 5084/5827/2793 5100/5820/2786 5101/5822/2788 5085/5828/2794
f 5085/5828/2794 5101/5822/2788 5102/5783/2751 5086/5782/2743
f 4599/5275/2326 4610/5278/2329 5090/5829/2795 5098/5817/2783
f 5098/5817/2783 5090/5829/2795 5089/5830/2795 5097/5819/2785
f 5097/5819/2785 5089/5830/2795 5088/5831/2796 5096/5821/2787
f 5096/5821/2787 5088/5831/2796 5087/5776/2745 5095/5780/2749
f 4610/5278/2329 4609/5299/2348 5091/5823/2789 5090/5829/2795
f 5090/5829/2795 5091/5823/2789 5092/5824/2790 5089/5830/2795
f 5089/5830/2795 5092/5824/2790 5093/5825/2791 5088/5831/2796
f 5088/5831/2796 5093/5825/2791 5094/5777/2746 5087/5776/2745
f 4602/5283/2334 4601/5286/2332 5083/5832/2792 5079/5833/2797
f 5079/5833/2797 5083/5832/2792 5084/5834/2793 5080/5835/2798
f 5080/5835/2798 5084/5834/2793 5085/5836/2794 5081/5837/2799
f 5081/5837/2799 5085/5836/2794 5086/5774/2743 5082/5772/2741
f 4603/5287/2336 4602/5283/2334 5079/5833/2797 5075/5838/2800
f 5075/5838/2800 5079/5833/2797 5080/5835/2798 5076/5839/2801
f 5076/5839/2801 5080/5835/2798 5081/5837/2799 5077/5840/2802
f 5077/5840/2802 5081/5837/2799 5082/5772/2741 5078/5770/2739
f 4604/5289/2338 4603/5287/2336 5075/5838/2800 5071/5841/2803
f 5071/5841/2803 5075/5838/2800 5076/5839/2801 5072/5842/2804
f 5072/5842/2804 5076/5839/2801 5077/5840/2802 5073/5843/2805
f 5073/5843/2805 5077/5840/2802 5078/5770/2739 5074/5767/2736
f 4605/5291/2340 4604/5289/2338 5071/5841/2803 5070/5805/2771
f 5070/5805/2771 5071/5841/2803 5072/5842/2804 5069/5807/2773
f 5069/5807/2773 5072/5842/2804 5073/5843/2805 5068/5809/2775
f 5068/5809/2775 5073/5843/2805 5074/5767/2736 5067/5766/2735
f 5115/5844/2806 5118/5845/2807 4541/5225/2280 4539/5224/2279
f 5118/5845/2807 5120/5846/2808 4542/5226/2281 4541/5225/2280
f 5120/5846/2808 5122/5847/2809 4543/5227/2282 4542/5226/2281
f 5122/5847/2809 5124/5848/2810 4544/5228/2283 4543/5227/2282
f 5124/5848/2810 5126/5849/1828 4545/5229/2284 4544/5228/2283
f 5126/5849/1828 5128/5850/2811 4546/5230/2285 4545/5229/2284
f 5128/5850/2811 5130/5851/2812 4547/5231/2286 4546/5230/2285
f 5130/5851/2812 5132/5852/2813 4548/5232/2287 4547/5231/2286
f 5132/5853/2813 5134/5854/2814 4549/5234/2288 4548/5233/2287
f 5134/5854/2814 5136/5855/2815 4550/5235/2289 4549/5234/2288
f 5136/5855/2815 5138/5856/1834 4540/5223/2278 4550/5235/2289
f 5138/5856/1834 5115/5844/2806 4539/5224/2279 4540/5223/2278
f 5056/5792/2759 5066/5804/2770 5116/5857/2806 5137/5858/1834
f 5137/5858/1834 5116/5857/2806 5115/5844/2806 5138/5856/1834
f 5055/5793/2760 5056/5792/2759 5137/5858/1834 5135/5859/2815
f 5135/5859/2815 5137/5858/1834 5138/5856/1834 5136/5855/2815
f 5057/5794/2761 5055/5793/2760 5135/5859/2815 5133/5860/2814
f 5133/5860/2814 5135/5859/2815 5136/5855/2815 5134/5854/2814
f 5058/5795/2762 5057/5794/2761 5133/5860/2814 5131/5861/2813
f 5131/5861/2813 5133/5860/2814 5134/5854/2814 5132/5853/2813
f 5059/5797/2763 5058/5796/2762 5131/5862/2813 5129/5863/2812
f 5129/5863/2812 5131/5862/2813 5132/5852/2813 5130/5851/2812
f 5060/5798/2764 5059/5797/2763 5129/5863/2812 5127/5864/2811
f 5127/5864/2811 5129/5863/2812 5130/5851/2812 5128/5850/2811
f 5061/5799/2765 5060/5798/2764 5127/5864/2811 5125/5865/1828
f 5125/5865/1828 5127/5864/2811 5128/5850/2811 5126/5849/1828
f 5062/5800/2766 5061/5799/2765 5125/5865/1828 5123/5866/2810
f 5123/5866/2810 5125/5865/1828 5126/5849/1828 5124/5848/2810
f 5063/5801/2767 5062/5800/2766 5123/5866/2810 5121/5867/2809
f 5121/5867/2809 5123/5866/2810 5124/5848/2810 5122/5847/2809
f 5064/5802/2768 5063/5801/2767 5121/5867/2809 5119/5868/2808
f 5119/5868/2808 5121/5867/2809 5122/5847/2809 5120/5846/2808
f 5065/5803/2769 5064/5802/2768 5119/5868/2808 5117/5869/2807
f 5117/5869/2807 5119/5868/2808 5120/5846/2808 5118/5845/2807
f 5066/5804/2770 5065/5803/2769 5117/5869/2807 5116/5857/2806
f 5116/5857/2806 5117/5869/2807 5118/5845/2807 5115/5844/2806
